day_ahead_price_usd_mwh,load_forecast_mw,hour_of_day,day_of_week,is_weekend,day_ahead_price_lag_1d,day_ahead_price_lag_1d_rolling_mean_24h,timestamp_local,timestamp_utc,target_timestamp,location_id,location,source_time_zone,load_location,load_location_id,weather_station,market,pricing_location,load_data_type,forecast_available_at,prediction_cutoff,hours_before_cutoff,source_archive,source_file,availability_basis,availability_is_proxy,forecast_horizon_hours,day_ahead_price_available_at,target_day_price_available_by_cutoff,previous_day_same_hour_source_timestamp,previous_day_same_hour_price_value,previous_day_same_hour_price_available_at,previous_day_same_hour_price_is_available,loss_component_usd_mwh,congestion_component_usd_mwh,energy_component_usd_mwh,actual_load_mw,observed_at,REPORT_TYPE,temperature_c,dew_point_c,relative_humidity_pct,wind_speed_mps,weather_quality_flagged,weather_value_rejected,weather_missing,weather_imputed
33.16,930,0,2,False,,,2025-01-01 00:00:00-05:00,2025-01-01 05:00:00+00:00,2025-01-01 00:00:00-05:00,61758,HUD VL,EST,HUD VL,61758,USW00014714,NYISO,HUD VL,actual_integrated,2024-12-30 07:40:04-05:00,2024-12-31 05:00:00-05:00,21.33222222222222,20241201isolf_csv.zip,20241231isolf.csv,zip_entry_last_modified,True,40.33222222222222,2025-01-01 00:00:00-05:00,False,2024-12-31 00:00:00-05:00,,,False,1.31,0.0,31.85,958.0416,2025-01-01 00:45:00,FM-15,5.0,5.0,100.0,3.1,False,False,False,False
32.07,889,1,2,False,,,2025-01-01 01:00:00-05:00,2025-01-01 06:00:00+00:00,2025-01-01 01:00:00-05:00,61758,HUD VL,EST,HUD VL,61758,USW00014714,NYISO,HUD VL,actual_integrated,2024-12-30 07:40:04-05:00,2024-12-31 05:00:00-05:00,21.33222222222222,20241201isolf_csv.zip,20241231isolf.csv,zip_entry_last_modified,True,41.33222222222222,2025-01-01 00:00:00-05:00,False,2024-12-31 01:00:00-05:00,,,False,1.26,0.0,30.81,915.9221,2025-01-01 01:45:00,FM-15,5.0,5.0,100.0,1.5,False,False,False,False
30.02,855,2,2,False,,,2025-01-01 02:00:00-05:00,2025-01-01 07:00:00+00:00,2025-01-01 02:00:00-05:00,61758,HUD VL,EST,HUD VL,61758,USW00014714,NYISO,HUD VL,actual_integrated,2024-12-30 07:40:04-05:00,2024-12-31 05:00:00-05:00,21.33222222222222,20241201isolf_csv.zip,20241231isolf.csv,zip_entry_last_modified,True,42.33222222222222,2025-01-01 00:00:00-05:00,False,2024-12-31 02:00:00-05:00,,,False,1.16,0.0,28.86,884.2183,2025-01-01 02:45:00,FM-15,5.0,5.0,100.0,1.5,False,False,False,False
28.28,841,3,2,False,,,2025-01-01 03:00:00-05:00,2025-01-01 08:00:00+00:00,2025-01-01 03:00:00-05:00,61758,HUD VL,EST,HUD VL,61758,USW00014714,NYISO,HUD VL,actual_integrated,2024-12-30 07:40:04-05:00,2024-12-31 05:00:00-05:00,21.33222222222222,20241201isolf_csv.zip,20241231isolf.csv,zip_entry_last_modified,True,43.33222222222222,2025-01-01 00:00:00-05:00,False,2024-12-31 03:00:00-05:00,,,False,1.01,0.0,27.27,864.1147,2025-01-01 03:45:00,FM-15,5.0,5.0,100.0,1.5,False,False,False,False
28.22,839,4,2,False,,,2025-01-01 04:00:00-05:00,2025-01-01 09:00:00+00:00,2025-01-01 04:00:00-05:00,61758,HUD VL,EST,HUD VL,61758,USW00014714,NYISO,HUD VL,actual_integrated,2024-12-30 07:40:04-05:00,2024-12-31 05:00:00-05:00,21.33222222222222,20241201isolf_csv.zip,20241231isolf.csv,zip_entry_last_modified,True,44.33222222222222,2025-01-01 00:00:00-05:00,False,2024-12-31 04:00:00-05:00,,,False,1.03,0.0,27.19,860.9837,2025-01-01 04:45:00,FM-15,5.0,5.0,100.0,2.1,True,False,False,False
30.27,853,5,2,False,,,2025-01-01 05:00:00-05:00,2025-01-01 10:00:00+00:00,2025-01-01 05:00:00-05:00,61758,HUD VL,EST,HUD VL,61758,USW00014714,NYISO,HUD VL,actual_integrated,2024-12-30 07:40:04-05:00,2024-12-31 05:00:00-05:00,21.33222222222222,20241201isolf_csv.zip,20241231isolf.csv,zip_entry_last_modified,True,45.33222222222222,2025-01-01 00:00:00-05:00,False,2024-12-31 05:00:00-05:00,,,False,1.19,0.0,29.08,871.1607,2025-01-01 05:45:00,FM-15,5.0,5.0,100.0,2.1,True,False,False,False
31.07,877,6,2,False,,,2025-01-01 06:00:00-05:00,2025-01-01 11:00:00+00:00,2025-01-01 06:00:00-05:00,61758,HUD VL,EST,HUD VL,61758,USW00014714,NYISO,HUD VL,actual_integrated,2024-12-30 07:40:04-05:00,2024-12-31 05:00:00-05:00,21.33222222222222,20241201isolf_csv.zip,20241231isolf.csv,zip_entry_last_modified,True,46.33222222222222,2025-01-01 00:00:00-05:00,False,2024-12-31 06:00:00-05:00,,,False,1.31,0.0,29.76,899.706,2025-01-01 06:45:00,FM-15,5.0,5.0,100.0,2.1,True,False,False,False
31.05,897,7,2,False,,,2025-01-01 07:00:00-05:00,2025-01-01 12:00:00+00:00,2025-01-01 07:00:00-05:00,61758,HUD VL,EST,HUD VL,61758,USW00014714,NYISO,HUD VL,actual_integrated,2024-12-30 07:40:04-05:00,2024-12-31 05:00:00-05:00,21.33222222222222,20241201isolf_csv.zip,20241231isolf.csv,zip_entry_last_modified,True,47.33222222222222,2025-01-01 00:00:00-05:00,False,2024-12-31 07:00:00-05:00,,,False,1.42,0.0,29.630000000000003,925.1161,2025-01-01 07:45:00,FM-15,5.0,5.0,100.0,2.1,True,False,False,False
33.46,913,8,2,False,,,2025-01-01 08:00:00-05:00,2025-01-01 13:00:00+00:00,2025-01-01 08:00:00-05:00,61758,HUD VL,EST,HUD VL,61758,USW00014714,NYISO,HUD VL,actual_integrated,2024-12-30 07:40:04-05:00,2024-12-31 05:00:00-05:00,21.33222222222222,20241201isolf_csv.zip,20241231isolf.csv,zip_entry_last_modified,True,48.33222222222222,2025-01-01 00:00:00-05:00,False,2024-12-31 08:00:00-05:00,,,False,1.56,0.0,31.9,938.1813,2025-01-01 08:45:00,FM-15,6.0,5.0,93.0,2.1,True,False,False,False
34.0,933,9,2,False,,,2025-01-01 09:00:00-05:00,2025-01-01 14:00:00+00:00,2025-01-01 09:00:00-05:00,61758,HUD VL,EST,HUD VL,61758,USW00014714,NYISO,HUD VL,actual_integrated,2024-12-30 07:40:04-05:00,2024-12-31 05:00:00-05:00,21.33222222222222,20241201isolf_csv.zip,20241231isolf.csv,zip_entry_last_modified,True,49.33222222222222,2025-01-01 00:00:00-05:00,False,2024-12-31 09:00:00-05:00,,,False,1.62,0.0,32.38,928.873,2025-01-01 09:45:00,FM-15,6.0,6.0,100.0,3.1,False,False,False,False
37.0,943,10,2,False,,,2025-01-01 10:00:00-05:00,2025-01-01 15:00:00+00:00,2025-01-01 10:00:00-05:00,61758,HUD VL,EST,HUD VL,61758,USW00014714,NYISO,HUD VL,actual_integrated,2024-12-30 07:40:04-05:00,2024-12-31 05:00:00-05:00,21.33222222222222,20241201isolf_csv.zip,20241231isolf.csv,zip_entry_last_modified,True,50.33222222222222,2025-01-01 00:00:00-05:00,False,2024-12-31 10:00:00-05:00,,,False,1.73,0.0,35.27,941.4483,2025-01-01 10:45:00,FM-15,,,,,False,True,True,False
37.38,949,11,2,False,,,2025-01-01 11:00:00-05:00,2025-01-01 16:00:00+00:00,2025-01-01 11:00:00-05:00,61758,HUD VL,EST,HUD VL,61758,USW00014714,NYISO,HUD VL,actual_integrated,2024-12-30 07:40:04-05:00,2024-12-31 05:00:00-05:00,21.33222222222222,20241201isolf_csv.zip,20241231isolf.csv,zip_entry_last_modified,True,51.33222222222222,2025-01-01 00:00:00-05:00,False,2024-12-31 11:00:00-05:00,,,False,1.91,0.0,35.470000000000006,1022.7115,2025-01-01 11:45:00,FM-15,,,,,False,True,True,False
38.14,962,12,2,False,,,2025-01-01 12:00:00-05:00,2025-01-01 17:00:00+00:00,2025-01-01 12:00:00-05:00,61758,HUD VL,EST,HUD VL,61758,USW00014714,NYISO,HUD VL,actual_integrated,2024-12-30 07:40:04-05:00,2024-12-31 05:00:00-05:00,21.33222222222222,20241201isolf_csv.zip,20241231isolf.csv,zip_entry_last_modified,True,52.33222222222222,2025-01-01 00:00:00-05:00,False,2024-12-31 12:00:00-05:00,,,False,1.92,0.0,36.22,1062.9042,2025-01-01 12:45:00,FM-15,8.0,5.0,82.0,8.2,False,False,False,False
38.72,981,13,2,False,,,2025-01-01 13:00:00-05:00,2025-01-01 18:00:00+00:00,2025-01-01 13:00:00-05:00,61758,HUD VL,EST,HUD VL,61758,USW00014714,NYISO,HUD VL,actual_integrated,2024-12-30 07:40:04-05:00,2024-12-31 05:00:00-05:00,21.33222222222222,20241201isolf_csv.zip,20241231isolf.csv,zip_entry_last_modified,True,53.33222222222222,2025-01-01 00:00:00-05:00,False,2024-12-31 13:00:00-05:00,,,False,2.05,0.0,36.67,1080.4335,2025-01-01 13:45:00,FM-15,7.0,4.0,81.0,8.2,False,False,False,False
39.14,1018,14,2,False,,,2025-01-01 14:00:00-05:00,2025-01-01 19:00:00+00:00,2025-01-01 14:00:00-05:00,61758,HUD VL,EST,HUD VL,61758,USW00014714,NYISO,HUD VL,actual_integrated,2024-12-30 07:40:04-05:00,2024-12-31 05:00:00-05:00,21.33222222222222,20241201isolf_csv.zip,20241231isolf.csv,zip_entry_last_modified,True,54.33222222222222,2025-01-01 00:00:00-05:00,False,2024-12-31 14:00:00-05:00,,,False,2.11,0.0,37.03,1107.5929,2025-01-01 14:45:00,FM-15,6.0,3.0,81.0,11.8,False,False,False,False
39.05,1064,15,2,False,,,2025-01-01 15:00:00-05:00,2025-01-01 20:00:00+00:00,2025-01-01 15:00:00-05:00,61758,HUD VL,EST,HUD VL,61758,USW00014714,NYISO,HUD VL,actual_integrated,2024-12-30 07:40:04-05:00,2024-12-31 05:00:00-05:00,21.33222222222222,20241201isolf_csv.zip,20241231isolf.csv,zip_entry_last_modified,True,55.33222222222222,2025-01-01 00:00:00-05:00,False,2024-12-31 15:00:00-05:00,,,False,2.25,0.0,36.8,1125.0406,2025-01-01 15:45:00,FM-15,4.0,1.0,81.0,9.8,False,False,False,False
42.34,1129,16,2,False,,,2025-01-01 16:00:00-05:00,2025-01-01 21:00:00+00:00,2025-01-01 16:00:00-05:00,61758,HUD VL,EST,HUD VL,61758,USW00014714,NYISO,HUD VL,actual_integrated,2024-12-30 07:40:04-05:00,2024-12-31 05:00:00-05:00,21.33222222222222,20241201isolf_csv.zip,20241231isolf.csv,zip_entry_last_modified,True,56.33222222222222,2025-01-01 00:00:00-05:00,False,2024-12-31 16:00:00-05:00,,,False,2.62,0.0,39.720000000000006,1187.0812,2025-01-01 16:45:00,FM-15,4.0,1.0,81.0,8.2,False,False,False,False
54.03,1195,17,2,False,,,2025-01-01 17:00:00-05:00,2025-01-01 22:00:00+00:00,2025-01-01 17:00:00-05:00,61758,HUD VL,EST,HUD VL,61758,USW00014714,NYISO,HUD VL,actual_integrated,2024-12-30 07:40:04-05:00,2024-12-31 05:00:00-05:00,21.33222222222222,20241201isolf_csv.zip,20241231isolf.csv,zip_entry_last_modified,True,57.33222222222222,2025-01-01 00:00:00-05:00,False,2024-12-31 17:00:00-05:00,,,False,3.53,0.0,50.5,1253.0493,2025-01-01 17:45:00,FM-15,4.0,1.0,81.0,8.2,False,False,False,False
46.47,1183,18,2,False,,,2025-01-01 18:00:00-05:00,2025-01-01 23:00:00+00:00,2025-01-01 18:00:00-05:00,61758,HUD VL,EST,HUD VL,61758,USW00014714,NYISO,HUD VL,actual_integrated,2024-12-30 07:40:04-05:00,2024-12-31 05:00:00-05:00,21.33222222222222,20241201isolf_csv.zip,20241231isolf.csv,zip_entry_last_modified,True,58.33222222222222,2025-01-01 00:00:00-05:00,False,2024-12-31 18:00:00-05:00,,,False,3.0,0.0,43.47,1245.8952,2025-01-01 18:45:00,FM-15,4.0,0.0,75.0,7.7,False,False,False,False
43.42,1159,19,2,False,,,2025-01-01 19:00:00-05:00,2025-01-02 00:00:00+00:00,2025-01-01 19:00:00-05:00,61758,HUD VL,EST,HUD VL,61758,USW00014714,NYISO,HUD VL,actual_integrated,2024-12-30 07:40:04-05:00,2024-12-31 05:00:00-05:00,21.33222222222222,20241201isolf_csv.zip,20241231isolf.csv,zip_entry_last_modified,True,59.33222222222222,2025-01-01 00:00:00-05:00,False,2024-12-31 19:00:00-05:00,,,False,2.77,0.0,40.65,1221.7574,2025-01-01 19:45:00,FM-15,4.0,-1.0,70.0,9.8,False,False,False,False
40.85,1126,20,2,False,,,2025-01-01 20:00:00-05:00,2025-01-02 01:00:00+00:00,2025-01-01 20:00:00-05:00,61758,HUD VL,EST,HUD VL,61758,USW00014714,NYISO,HUD VL,actual_integrated,2024-12-30 07:40:04-05:00,2024-12-31 05:00:00-05:00,21.33222222222222,20241201isolf_csv.zip,20241231isolf.csv,zip_entry_last_modified,True,60.33222222222222,2025-01-01 00:00:00-05:00,False,2024-12-31 20:00:00-05:00,,,False,2.6,0.0,38.25,1187.3734,2025-01-01 20:45:00,FM-15,3.0,-1.0,75.0,10.3,False,False,False,False
36.3,1083,21,2,False,,,2025-01-01 21:00:00-05:00,2025-01-02 02:00:00+00:00,2025-01-01 21:00:00-05:00,61758,HUD VL,EST,HUD VL,61758,USW00014714,NYISO,HUD VL,actual_integrated,2024-12-30 07:40:04-05:00,2024-12-31 05:00:00-05:00,21.33222222222222,20241201isolf_csv.zip,20241231isolf.csv,zip_entry_last_modified,True,61.33222222222222,2025-01-01 00:00:00-05:00,False,2024-12-31 21:00:00-05:00,,,False,2.28,0.0,34.02,1136.2633,2025-01-01 21:45:00,FM-15,3.0,-4.0,60.0,9.3,False,False,False,False
33.47,1017,22,2,False,,,2025-01-01 22:00:00-05:00,2025-01-02 03:00:00+00:00,2025-01-01 22:00:00-05:00,61758,HUD VL,EST,HUD VL,61758,USW00014714,NYISO,HUD VL,actual_integrated,2024-12-30 07:40:04-05:00,2024-12-31 05:00:00-05:00,21.33222222222222,20241201isolf_csv.zip,20241231isolf.csv,zip_entry_last_modified,True,62.33222222222222,2025-01-01 00:00:00-05:00,False,2024-12-31 22:00:00-05:00,,,False,2.07,0.0,31.4,1069.7532,2025-01-01 22:45:00,FM-15,3.0,-4.0,60.0,10.3,False,False,False,False
33.32,952,23,2,False,,,2025-01-01 23:00:00-05:00,2025-01-02 04:00:00+00:00,2025-01-01 23:00:00-05:00,61758,HUD VL,EST,HUD VL,61758,USW00014714,NYISO,HUD VL,actual_integrated,2024-12-30 07:40:04-05:00,2024-12-31 05:00:00-05:00,21.33222222222222,20241201isolf_csv.zip,20241231isolf.csv,zip_entry_last_modified,True,63.33222222222222,2025-01-01 00:00:00-05:00,False,2024-12-31 23:00:00-05:00,,,False,1.83,0.0,31.49,1009.9557,2025-01-01 23:45:00,FM-15,3.0,-4.0,60.0,6.2,False,False,False,False
36.8,912,0,3,False,33.16,,2025-01-02 00:00:00-05:00,2025-01-02 05:00:00+00:00,2025-01-02 00:00:00-05:00,61758,HUD VL,EST,HUD VL,61758,USW00014714,NYISO,HUD VL,actual_integrated,2024-12-31 07:15:04-05:00,2025-01-01 05:00:00-05:00,21.74888888888889,20250101isolf_csv.zip,20250101isolf.csv,zip_entry_last_modified,True,40.74888888888889,2025-01-02 00:00:00-05:00,False,2025-01-01 00:00:00-05:00,33.16,2025-01-01 00:00:00-05:00,True,1.88,0.0,34.919999999999995,960.0191,2025-01-02 00:45:00,FM-15,3.0,-5.0,56.0,9.3,False,False,False,False
36.14,888,1,3,False,32.07,,2025-01-02 01:00:00-05:00,2025-01-02 06:00:00+00:00,2025-01-02 01:00:00-05:00,61758,HUD VL,EST,HUD VL,61758,USW00014714,NYISO,HUD VL,actual_integrated,2024-12-31 07:15:04-05:00,2025-01-01 05:00:00-05:00,21.74888888888889,20250101isolf_csv.zip,20250101isolf.csv,zip_entry_last_modified,True,41.74888888888889,2025-01-02 00:00:00-05:00,False,2025-01-01 01:00:00-05:00,32.07,2025-01-01 00:00:00-05:00,True,1.82,0.0,34.32,923.1678,2025-01-02 01:45:00,FM-15,3.0,-5.0,56.0,7.7,False,False,False,False
33.17,874,2,3,False,30.02,,2025-01-02 02:00:00-05:00,2025-01-02 07:00:00+00:00,2025-01-02 02:00:00-05:00,61758,HUD VL,EST,HUD VL,61758,USW00014714,NYISO,HUD VL,actual_integrated,2024-12-31 07:15:04-05:00,2025-01-01 05:00:00-05:00,21.74888888888889,20250101isolf_csv.zip,20250101isolf.csv,zip_entry_last_modified,True,42.74888888888889,2025-01-02 00:00:00-05:00,False,2025-01-01 02:00:00-05:00,30.02,2025-01-01 00:00:00-05:00,True,1.64,0.0,31.53,910.6086,,,,,,,,,True,False
31.42,873,3,3,False,28.28,,2025-01-02 03:00:00-05:00,2025-01-02 08:00:00+00:00,2025-01-02 03:00:00-05:00,61758,HUD VL,EST,HUD VL,61758,USW00014714,NYISO,HUD VL,actual_integrated,2024-12-31 07:15:04-05:00,2025-01-01 05:00:00-05:00,21.74888888888889,20250101isolf_csv.zip,20250101isolf.csv,zip_entry_last_modified,True,43.74888888888889,2025-01-02 00:00:00-05:00,False,2025-01-01 03:00:00-05:00,28.28,2025-01-01 00:00:00-05:00,True,1.58,0.0,29.840000000000003,910.1963,2025-01-02 03:45:00,FM-15,3.0,-6.0,52.0,9.3,False,False,False,False
34.17,887,4,3,False,28.22,,2025-01-02 04:00:00-05:00,2025-01-02 09:00:00+00:00,2025-01-02 04:00:00-05:00,61758,HUD VL,EST,HUD VL,61758,USW00014714,NYISO,HUD VL,actual_integrated,2024-12-31 07:15:04-05:00,2025-01-01 05:00:00-05:00,21.74888888888889,20250101isolf_csv.zip,20250101isolf.csv,zip_entry_last_modified,True,44.74888888888889,2025-01-02 00:00:00-05:00,False,2025-01-01 04:00:00-05:00,28.22,2025-01-01 00:00:00-05:00,True,1.75,0.0,32.42,927.0452,2025-01-02 04:45:00,FM-15,3.0,-4.0,60.0,10.3,False,False,False,False
37.62,931,5,3,False,30.27,,2025-01-02 05:00:00-05:00,2025-01-02 10:00:00+00:00,2025-01-02 05:00:00-05:00,61758,HUD VL,EST,HUD VL,61758,USW00014714,NYISO,HUD VL,actual_integrated,2024-12-31 07:15:04-05:00,2025-01-01 05:00:00-05:00,21.74888888888889,20250101isolf_csv.zip,20250101isolf.csv,zip_entry_last_modified,True,45.74888888888889,2025-01-02 00:00:00-05:00,False,2025-01-01 05:00:00-05:00,30.27,2025-01-01 00:00:00-05:00,True,1.99,0.0,35.629999999999995,973.7121,2025-01-02 05:45:00,FM-15,2.0,-2.0,75.0,9.3,False,False,False,False
41.86,1004,6,3,False,31.07,,2025-01-02 06:00:00-05:00,2025-01-02 11:00:00+00:00,2025-01-02 06:00:00-05:00,61758,HUD VL,EST,HUD VL,61758,USW00014714,NYISO,HUD VL,actual_integrated,2024-12-31 07:15:04-05:00,2025-01-01 05:00:00-05:00,21.74888888888889,20250101isolf_csv.zip,20250101isolf.csv,zip_entry_last_modified,True,46.74888888888889,2025-01-02 00:00:00-05:00,False,2025-01-01 06:00:00-05:00,31.07,2025-01-01 00:00:00-05:00,True,2.56,-1.15,40.45,1065.5864,2025-01-02 06:45:00,FM-15,2.0,-3.0,70.0,5.1,False,False,False,False
50.87,1073,7,3,False,31.05,,2025-01-02 07:00:00-05:00,2025-01-02 12:00:00+00:00,2025-01-02 07:00:00-05:00,61758,HUD VL,EST,HUD VL,61758,USW00014714,NYISO,HUD VL,actual_integrated,2024-12-31 07:15:04-05:00,2025-01-01 05:00:00-05:00,21.74888888888889,20250101isolf_csv.zip,20250101isolf.csv,zip_entry_last_modified,True,47.74888888888889,2025-01-02 00:00:00-05:00,False,2025-01-01 07:00:00-05:00,31.05,2025-01-01 00:00:00-05:00,True,2.87,-6.4,54.4,1131.2233,2025-01-02 07:45:00,FM-15,2.0,-3.0,70.0,5.1,False,False,False,False
50.27,1091,8,3,False,33.46,,2025-01-02 08:00:00-05:00,2025-01-02 13:00:00+00:00,2025-01-02 08:00:00-05:00,61758,HUD VL,EST,HUD VL,61758,USW00014714,NYISO,HUD VL,actual_integrated,2024-12-31 07:15:04-05:00,2025-01-01 05:00:00-05:00,21.74888888888889,20250101isolf_csv.zip,20250101isolf.csv,zip_entry_last_modified,True,48.74888888888889,2025-01-02 00:00:00-05:00,False,2025-01-01 08:00:00-05:00,33.46,2025-01-01 00:00:00-05:00,True,2.91,-5.8,53.16,1148.1058,2025-01-02 08:45:00,FM-15,2.0,-3.0,70.0,8.2,False,False,False,False
46.98,1069,9,3,False,34.0,,2025-01-02 09:00:00-05:00,2025-01-02 14:00:00+00:00,2025-01-02 09:00:00-05:00,61758,HUD VL,EST,HUD VL,61758,USW00014714,NYISO,HUD VL,actual_integrated,2024-12-31 07:15:04-05:00,2025-01-01 05:00:00-05:00,21.74888888888889,20250101isolf_csv.zip,20250101isolf.csv,zip_entry_last_modified,True,49.74888888888889,2025-01-02 00:00:00-05:00,False,2025-01-01 09:00:00-05:00,34.0,2025-01-01 00:00:00-05:00,True,2.92,-2.94,46.99999999999999,1128.6201,2025-01-02 09:45:00,FM-15,3.0,-3.0,65.0,8.2,False,False,False,False
46.21,1025,10,3,False,37.0,,2025-01-02 10:00:00-05:00,2025-01-02 15:00:00+00:00,2025-01-02 10:00:00-05:00,61758,HUD VL,EST,HUD VL,61758,USW00014714,NYISO,HUD VL,actual_integrated,2024-12-31 07:15:04-05:00,2025-01-01 05:00:00-05:00,21.74888888888889,20250101isolf_csv.zip,20250101isolf.csv,zip_entry_last_modified,True,50.74888888888889,2025-01-02 00:00:00-05:00,False,2025-01-01 10:00:00-05:00,37.0,2025-01-01 00:00:00-05:00,True,2.97,-1.37,44.61,1115.2659,2025-01-02 10:45:00,FM-15,3.0,-3.0,65.0,8.2,False,False,False,False
45.03,998,11,3,False,37.38,,2025-01-02 11:00:00-05:00,2025-01-02 16:00:00+00:00,2025-01-02 11:00:00-05:00,61758,HUD VL,EST,HUD VL,61758,USW00014714,NYISO,HUD VL,actual_integrated,2024-12-31 07:15:04-05:00,2025-01-01 05:00:00-05:00,21.74888888888889,20250101isolf_csv.zip,20250101isolf.csv,zip_entry_last_modified,True,51.74888888888889,2025-01-02 00:00:00-05:00,False,2025-01-01 11:00:00-05:00,37.38,2025-01-01 00:00:00-05:00,True,2.95,-1.16,43.24,1099.5348,2025-01-02 11:45:00,FM-15,3.0,-1.0,75.0,10.8,False,False,False,False
43.73,986,12,3,False,38.14,,2025-01-02 12:00:00-05:00,2025-01-02 17:00:00+00:00,2025-01-02 12:00:00-05:00,61758,HUD VL,EST,HUD VL,61758,USW00014714,NYISO,HUD VL,actual_integrated,2024-12-31 07:15:04-05:00,2025-01-01 05:00:00-05:00,21.74888888888889,20250101isolf_csv.zip,20250101isolf.csv,zip_entry_last_modified,True,52.74888888888889,2025-01-02 00:00:00-05:00,False,2025-01-01 12:00:00-05:00,38.14,2025-01-01 00:00:00-05:00,True,2.92,-0.74,41.55,1035.4963,2025-01-02 12:00:00,FM-15,3.0,-1.0,75.0,7.7,False,False,False,False
45.22,1005,13,3,False,38.72,,2025-01-02 13:00:00-05:00,2025-01-02 18:00:00+00:00,2025-01-02 13:00:00-05:00,61758,HUD VL,EST,HUD VL,61758,USW00014714,NYISO,HUD VL,actual_integrated,2024-12-31 07:15:04-05:00,2025-01-01 05:00:00-05:00,21.74888888888889,20250101isolf_csv.zip,20250101isolf.csv,zip_entry_last_modified,True,53.74888888888889,2025-01-02 00:00:00-05:00,False,2025-01-01 13:00:00-05:00,38.72,2025-01-01 00:00:00-05:00,True,3.02,-0.82,43.02,1066.9582,2025-01-02 13:45:00,FM-15,5.0,-6.0,45.0,12.9,False,False,False,False
46.04,1047,14,3,False,39.14,,2025-01-02 14:00:00-05:00,2025-01-02 19:00:00+00:00,2025-01-02 14:00:00-05:00,61758,HUD VL,EST,HUD VL,61758,USW00014714,NYISO,HUD VL,actual_integrated,2024-12-31 07:15:04-05:00,2025-01-01 05:00:00-05:00,21.74888888888889,20250101isolf_csv.zip,20250101isolf.csv,zip_entry_last_modified,True,54.74888888888889,2025-01-02 00:00:00-05:00,False,2025-01-01 14:00:00-05:00,39.14,2025-01-01 00:00:00-05:00,True,3.04,-1.89,44.89,1158.0283,2025-01-02 14:45:00,FM-15,,,,,True,True,True,False
51.19,1110,15,3,False,39.05,,2025-01-02 15:00:00-05:00,2025-01-02 20:00:00+00:00,2025-01-02 15:00:00-05:00,61758,HUD VL,EST,HUD VL,61758,USW00014714,NYISO,HUD VL,actual_integrated,2024-12-31 07:15:04-05:00,2025-01-01 05:00:00-05:00,21.74888888888889,20250101isolf_csv.zip,20250101isolf.csv,zip_entry_last_modified,True,55.74888888888889,2025-01-02 00:00:00-05:00,False,2025-01-01 15:00:00-05:00,39.05,2025-01-01 00:00:00-05:00,True,3.25,-4.63,52.57,1218.7307,2025-01-02 15:45:00,FM-15,3.0,-8.0,45.0,9.3,True,False,False,False
61.37,1182,16,3,False,42.34,,2025-01-02 16:00:00-05:00,2025-01-02 21:00:00+00:00,2025-01-02 16:00:00-05:00,61758,HUD VL,EST,HUD VL,61758,USW00014714,NYISO,HUD VL,actual_integrated,2024-12-31 07:15:04-05:00,2025-01-01 05:00:00-05:00,21.74888888888889,20250101isolf_csv.zip,20250101isolf.csv,zip_entry_last_modified,True,56.74888888888889,2025-01-02 00:00:00-05:00,False,2025-01-01 16:00:00-05:00,42.34,2025-01-01 00:00:00-05:00,True,3.97,-7.86,65.26,1304.9973,2025-01-02 16:45:00,FM-15,2.0,-7.0,52.0,7.2,False,False,False,False
70.8,1269,17,3,False,54.03,,2025-01-02 17:00:00-05:00,2025-01-02 22:00:00+00:00,2025-01-02 17:00:00-05:00,61758,HUD VL,EST,HUD VL,61758,USW00014714,NYISO,HUD VL,actual_integrated,2024-12-31 07:15:04-05:00,2025-01-01 05:00:00-05:00,21.74888888888889,20250101isolf_csv.zip,20250101isolf.csv,zip_entry_last_modified,True,57.74888888888889,2025-01-02 00:00:00-05:00,False,2025-01-01 17:00:00-05:00,54.03,2025-01-01 00:00:00-05:00,True,4.52,-11.18,77.46000000000001,1386.7393,2025-01-02 17:45:00,FM-15,2.0,-7.0,52.0,7.7,False,False,False,False
65.6,1268,18,3,False,46.47,,2025-01-02 18:00:00-05:00,2025-01-02 23:00:00+00:00,2025-01-02 18:00:00-05:00,61758,HUD VL,EST,HUD VL,61758,USW00014714,NYISO,HUD VL,actual_integrated,2024-12-31 07:15:04-05:00,2025-01-01 05:00:00-05:00,21.74888888888889,20250101isolf_csv.zip,20250101isolf.csv,zip_entry_last_modified,True,58.74888888888889,2025-01-02 00:00:00-05:00,False,2025-01-01 18:00:00-05:00,46.47,2025-01-01 00:00:00-05:00,True,4.51,-6.04,67.13,1389.4114,2025-01-02 18:14:00,FM-15,-1.0,-2.0,93.0,12.9,False,False,False,False
59.0,1242,19,3,False,43.42,,2025-01-02 19:00:00-05:00,2025-01-03 00:00:00+00:00,2025-01-02 19:00:00-05:00,61758,HUD VL,EST,HUD VL,61758,USW00014714,NYISO,HUD VL,actual_integrated,2024-12-31 07:15:04-05:00,2025-01-01 05:00:00-05:00,21.74888888888889,20250101isolf_csv.zip,20250101isolf.csv,zip_entry_last_modified,True,59.74888888888889,2025-01-02 00:00:00-05:00,False,2025-01-01 19:00:00-05:00,43.42,2025-01-01 00:00:00-05:00,True,3.89,-5.86,60.97,1372.3806,2025-01-02 19:01:00,FM-15,-1.0,-1.0,100.0,8.2,False,False,False,False
55.93,1207,20,3,False,40.85,,2025-01-02 20:00:00-05:00,2025-01-03 01:00:00+00:00,2025-01-02 20:00:00-05:00,61758,HUD VL,EST,HUD VL,61758,USW00014714,NYISO,HUD VL,actual_integrated,2024-12-31 07:15:04-05:00,2025-01-01 05:00:00-05:00,21.74888888888889,20250101isolf_csv.zip,20250101isolf.csv,zip_entry_last_modified,True,60.74888888888889,2025-01-02 00:00:00-05:00,False,2025-01-01 20:00:00-05:00,40.85,2025-01-01 00:00:00-05:00,True,3.68,-3.21,55.46,1335.7317,2025-01-02 20:45:00,FM-15,-1.0,-4.0,80.0,6.2,False,False,False,False
51.01,1159,21,3,False,36.3,,2025-01-02 21:00:00-05:00,2025-01-03 02:00:00+00:00,2025-01-02 21:00:00-05:00,61758,HUD VL,EST,HUD VL,61758,USW00014714,NYISO,HUD VL,actual_integrated,2024-12-31 07:15:04-05:00,2025-01-01 05:00:00-05:00,21.74888888888889,20250101isolf_csv.zip,20250101isolf.csv,zip_entry_last_modified,True,61.74888888888889,2025-01-02 00:00:00-05:00,False,2025-01-01 21:00:00-05:00,36.3,2025-01-01 00:00:00-05:00,True,3.34,-1.82,49.49,1277.7641,2025-01-02 21:45:00,FM-15,-1.0,-4.0,80.0,6.2,False,False,False,False
46.35,1101,22,3,False,33.47,,2025-01-02 22:00:00-05:00,2025-01-03 03:00:00+00:00,2025-01-02 22:00:00-05:00,61758,HUD VL,EST,HUD VL,61758,USW00014714,NYISO,HUD VL,actual_integrated,2024-12-31 07:15:04-05:00,2025-01-01 05:00:00-05:00,21.74888888888889,20250101isolf_csv.zip,20250101isolf.csv,zip_entry_last_modified,True,62.74888888888889,2025-01-02 00:00:00-05:00,False,2025-01-01 22:00:00-05:00,33.47,2025-01-01 00:00:00-05:00,True,3.07,0.0,43.28,1206.6049,2025-01-02 22:45:00,FM-15,0.0,-6.0,64.0,6.2,False,False,False,False
43.63,1040,23,3,False,33.32,36.30125,2025-01-02 23:00:00-05:00,2025-01-03 04:00:00+00:00,2025-01-02 23:00:00-05:00,61758,HUD VL,EST,HUD VL,61758,USW00014714,NYISO,HUD VL,actual_integrated,2024-12-31 07:15:04-05:00,2025-01-01 05:00:00-05:00,21.74888888888889,20250101isolf_csv.zip,20250101isolf.csv,zip_entry_last_modified,True,63.74888888888889,2025-01-02 00:00:00-05:00,False,2025-01-01 23:00:00-05:00,33.32,2025-01-01 00:00:00-05:00,True,2.59,0.0,41.040000000000006,1136.0504,2025-01-02 23:45:00,FM-15,-2.0,-7.0,69.0,6.2,False,False,False,False
43.83,991,0,4,False,36.8,36.45291666666667,2025-01-03 00:00:00-05:00,2025-01-03 05:00:00+00:00,2025-01-03 00:00:00-05:00,61758,HUD VL,EST,HUD VL,61758,USW00014714,NYISO,HUD VL,actual_integrated,2025-01-01 07:40:04-05:00,2025-01-02 05:00:00-05:00,21.33222222222222,20250101isolf_csv.zip,20250102isolf.csv,zip_entry_last_modified,True,40.33222222222222,2025-01-03 00:00:00-05:00,False,2025-01-02 00:00:00-05:00,36.8,2025-01-02 00:00:00-05:00,True,2.44,0.0,41.39,1085.5623,2025-01-03 00:45:00,FM-15,-1.0,-7.0,64.0,6.2,False,False,False,False
41.71,965,1,4,False,36.14,36.622499999999995,2025-01-03 01:00:00-05:00,2025-01-03 06:00:00+00:00,2025-01-03 01:00:00-05:00,61758,HUD VL,EST,HUD VL,61758,USW00014714,NYISO,HUD VL,actual_integrated,2025-01-01 07:40:04-05:00,2025-01-02 05:00:00-05:00,21.33222222222222,20250101isolf_csv.zip,20250102isolf.csv,zip_entry_last_modified,True,41.33222222222222,2025-01-03 00:00:00-05:00,False,2025-01-02 01:00:00-05:00,36.14,2025-01-02 00:00:00-05:00,True,2.29,0.0,39.42,1053.6127,2025-01-03 01:45:00,FM-15,-1.0,-7.0,64.0,5.1,False,False,False,False
40.99,951,2,4,False,33.17,36.753750000000004,2025-01-03 02:00:00-05:00,2025-01-03 07:00:00+00:00,2025-01-03 02:00:00-05:00,61758,HUD VL,EST,HUD VL,61758,USW00014714,NYISO,HUD VL,actual_integrated,2025-01-01 07:40:04-05:00,2025-01-02 05:00:00-05:00,21.33222222222222,20250101isolf_csv.zip,20250102isolf.csv,zip_entry_last_modified,True,42.33222222222222,2025-01-03 00:00:00-05:00,False,2025-01-02 02:00:00-05:00,33.17,2025-01-02 00:00:00-05:00,True,2.21,0.0,38.78,1034.7399,2025-01-03 02:45:00,FM-15,-1.0,-7.0,64.0,5.1,False,False,False,False
41.75,948,3,4,False,31.42,36.88458333333333,2025-01-03 03:00:00-05:00,2025-01-03 08:00:00+00:00,2025-01-03 03:00:00-05:00,61758,HUD VL,EST,HUD VL,61758,USW00014714,NYISO,HUD VL,actual_integrated,2025-01-01 07:40:04-05:00,2025-01-02 05:00:00-05:00,21.33222222222222,20250101isolf_csv.zip,20250102isolf.csv,zip_entry_last_modified,True,43.33222222222222,2025-01-03 00:00:00-05:00,False,2025-01-02 03:00:00-05:00,31.42,2025-01-02 00:00:00-05:00,True,2.33,0.0,39.42,1028.3564,2025-01-03 03:45:00,FM-15,-1.0,-7.0,64.0,5.1,False,False,False,False
43.01,962,4,4,False,34.17,37.1325,2025-01-03 04:00:00-05:00,2025-01-03 09:00:00+00:00,2025-01-03 04:00:00-05:00,61758,HUD VL,EST,HUD VL,61758,USW00014714,NYISO,HUD VL,actual_integrated,2025-01-01 07:40:04-05:00,2025-01-02 05:00:00-05:00,21.33222222222222,20250101isolf_csv.zip,20250102isolf.csv,zip_entry_last_modified,True,44.33222222222222,2025-01-03 00:00:00-05:00,False,2025-01-02 04:00:00-05:00,34.17,2025-01-02 00:00:00-05:00,True,2.4,0.0,40.61,1039.2943,2025-01-03 04:45:00,FM-15,-1.0,-7.0,64.0,7.2,False,False,False,False
49.25,1006,5,4,False,37.62,37.43875,2025-01-03 05:00:00-05:00,2025-01-03 10:00:00+00:00,2025-01-03 05:00:00-05:00,61758,HUD VL,EST,HUD VL,61758,USW00014714,NYISO,HUD VL,actual_integrated,2025-01-01 07:40:04-05:00,2025-01-02 05:00:00-05:00,21.33222222222222,20250101isolf_csv.zip,20250102isolf.csv,zip_entry_last_modified,True,45.33222222222222,2025-01-03 00:00:00-05:00,False,2025-01-02 05:00:00-05:00,37.62,2025-01-02 00:00:00-05:00,True,2.7,0.0,46.55,1079.1642,2025-01-03 05:45:00,FM-15,-1.0,-8.0,59.0,7.2,False,False,False,False
57.23,1085,6,4,False,41.86,37.88833333333333,2025-01-03 06:00:00-05:00,2025-01-03 11:00:00+00:00,2025-01-03 06:00:00-05:00,61758,HUD VL,EST,HUD VL,61758,USW00014714,NYISO,HUD VL,actual_integrated,2025-01-01 07:40:04-05:00,2025-01-02 05:00:00-05:00,21.33222222222222,20250101isolf_csv.zip,20250102isolf.csv,zip_entry_last_modified,True,46.33222222222222,2025-01-03 00:00:00-05:00,False,2025-01-02 06:00:00-05:00,41.86,2025-01-02 00:00:00-05:00,True,3.29,0.0,53.94,1136.6022,2025-01-03 06:45:00,FM-15,-1.0,-8.0,59.0,7.7,False,False,False,False
59.48,1150,7,4,False,50.87,38.714166666666664,2025-01-03 07:00:00-05:00,2025-01-03 12:00:00+00:00,2025-01-03 07:00:00-05:00,61758,HUD VL,EST,HUD VL,61758,USW00014714,NYISO,HUD VL,actual_integrated,2025-01-01 07:40:04-05:00,2025-01-02 05:00:00-05:00,21.33222222222222,20250101isolf_csv.zip,20250102isolf.csv,zip_entry_last_modified,True,47.33222222222222,2025-01-03 00:00:00-05:00,False,2025-01-02 07:00:00-05:00,50.87,2025-01-02 00:00:00-05:00,True,3.85,-0.65,56.28,1190.2455,2025-01-03 07:45:00,FM-15,-1.0,-8.0,59.0,7.2,False,False,False,False
55.88,1151,8,4,False,50.27,39.41458333333333,2025-01-03 08:00:00-05:00,2025-01-03 13:00:00+00:00,2025-01-03 08:00:00-05:00,61758,HUD VL,EST,HUD VL,61758,USW00014714,NYISO,HUD VL,actual_integrated,2025-01-01 07:40:04-05:00,2025-01-02 05:00:00-05:00,21.33222222222222,20250101isolf_csv.zip,20250102isolf.csv,zip_entry_last_modified,True,48.33222222222222,2025-01-03 00:00:00-05:00,False,2025-01-02 08:00:00-05:00,50.27,2025-01-02 00:00:00-05:00,True,4.07,3.23,48.580000000000005,1209.7667,2025-01-03 08:45:00,FM-15,-1.0,-7.0,64.0,7.2,False,False,False,False
52.0,1120,9,4,False,46.98,39.955416666666665,2025-01-03 09:00:00-05:00,2025-01-03 14:00:00+00:00,2025-01-03 09:00:00-05:00,61758,HUD VL,EST,HUD VL,61758,USW00014714,NYISO,HUD VL,actual_integrated,2025-01-01 07:40:04-05:00,2025-01-02 05:00:00-05:00,21.33222222222222,20250101isolf_csv.zip,20250102isolf.csv,zip_entry_last_modified,True,49.33222222222222,2025-01-03 00:00:00-05:00,False,2025-01-02 09:00:00-05:00,46.98,2025-01-02 00:00:00-05:00,True,3.68,5.83,42.49,1207.9963,2025-01-03 09:45:00,FM-15,0.0,-7.0,60.0,5.7,False,False,False,False
53.68,1075,10,4,False,46.21,40.339166666666664,2025-01-03 10:00:00-05:00,2025-01-03 15:00:00+00:00,2025-01-03 10:00:00-05:00,61758,HUD VL,EST,HUD VL,61758,USW00014714,NYISO,HUD VL,actual_integrated,2025-01-01 07:40:04-05:00,2025-01-02 05:00:00-05:00,21.33222222222222,20250101isolf_csv.zip,20250102isolf.csv,zip_entry_last_modified,True,50.33222222222222,2025-01-03 00:00:00-05:00,False,2025-01-02 10:00:00-05:00,46.21,2025-01-02 00:00:00-05:00,True,3.46,2.29,47.93,1216.458,2025-01-03 10:45:00,FM-15,0.0,-7.0,60.0,5.7,False,False,False,False
53.46,1042,11,4,False,45.03,40.657916666666665,2025-01-03 11:00:00-05:00,2025-01-03 16:00:00+00:00,2025-01-03 11:00:00-05:00,61758,HUD VL,EST,HUD VL,61758,USW00014714,NYISO,HUD VL,actual_integrated,2025-01-01 07:40:04-05:00,2025-01-02 05:00:00-05:00,21.33222222222222,20250101isolf_csv.zip,20250102isolf.csv,zip_entry_last_modified,True,51.33222222222222,2025-01-03 00:00:00-05:00,False,2025-01-02 11:00:00-05:00,45.03,2025-01-02 00:00:00-05:00,True,3.5,2.29,47.67,1197.3364,2025-01-03 11:45:00,FM-15,0.0,-7.0,60.0,5.1,False,False,False,False
51.65,1037,12,4,False,43.73,40.89083333333333,2025-01-03 12:00:00-05:00,2025-01-03 17:00:00+00:00,2025-01-03 12:00:00-05:00,61758,HUD VL,EST,HUD VL,61758,USW00014714,NYISO,HUD VL,actual_integrated,2025-01-01 07:40:04-05:00,2025-01-02 05:00:00-05:00,21.33222222222222,20250101isolf_csv.zip,20250102isolf.csv,zip_entry_last_modified,True,52.33222222222222,2025-01-03 00:00:00-05:00,False,2025-01-02 12:00:00-05:00,43.73,2025-01-02 00:00:00-05:00,True,3.3,2.5,45.85,1192.5064,2025-01-03 12:45:00,FM-15,1.0,-7.0,56.0,7.2,False,False,False,False
52.89,1063,13,4,False,45.22,41.16166666666667,2025-01-03 13:00:00-05:00,2025-01-03 18:00:00+00:00,2025-01-03 13:00:00-05:00,61758,HUD VL,EST,HUD VL,61758,USW00014714,NYISO,HUD VL,actual_integrated,2025-01-01 07:40:04-05:00,2025-01-02 05:00:00-05:00,21.33222222222222,20250101isolf_csv.zip,20250102isolf.csv,zip_entry_last_modified,True,53.33222222222222,2025-01-03 00:00:00-05:00,False,2025-01-02 13:00:00-05:00,45.22,2025-01-02 00:00:00-05:00,True,3.63,2.62,46.64,1200.498,2025-01-03 13:45:00,FM-15,1.0,-7.0,56.0,6.2,False,False,False,False
56.0,1100,14,4,False,46.04,41.44916666666666,2025-01-03 14:00:00-05:00,2025-01-03 19:00:00+00:00,2025-01-03 14:00:00-05:00,61758,HUD VL,EST,HUD VL,61758,USW00014714,NYISO,HUD VL,actual_integrated,2025-01-01 07:40:04-05:00,2025-01-02 05:00:00-05:00,21.33222222222222,20250101isolf_csv.zip,20250102isolf.csv,zip_entry_last_modified,True,54.33222222222222,2025-01-03 00:00:00-05:00,False,2025-01-02 14:00:00-05:00,46.04,2025-01-02 00:00:00-05:00,True,4.13,3.11,48.76,1239.2874,2025-01-03 14:45:00,FM-15,1.0,-7.0,56.0,6.7,False,False,False,False
55.39,1150,15,4,False,51.19,41.955000000000005,2025-01-03 15:00:00-05:00,2025-01-03 20:00:00+00:00,2025-01-03 15:00:00-05:00,61758,HUD VL,EST,HUD VL,61758,USW00014714,NYISO,HUD VL,actual_integrated,2025-01-01 07:40:04-05:00,2025-01-02 05:00:00-05:00,21.33222222222222,20250101isolf_csv.zip,20250102isolf.csv,zip_entry_last_modified,True,55.33222222222222,2025-01-03 00:00:00-05:00,False,2025-01-02 15:00:00-05:00,51.19,2025-01-02 00:00:00-05:00,True,4.31,4.19,46.89,1287.5022,2025-01-03 15:45:00,FM-15,1.0,-7.0,56.0,6.7,False,False,False,False
66.74,1209,16,4,False,61.37,42.74791666666667,2025-01-03 16:00:00-05:00,2025-01-03 21:00:00+00:00,2025-01-03 16:00:00-05:00,61758,HUD VL,EST,HUD VL,61758,USW00014714,NYISO,HUD VL,actual_integrated,2025-01-01 07:40:04-05:00,2025-01-02 05:00:00-05:00,21.33222222222222,20250101isolf_csv.zip,20250102isolf.csv,zip_entry_last_modified,True,56.33222222222222,2025-01-03 00:00:00-05:00,False,2025-01-02 16:00:00-05:00,61.37,2025-01-02 00:00:00-05:00,True,4.54,-6.88,69.08,1350.8507,2025-01-03 16:45:00,FM-15,0.0,-7.0,60.0,6.7,False,False,False,False
81.51,1280,17,4,False,70.8,43.446666666666665,2025-01-03 17:00:00-05:00,2025-01-03 22:00:00+00:00,2025-01-03 17:00:00-05:00,61758,HUD VL,EST,HUD VL,61758,USW00014714,NYISO,HUD VL,actual_integrated,2025-01-01 07:40:04-05:00,2025-01-02 05:00:00-05:00,21.33222222222222,20250101isolf_csv.zip,20250102isolf.csv,zip_entry_last_modified,True,57.33222222222222,2025-01-03 00:00:00-05:00,False,2025-01-02 17:00:00-05:00,70.8,2025-01-02 00:00:00-05:00,True,4.92,-17.98,94.57,1401.0718,2025-01-03 17:45:00,FM-15,0.0,-7.0,60.0,5.1,False,False,False,False
76.0,1269,18,4,False,65.6,44.24375,2025-01-03 18:00:00-05:00,2025-01-03 23:00:00+00:00,2025-01-03 18:00:00-05:00,61758,HUD VL,EST,HUD VL,61758,USW00014714,NYISO,HUD VL,actual_integrated,2025-01-01 07:40:04-05:00,2025-01-02 05:00:00-05:00,21.33222222222222,20250101isolf_csv.zip,20250102isolf.csv,zip_entry_last_modified,True,58.33222222222222,2025-01-03 00:00:00-05:00,False,2025-01-02 18:00:00-05:00,65.6,2025-01-02 00:00:00-05:00,True,4.92,-13.15,84.23,1397.6711,2025-01-03 18:45:00,FM-15,-1.0,-7.0,64.0,4.1,False,False,False,False
63.74,1245,19,4,False,59.0,44.89291666666667,2025-01-03 19:00:00-05:00,2025-01-04 00:00:00+00:00,2025-01-03 19:00:00-05:00,61758,HUD VL,EST,HUD VL,61758,USW00014714,NYISO,HUD VL,actual_integrated,2025-01-01 07:40:04-05:00,2025-01-02 05:00:00-05:00,21.33222222222222,20250101isolf_csv.zip,20250102isolf.csv,zip_entry_last_modified,True,59.33222222222222,2025-01-03 00:00:00-05:00,False,2025-01-02 19:00:00-05:00,59.0,2025-01-02 00:00:00-05:00,True,4.38,-3.86,63.22,1376.996,2025-01-03 19:45:00,FM-15,-2.0,-7.0,69.0,5.1,False,False,False,False
62.0,1218,20,4,False,55.93,45.52124999999999,2025-01-03 20:00:00-05:00,2025-01-04 01:00:00+00:00,2025-01-03 20:00:00-05:00,61758,HUD VL,EST,HUD VL,61758,USW00014714,NYISO,HUD VL,actual_integrated,2025-01-01 07:40:04-05:00,2025-01-02 05:00:00-05:00,21.33222222222222,20250101isolf_csv.zip,20250102isolf.csv,zip_entry_last_modified,True,60.33222222222222,2025-01-03 00:00:00-05:00,False,2025-01-02 20:00:00-05:00,55.93,2025-01-02 00:00:00-05:00,True,4.31,-2.42,60.11,1347.563,2025-01-03 20:45:00,FM-15,-3.0,-7.0,74.0,5.1,False,False,False,False
58.42,1183,21,4,False,51.01,46.13416666666666,2025-01-03 21:00:00-05:00,2025-01-04 02:00:00+00:00,2025-01-03 21:00:00-05:00,61758,HUD VL,EST,HUD VL,61758,USW00014714,NYISO,HUD VL,actual_integrated,2025-01-01 07:40:04-05:00,2025-01-02 05:00:00-05:00,21.33222222222222,20250101isolf_csv.zip,20250102isolf.csv,zip_entry_last_modified,True,61.33222222222222,2025-01-03 00:00:00-05:00,False,2025-01-02 21:00:00-05:00,51.01,2025-01-02 00:00:00-05:00,True,3.77,0.0,54.65,1303.7874,2025-01-03 21:45:00,FM-15,-4.0,-7.0,80.0,6.2,False,False,False,False
57.63,1138,22,4,False,46.35,46.67083333333333,2025-01-03 22:00:00-05:00,2025-01-04 03:00:00+00:00,2025-01-03 22:00:00-05:00,61758,HUD VL,EST,HUD VL,61758,USW00014714,NYISO,HUD VL,actual_integrated,2025-01-01 07:40:04-05:00,2025-01-02 05:00:00-05:00,21.33222222222222,20250101isolf_csv.zip,20250102isolf.csv,zip_entry_last_modified,True,62.33222222222222,2025-01-03 00:00:00-05:00,False,2025-01-02 22:00:00-05:00,46.35,2025-01-02 00:00:00-05:00,True,3.42,0.0,54.21,1241.1777,2025-01-03 22:45:00,FM-15,-3.0,-8.0,69.0,5.7,False,False,False,False
57.82,1086,23,4,False,43.63,47.10041666666666,2025-01-03 23:00:00-05:00,2025-01-04 04:00:00+00:00,2025-01-03 23:00:00-05:00,61758,HUD VL,EST,HUD VL,61758,USW00014714,NYISO,HUD VL,actual_integrated,2025-01-01 07:40:04-05:00,2025-01-02 05:00:00-05:00,21.33222222222222,20250101isolf_csv.zip,20250102isolf.csv,zip_entry_last_modified,True,63.33222222222222,2025-01-03 00:00:00-05:00,False,2025-01-02 23:00:00-05:00,43.63,2025-01-02 00:00:00-05:00,True,3.27,0.0,54.55,1185.3198,2025-01-03 23:45:00,FM-15,-4.0,-8.0,74.0,5.1,False,False,False,False
55.34,1055,0,5,True,43.83,47.39333333333334,2025-01-04 00:00:00-05:00,2025-01-04 05:00:00+00:00,2025-01-04 00:00:00-05:00,61758,HUD VL,EST,HUD VL,61758,USW00014714,NYISO,HUD VL,actual_integrated,2025-01-02 07:30:04-05:00,2025-01-03 05:00:00-05:00,21.49888888888889,20250101isolf_csv.zip,20250103isolf.csv,zip_entry_last_modified,True,40.49888888888889,2025-01-04 00:00:00-05:00,False,2025-01-03 00:00:00-05:00,43.83,2025-01-03 00:00:00-05:00,True,3.38,0.0,51.96,1140.8035,2025-01-04 00:45:00,FM-15,-4.0,-9.0,69.0,4.1,False,False,False,False
52.7,1033,1,5,True,41.71,47.625416666666666,2025-01-04 01:00:00-05:00,2025-01-04 06:00:00+00:00,2025-01-04 01:00:00-05:00,61758,HUD VL,EST,HUD VL,61758,USW00014714,NYISO,HUD VL,actual_integrated,2025-01-02 07:30:04-05:00,2025-01-03 05:00:00-05:00,21.49888888888889,20250101isolf_csv.zip,20250103isolf.csv,zip_entry_last_modified,True,41.49888888888889,2025-01-04 00:00:00-05:00,False,2025-01-03 01:00:00-05:00,41.71,2025-01-03 00:00:00-05:00,True,3.12,0.0,49.580000000000005,1106.0965,2025-01-04 01:45:00,FM-15,-4.0,-9.0,69.0,6.7,False,False,False,False
50.61,1015,2,5,True,40.99,47.95125000000001,2025-01-04 02:00:00-05:00,2025-01-04 07:00:00+00:00,2025-01-04 02:00:00-05:00,61758,HUD VL,EST,HUD VL,61758,USW00014714,NYISO,HUD VL,actual_integrated,2025-01-02 07:30:04-05:00,2025-01-03 05:00:00-05:00,21.49888888888889,20250101isolf_csv.zip,20250103isolf.csv,zip_entry_last_modified,True,42.49888888888889,2025-01-04 00:00:00-05:00,False,2025-01-03 02:00:00-05:00,40.99,2025-01-03 00:00:00-05:00,True,3.0,0.0,47.61,1084.7249,2025-01-04 02:45:00,FM-15,-4.0,-8.0,74.0,7.7,False,False,False,False
51.67,1010,3,5,True,41.75,48.38166666666667,2025-01-04 03:00:00-05:00,2025-01-04 08:00:00+00:00,2025-01-04 03:00:00-05:00,61758,HUD VL,EST,HUD VL,61758,USW00014714,NYISO,HUD VL,actual_integrated,2025-01-02 07:30:04-05:00,2025-01-03 05:00:00-05:00,21.49888888888889,20250101isolf_csv.zip,20250103isolf.csv,zip_entry_last_modified,True,43.49888888888889,2025-01-04 00:00:00-05:00,False,2025-01-03 03:00:00-05:00,41.75,2025-01-03 00:00:00-05:00,True,3.15,0.0,48.52,1081.2919,2025-01-04 03:45:00,FM-15,-4.0,-9.0,69.0,9.3,False,False,False,False
51.93,1019,4,5,True,43.01,48.75,2025-01-04 04:00:00-05:00,2025-01-04 09:00:00+00:00,2025-01-04 04:00:00-05:00,61758,HUD VL,EST,HUD VL,61758,USW00014714,NYISO,HUD VL,actual_integrated,2025-01-02 07:30:04-05:00,2025-01-03 05:00:00-05:00,21.49888888888889,20250101isolf_csv.zip,20250103isolf.csv,zip_entry_last_modified,True,44.49888888888889,2025-01-04 00:00:00-05:00,False,2025-01-03 04:00:00-05:00,43.01,2025-01-03 00:00:00-05:00,True,3.17,0.0,48.76,1086.3682,2025-01-04 04:45:00,FM-15,-3.0,-10.0,59.0,7.7,False,False,False,False
53.19,1038,5,5,True,49.25,49.23458333333334,2025-01-04 05:00:00-05:00,2025-01-04 10:00:00+00:00,2025-01-04 05:00:00-05:00,61758,HUD VL,EST,HUD VL,61758,USW00014714,NYISO,HUD VL,actual_integrated,2025-01-02 07:30:04-05:00,2025-01-03 05:00:00-05:00,21.49888888888889,20250101isolf_csv.zip,20250103isolf.csv,zip_entry_last_modified,True,45.49888888888889,2025-01-04 00:00:00-05:00,False,2025-01-03 05:00:00-05:00,49.25,2025-01-03 00:00:00-05:00,True,3.24,-0.03,49.98,1098.4965,2025-01-04 05:45:00,FM-15,-3.0,-11.0,54.0,8.2,False,False,False,False
53.14,1080,6,5,True,57.23,49.875,2025-01-04 06:00:00-05:00,2025-01-04 11:00:00+00:00,2025-01-04 06:00:00-05:00,61758,HUD VL,EST,HUD VL,61758,USW00014714,NYISO,HUD VL,actual_integrated,2025-01-02 07:30:04-05:00,2025-01-03 05:00:00-05:00,21.49888888888889,20250101isolf_csv.zip,20250103isolf.csv,zip_entry_last_modified,True,46.49888888888889,2025-01-04 00:00:00-05:00,False,2025-01-03 06:00:00-05:00,57.23,2025-01-03 00:00:00-05:00,True,3.32,-0.19,50.01,1135.0297,2025-01-04 06:45:00,FM-15,-2.0,-11.0,51.0,7.2,False,False,False,False
57.64,1126,7,5,True,59.48,50.23374999999999,2025-01-04 07:00:00-05:00,2025-01-04 12:00:00+00:00,2025-01-04 07:00:00-05:00,61758,HUD VL,EST,HUD VL,61758,USW00014714,NYISO,HUD VL,actual_integrated,2025-01-02 07:30:04-05:00,2025-01-03 05:00:00-05:00,21.49888888888889,20250101isolf_csv.zip,20250103isolf.csv,zip_entry_last_modified,True,47.49888888888889,2025-01-04 00:00:00-05:00,False,2025-01-03 07:00:00-05:00,59.48,2025-01-03 00:00:00-05:00,True,3.67,0.0,53.97,1192.1711,2025-01-04 07:45:00,FM-15,-3.0,-12.0,50.0,7.2,False,False,False,False
60.62,1130,8,5,True,55.88,50.4675,2025-01-04 08:00:00-05:00,2025-01-04 13:00:00+00:00,2025-01-04 08:00:00-05:00,61758,HUD VL,EST,HUD VL,61758,USW00014714,NYISO,HUD VL,actual_integrated,2025-01-02 07:30:04-05:00,2025-01-03 05:00:00-05:00,21.49888888888889,20250101isolf_csv.zip,20250103isolf.csv,zip_entry_last_modified,True,48.49888888888889,2025-01-04 00:00:00-05:00,False,2025-01-03 08:00:00-05:00,55.88,2025-01-03 00:00:00-05:00,True,3.73,-2.07,58.96,1202.2749,2025-01-04 08:45:00,FM-15,-3.0,-9.0,64.0,6.2,False,False,False,False
62.98,1101,9,5,True,52.0,50.67666666666667,2025-01-04 09:00:00-05:00,2025-01-04 14:00:00+00:00,2025-01-04 09:00:00-05:00,61758,HUD VL,EST,HUD VL,61758,USW00014714,NYISO,HUD VL,actual_integrated,2025-01-02 07:30:04-05:00,2025-01-03 05:00:00-05:00,21.49888888888889,20250101isolf_csv.zip,20250103isolf.csv,zip_entry_last_modified,True,49.49888888888889,2025-01-04 00:00:00-05:00,False,2025-01-03 09:00:00-05:00,52.0,2025-01-03 00:00:00-05:00,True,4.08,-3.81,62.71,1177.3678,2025-01-04 09:45:00,FM-15,-3.0,-6.0,80.0,6.2,False,False,False,False
67.41,1085,10,5,True,53.68,50.98791666666667,2025-01-04 10:00:00-05:00,2025-01-04 15:00:00+00:00,2025-01-04 10:00:00-05:00,61758,HUD VL,EST,HUD VL,61758,USW00014714,NYISO,HUD VL,actual_integrated,2025-01-02 07:30:04-05:00,2025-01-03 05:00:00-05:00,21.49888888888889,20250101isolf_csv.zip,20250103isolf.csv,zip_entry_last_modified,True,50.49888888888889,2025-01-04 00:00:00-05:00,False,2025-01-03 10:00:00-05:00,53.68,2025-01-03 00:00:00-05:00,True,4.2,-7.88,71.08999999999999,1166.9132,2025-01-04 10:20:00,FM-15,-3.0,-7.0,74.0,6.2,False,False,False,False
67.44,1063,11,5,True,53.46,51.339166666666664,2025-01-04 11:00:00-05:00,2025-01-04 16:00:00+00:00,2025-01-04 11:00:00-05:00,61758,HUD VL,EST,HUD VL,61758,USW00014714,NYISO,HUD VL,actual_integrated,2025-01-02 07:30:04-05:00,2025-01-03 05:00:00-05:00,21.49888888888889,20250101isolf_csv.zip,20250103isolf.csv,zip_entry_last_modified,True,51.49888888888889,2025-01-04 00:00:00-05:00,False,2025-01-03 11:00:00-05:00,53.46,2025-01-03 00:00:00-05:00,True,4.21,-7.84,71.07,1122.5814,2025-01-04 11:45:00,FM-15,-1.0,-6.0,69.0,8.2,False,False,False,False
66.72,1072,12,5,True,51.65,51.66916666666666,2025-01-04 12:00:00-05:00,2025-01-04 17:00:00+00:00,2025-01-04 12:00:00-05:00,61758,HUD VL,EST,HUD VL,61758,USW00014714,NYISO,HUD VL,actual_integrated,2025-01-02 07:30:04-05:00,2025-01-03 05:00:00-05:00,21.49888888888889,20250101isolf_csv.zip,20250103isolf.csv,zip_entry_last_modified,True,52.49888888888889,2025-01-04 00:00:00-05:00,False,2025-01-03 12:00:00-05:00,51.65,2025-01-03 00:00:00-05:00,True,4.15,-7.31,69.88,1107.2255,2025-01-04 12:45:00,FM-15,-1.0,-10.0,51.0,8.2,False,False,False,False
66.09,1088,13,5,True,52.89,51.98875,2025-01-04 13:00:00-05:00,2025-01-04 18:00:00+00:00,2025-01-04 13:00:00-05:00,61758,HUD VL,EST,HUD VL,61758,USW00014714,NYISO,HUD VL,actual_integrated,2025-01-02 07:30:04-05:00,2025-01-03 05:00:00-05:00,21.49888888888889,20250101isolf_csv.zip,20250103isolf.csv,zip_entry_last_modified,True,53.49888888888889,2025-01-04 00:00:00-05:00,False,2025-01-03 13:00:00-05:00,52.89,2025-01-03 00:00:00-05:00,True,4.09,-6.8,68.8,1162.3795,2025-01-04 13:45:00,FM-15,-2.0,-12.0,47.0,12.9,False,False,False,False
70.23,1125,14,5,True,56.0,52.40375,2025-01-04 14:00:00-05:00,2025-01-04 19:00:00+00:00,2025-01-04 14:00:00-05:00,61758,HUD VL,EST,HUD VL,61758,USW00014714,NYISO,HUD VL,actual_integrated,2025-01-02 07:30:04-05:00,2025-01-03 05:00:00-05:00,21.49888888888889,20250101isolf_csv.zip,20250103isolf.csv,zip_entry_last_modified,True,54.49888888888889,2025-01-04 00:00:00-05:00,False,2025-01-03 14:00:00-05:00,56.0,2025-01-03 00:00:00-05:00,True,4.09,-10.88,77.02,1212.3614,2025-01-04 14:45:00,FM-15,-2.0,-12.0,47.0,10.3,False,False,False,False
74.67,1184,15,5,True,55.39,52.57874999999999,2025-01-04 15:00:00-05:00,2025-01-04 20:00:00+00:00,2025-01-04 15:00:00-05:00,61758,HUD VL,EST,HUD VL,61758,USW00014714,NYISO,HUD VL,actual_integrated,2025-01-02 07:30:04-05:00,2025-01-03 05:00:00-05:00,21.49888888888889,20250101isolf_csv.zip,20250103isolf.csv,zip_entry_last_modified,True,55.49888888888889,2025-01-04 00:00:00-05:00,False,2025-01-03 15:00:00-05:00,55.39,2025-01-03 00:00:00-05:00,True,4.26,-15.03,85.44,1278.9512,2025-01-04 15:45:00,FM-15,-2.0,-12.0,47.0,12.9,False,False,False,False
85.85,1251,16,5,True,66.74,52.8025,2025-01-04 16:00:00-05:00,2025-01-04 21:00:00+00:00,2025-01-04 16:00:00-05:00,61758,HUD VL,EST,HUD VL,61758,USW00014714,NYISO,HUD VL,actual_integrated,2025-01-02 07:30:04-05:00,2025-01-03 05:00:00-05:00,21.49888888888889,20250101isolf_csv.zip,20250103isolf.csv,zip_entry_last_modified,True,56.49888888888889,2025-01-04 00:00:00-05:00,False,2025-01-03 16:00:00-05:00,66.74,2025-01-03 00:00:00-05:00,True,4.64,-23.18,104.39,1364.6856,2025-01-04 16:45:00,FM-15,-2.0,-11.0,51.0,12.9,False,False,False,False
109.73,1314,17,5,True,81.51,53.24875,2025-01-04 17:00:00-05:00,2025-01-04 22:00:00+00:00,2025-01-04 17:00:00-05:00,61758,HUD VL,EST,HUD VL,61758,USW00014714,NYISO,HUD VL,actual_integrated,2025-01-02 07:30:04-05:00,2025-01-03 05:00:00-05:00,21.49888888888889,20250101isolf_csv.zip,20250103isolf.csv,zip_entry_last_modified,True,57.49888888888889,2025-01-04 00:00:00-05:00,False,2025-01-03 17:00:00-05:00,81.51,2025-01-03 00:00:00-05:00,True,5.66,-36.72,140.79000000000002,1429.0978,2025-01-04 17:45:00,FM-15,-2.0,-11.0,51.0,8.2,False,False,False,False
100.85,1311,18,5,True,76.0,53.68208333333333,2025-01-04 18:00:00-05:00,2025-01-04 23:00:00+00:00,2025-01-04 18:00:00-05:00,61758,HUD VL,EST,HUD VL,61758,USW00014714,NYISO,HUD VL,actual_integrated,2025-01-02 07:30:04-05:00,2025-01-03 05:00:00-05:00,21.49888888888889,20250101isolf_csv.zip,20250103isolf.csv,zip_entry_last_modified,True,58.49888888888889,2025-01-04 00:00:00-05:00,False,2025-01-03 18:00:00-05:00,76.0,2025-01-03 00:00:00-05:00,True,5.43,-29.22,124.64,1428.9657,2025-01-04 18:45:00,FM-15,-3.0,-11.0,54.0,6.2,False,False,False,False
91.02,1286,19,5,True,63.74,53.87958333333333,2025-01-04 19:00:00-05:00,2025-01-05 00:00:00+00:00,2025-01-04 19:00:00-05:00,61758,HUD VL,EST,HUD VL,61758,USW00014714,NYISO,HUD VL,actual_integrated,2025-01-02 07:30:04-05:00,2025-01-03 05:00:00-05:00,21.49888888888889,20250101isolf_csv.zip,20250103isolf.csv,zip_entry_last_modified,True,59.49888888888889,2025-01-04 00:00:00-05:00,False,2025-01-03 19:00:00-05:00,63.74,2025-01-03 00:00:00-05:00,True,4.65,-28.96,115.32999999999998,1399.8444,2025-01-04 19:45:00,FM-15,-3.0,-11.0,54.0,8.2,False,False,False,False
88.49,1258,20,5,True,62.0,54.1325,2025-01-04 20:00:00-05:00,2025-01-05 01:00:00+00:00,2025-01-04 20:00:00-05:00,61758,HUD VL,EST,HUD VL,61758,USW00014714,NYISO,HUD VL,actual_integrated,2025-01-02 07:30:04-05:00,2025-01-03 05:00:00-05:00,21.49888888888889,20250101isolf_csv.zip,20250103isolf.csv,zip_entry_last_modified,True,60.49888888888889,2025-01-04 00:00:00-05:00,False,2025-01-03 20:00:00-05:00,62.0,2025-01-03 00:00:00-05:00,True,4.2,-28.96,113.25,1365.364,2025-01-04 20:45:00,FM-15,-3.0,-11.0,54.0,6.2,False,False,False,False
77.92,1218,21,5,True,58.42,54.441250000000004,2025-01-04 21:00:00-05:00,2025-01-05 02:00:00+00:00,2025-01-04 21:00:00-05:00,61758,HUD VL,EST,HUD VL,61758,USW00014714,NYISO,HUD VL,actual_integrated,2025-01-02 07:30:04-05:00,2025-01-03 05:00:00-05:00,21.49888888888889,20250101isolf_csv.zip,20250103isolf.csv,zip_entry_last_modified,True,61.49888888888889,2025-01-04 00:00:00-05:00,False,2025-01-03 21:00:00-05:00,58.42,2025-01-03 00:00:00-05:00,True,4.14,-18.57,92.35,1320.5402,2025-01-04 21:45:00,FM-15,-4.0,-11.0,59.0,6.2,False,False,False,False
73.5,1168,22,5,True,57.63,54.911249999999995,2025-01-04 22:00:00-05:00,2025-01-05 03:00:00+00:00,2025-01-04 22:00:00-05:00,61758,HUD VL,EST,HUD VL,61758,USW00014714,NYISO,HUD VL,actual_integrated,2025-01-02 07:30:04-05:00,2025-01-03 05:00:00-05:00,21.49888888888889,20250101isolf_csv.zip,20250103isolf.csv,zip_entry_last_modified,True,62.49888888888889,2025-01-04 00:00:00-05:00,False,2025-01-03 22:00:00-05:00,57.63,2025-01-03 00:00:00-05:00,True,4.08,-14.32,83.74000000000001,1253.8907,2025-01-04 22:45:00,FM-15,-4.0,-11.0,59.0,6.2,False,False,False,False
68.44,1112,23,5,True,57.82,55.502500000000005,2025-01-04 23:00:00-05:00,2025-01-05 04:00:00+00:00,2025-01-04 23:00:00-05:00,61758,HUD VL,EST,HUD VL,61758,USW00014714,NYISO,HUD VL,actual_integrated,2025-01-02 07:30:04-05:00,2025-01-03 05:00:00-05:00,21.49888888888889,20250101isolf_csv.zip,20250103isolf.csv,zip_entry_last_modified,True,63.49888888888889,2025-01-04 00:00:00-05:00,False,2025-01-03 23:00:00-05:00,57.82,2025-01-03 00:00:00-05:00,True,3.96,-9.5,73.98,1190.0121,2025-01-04 23:45:00,FM-15,-4.0,-11.0,59.0,6.2,False,False,False,False
79.04,1084,0,6,True,55.34,55.98208333333333,2025-01-05 00:00:00-05:00,2025-01-05 05:00:00+00:00,2025-01-05 00:00:00-05:00,61758,HUD VL,EST,HUD VL,61758,USW00014714,NYISO,HUD VL,actual_integrated,2025-01-03 07:55:04-05:00,2025-01-04 05:00:00-05:00,21.08222222222222,20250101isolf_csv.zip,20250104isolf.csv,zip_entry_last_modified,True,40.08222222222222,2025-01-05 00:00:00-05:00,False,2025-01-04 00:00:00-05:00,55.34,2025-01-04 00:00:00-05:00,True,5.21,-0.42,74.25000000000001,1138.3318,2025-01-05 00:45:00,FM-15,-4.0,-11.0,59.0,6.2,False,False,False,False
79.25,1060,1,6,True,52.7,56.44,2025-01-05 01:00:00-05:00,2025-01-05 06:00:00+00:00,2025-01-05 01:00:00-05:00,61758,HUD VL,EST,HUD VL,61758,USW00014714,NYISO,HUD VL,actual_integrated,2025-01-03 07:55:04-05:00,2025-01-04 05:00:00-05:00,21.08222222222222,20250101isolf_csv.zip,20250104isolf.csv,zip_entry_last_modified,True,41.08222222222222,2025-01-05 00:00:00-05:00,False,2025-01-04 01:00:00-05:00,52.7,2025-01-04 00:00:00-05:00,True,5.24,-0.16,74.17,1100.393,2025-01-05 01:45:00,FM-15,-4.0,-11.0,59.0,7.7,False,False,False,False
75.97,1040,2,6,True,50.61,56.84083333333333,2025-01-05 02:00:00-05:00,2025-01-05 07:00:00+00:00,2025-01-05 02:00:00-05:00,61758,HUD VL,EST,HUD VL,61758,USW00014714,NYISO,HUD VL,actual_integrated,2025-01-03 07:55:04-05:00,2025-01-04 05:00:00-05:00,21.08222222222222,20250101isolf_csv.zip,20250104isolf.csv,zip_entry_last_modified,True,42.08222222222222,2025-01-05 00:00:00-05:00,False,2025-01-04 02:00:00-05:00,50.61,2025-01-04 00:00:00-05:00,True,4.59,-3.88,75.25999999999999,1078.7439,2025-01-05 02:45:00,FM-15,-3.0,-10.0,59.0,9.8,False,False,False,False
71.51,1032,3,6,True,51.67,57.25416666666666,2025-01-05 03:00:00-05:00,2025-01-05 08:00:00+00:00,2025-01-05 03:00:00-05:00,61758,HUD VL,EST,HUD VL,61758,USW00014714,NYISO,HUD VL,actual_integrated,2025-01-03 07:55:04-05:00,2025-01-04 05:00:00-05:00,21.08222222222222,20250101isolf_csv.zip,20250104isolf.csv,zip_entry_last_modified,True,43.08222222222222,2025-01-05 00:00:00-05:00,False,2025-01-04 03:00:00-05:00,51.67,2025-01-04 00:00:00-05:00,True,4.4,-2.37,69.48,1062.8117,2025-01-05 03:45:00,FM-15,-3.0,-10.0,59.0,9.8,False,False,False,False
71.62,1037,4,6,True,51.93,57.62583333333333,2025-01-05 04:00:00-05:00,2025-01-05 09:00:00+00:00,2025-01-05 04:00:00-05:00,61758,HUD VL,EST,HUD VL,61758,USW00014714,NYISO,HUD VL,actual_integrated,2025-01-03 07:55:04-05:00,2025-01-04 05:00:00-05:00,21.08222222222222,20250101isolf_csv.zip,20250104isolf.csv,zip_entry_last_modified,True,44.08222222222222,2025-01-05 00:00:00-05:00,False,2025-01-04 04:00:00-05:00,51.93,2025-01-04 00:00:00-05:00,True,4.68,0.0,66.94,1060.6287,2025-01-05 04:45:00,FM-15,-3.0,-10.0,59.0,9.8,False,False,False,False
71.84,1052,5,6,True,53.19,57.78999999999999,2025-01-05 05:00:00-05:00,2025-01-05 10:00:00+00:00,2025-01-05 05:00:00-05:00,61758,HUD VL,EST,HUD VL,61758,USW00014714,NYISO,HUD VL,actual_integrated,2025-01-03 07:55:04-05:00,2025-01-04 05:00:00-05:00,21.08222222222222,20250101isolf_csv.zip,20250104isolf.csv,zip_entry_last_modified,True,45.08222222222222,2025-01-05 00:00:00-05:00,False,2025-01-04 05:00:00-05:00,53.19,2025-01-04 00:00:00-05:00,True,4.63,0.0,67.21000000000001,1072.0683,2025-01-05 05:45:00,FM-15,-3.0,-11.0,54.0,6.7,False,False,False,False
75.86,1088,6,6,True,53.14,57.61958333333334,2025-01-05 06:00:00-05:00,2025-01-05 11:00:00+00:00,2025-01-05 06:00:00-05:00,61758,HUD VL,EST,HUD VL,61758,USW00014714,NYISO,HUD VL,actual_integrated,2025-01-03 07:55:04-05:00,2025-01-04 05:00:00-05:00,21.08222222222222,20250101isolf_csv.zip,20250104isolf.csv,zip_entry_last_modified,True,46.08222222222222,2025-01-05 00:00:00-05:00,False,2025-01-04 06:00:00-05:00,53.14,2025-01-04 00:00:00-05:00,True,4.89,0.0,70.97,1100.6003,2025-01-05 06:45:00,FM-15,-3.0,-11.0,54.0,8.8,False,False,False,False
77.28,1123,7,6,True,57.64,57.54291666666668,2025-01-05 07:00:00-05:00,2025-01-05 12:00:00+00:00,2025-01-05 07:00:00-05:00,61758,HUD VL,EST,HUD VL,61758,USW00014714,NYISO,HUD VL,actual_integrated,2025-01-03 07:55:04-05:00,2025-01-04 05:00:00-05:00,21.08222222222222,20250101isolf_csv.zip,20250104isolf.csv,zip_entry_last_modified,True,47.08222222222222,2025-01-05 00:00:00-05:00,False,2025-01-04 07:00:00-05:00,57.64,2025-01-04 00:00:00-05:00,True,3.9,-19.2,92.58,1145.1052,2025-01-05 07:45:00,FM-15,-3.0,-11.0,54.0,7.7,False,False,False,False
80.19,1103,8,6,True,60.62,57.74041666666667,2025-01-05 08:00:00-05:00,2025-01-05 13:00:00+00:00,2025-01-05 08:00:00-05:00,61758,HUD VL,EST,HUD VL,61758,USW00014714,NYISO,HUD VL,actual_integrated,2025-01-03 07:55:04-05:00,2025-01-04 05:00:00-05:00,21.08222222222222,20250101isolf_csv.zip,20250104isolf.csv,zip_entry_last_modified,True,48.08222222222222,2025-01-05 00:00:00-05:00,False,2025-01-04 08:00:00-05:00,60.62,2025-01-04 00:00:00-05:00,True,4.44,-16.57,92.32,1180.2741,2025-01-05 08:45:00,FM-15,-3.0,-10.0,59.0,5.1,False,False,False,False
81.54,1061,9,6,True,62.98,58.197916666666664,2025-01-05 09:00:00-05:00,2025-01-05 14:00:00+00:00,2025-01-05 09:00:00-05:00,61758,HUD VL,EST,HUD VL,61758,USW00014714,NYISO,HUD VL,actual_integrated,2025-01-03 07:55:04-05:00,2025-01-04 05:00:00-05:00,21.08222222222222,20250101isolf_csv.zip,20250104isolf.csv,zip_entry_last_modified,True,49.08222222222222,2025-01-05 00:00:00-05:00,False,2025-01-04 09:00:00-05:00,62.98,2025-01-04 00:00:00-05:00,True,4.99,-9.99,86.54,1184.9652,2025-01-05 09:45:00,FM-15,-3.0,-10.0,59.0,7.7,False,False,False,False
85.42,1040,10,6,True,67.41,58.77,2025-01-05 10:00:00-05:00,2025-01-05 15:00:00+00:00,2025-01-05 10:00:00-05:00,61758,HUD VL,EST,HUD VL,61758,USW00014714,NYISO,HUD VL,actual_integrated,2025-01-03 07:55:04-05:00,2025-01-04 05:00:00-05:00,21.08222222222222,20250101isolf_csv.zip,20250104isolf.csv,zip_entry_last_modified,True,50.08222222222222,2025-01-05 00:00:00-05:00,False,2025-01-04 10:00:00-05:00,67.41,2025-01-04 00:00:00-05:00,True,5.34,-5.94,86.02,1167.3397,2025-01-05 10:45:00,FM-15,-2.0,-10.0,55.0,7.7,False,False,False,False
85.22,1024,11,6,True,67.44,59.35249999999999,2025-01-05 11:00:00-05:00,2025-01-05 16:00:00+00:00,2025-01-05 11:00:00-05:00,61758,HUD VL,EST,HUD VL,61758,USW00014714,NYISO,HUD VL,actual_integrated,2025-01-03 07:55:04-05:00,2025-01-04 05:00:00-05:00,21.08222222222222,20250101isolf_csv.zip,20250104isolf.csv,zip_entry_last_modified,True,51.08222222222222,2025-01-05 00:00:00-05:00,False,2025-01-04 11:00:00-05:00,67.44,2025-01-04 00:00:00-05:00,True,5.18,-6.05,86.08999999999999,1174.7171,2025-01-05 11:45:00,FM-15,-2.0,-10.0,55.0,8.8,False,False,False,False
83.73,1051,12,6,True,66.72,59.98041666666666,2025-01-05 12:00:00-05:00,2025-01-05 17:00:00+00:00,2025-01-05 12:00:00-05:00,61758,HUD VL,EST,HUD VL,61758,USW00014714,NYISO,HUD VL,actual_integrated,2025-01-03 07:55:04-05:00,2025-01-04 05:00:00-05:00,21.08222222222222,20250101isolf_csv.zip,20250104isolf.csv,zip_entry_last_modified,True,52.08222222222222,2025-01-05 00:00:00-05:00,False,2025-01-04 12:00:00-05:00,66.72,2025-01-04 00:00:00-05:00,True,4.92,-6.48,85.29,1178.216,2025-01-05 12:45:00,FM-15,-1.0,-9.0,55.0,8.8,False,False,False,False
84.88,1086,13,6,True,66.09,60.53041666666667,2025-01-05 13:00:00-05:00,2025-01-05 18:00:00+00:00,2025-01-05 13:00:00-05:00,61758,HUD VL,EST,HUD VL,61758,USW00014714,NYISO,HUD VL,actual_integrated,2025-01-03 07:55:04-05:00,2025-01-04 05:00:00-05:00,21.08222222222222,20250101isolf_csv.zip,20250104isolf.csv,zip_entry_last_modified,True,53.08222222222222,2025-01-05 00:00:00-05:00,False,2025-01-04 13:00:00-05:00,66.09,2025-01-04 00:00:00-05:00,True,5.16,-6.03,85.75,1181.2311,2025-01-05 13:45:00,FM-15,-1.0,-9.0,55.0,6.2,False,False,False,False
86.06,1137,14,6,True,70.23,61.123333333333335,2025-01-05 14:00:00-05:00,2025-01-05 19:00:00+00:00,2025-01-05 14:00:00-05:00,61758,HUD VL,EST,HUD VL,61758,USW00014714,NYISO,HUD VL,actual_integrated,2025-01-03 07:55:04-05:00,2025-01-04 05:00:00-05:00,21.08222222222222,20250101isolf_csv.zip,20250104isolf.csv,zip_entry_last_modified,True,54.08222222222222,2025-01-05 00:00:00-05:00,False,2025-01-04 14:00:00-05:00,70.23,2025-01-04 00:00:00-05:00,True,5.25,-6.82,87.63,1238.5105,2025-01-05 14:45:00,FM-15,-2.0,-10.0,55.0,4.6,False,False,False,False
87.24,1206,15,6,True,74.67,61.92666666666667,2025-01-05 15:00:00-05:00,2025-01-05 20:00:00+00:00,2025-01-05 15:00:00-05:00,61758,HUD VL,EST,HUD VL,61758,USW00014714,NYISO,HUD VL,actual_integrated,2025-01-03 07:55:04-05:00,2025-01-04 05:00:00-05:00,21.08222222222222,20250101isolf_csv.zip,20250104isolf.csv,zip_entry_last_modified,True,55.08222222222222,2025-01-05 00:00:00-05:00,False,2025-01-04 15:00:00-05:00,74.67,2025-01-04 00:00:00-05:00,True,5.17,-8.15,90.22,1297.7757,2025-01-05 15:45:00,FM-15,-2.0,-9.0,59.0,5.1,False,False,False,False
109.7,1281,16,6,True,85.85,62.72291666666667,2025-01-05 16:00:00-05:00,2025-01-05 21:00:00+00:00,2025-01-05 16:00:00-05:00,61758,HUD VL,EST,HUD VL,61758,USW00014714,NYISO,HUD VL,actual_integrated,2025-01-03 07:55:04-05:00,2025-01-04 05:00:00-05:00,21.08222222222222,20250101isolf_csv.zip,20250104isolf.csv,zip_entry_last_modified,True,56.08222222222222,2025-01-05 00:00:00-05:00,False,2025-01-04 16:00:00-05:00,85.85,2025-01-04 00:00:00-05:00,True,5.99,-18.12,121.83,1373.0891,2025-01-05 16:45:00,FM-15,-2.0,-9.0,59.0,5.1,False,False,False,False
132.59,1350,17,6,True,109.73,63.89875000000001,2025-01-05 17:00:00-05:00,2025-01-05 22:00:00+00:00,2025-01-05 17:00:00-05:00,61758,HUD VL,EST,HUD VL,61758,USW00014714,NYISO,HUD VL,actual_integrated,2025-01-03 07:55:04-05:00,2025-01-04 05:00:00-05:00,21.08222222222222,20250101isolf_csv.zip,20250104isolf.csv,zip_entry_last_modified,True,57.08222222222222,2025-01-05 00:00:00-05:00,False,2025-01-04 17:00:00-05:00,109.73,2025-01-04 00:00:00-05:00,True,7.66,-20.0,144.93,1442.1024,2025-01-05 17:45:00,FM-15,-2.0,-9.0,59.0,6.2,False,False,False,False
124.59,1346,18,6,True,100.85,64.93416666666667,2025-01-05 18:00:00-05:00,2025-01-05 23:00:00+00:00,2025-01-05 18:00:00-05:00,61758,HUD VL,EST,HUD VL,61758,USW00014714,NYISO,HUD VL,actual_integrated,2025-01-03 07:55:04-05:00,2025-01-04 05:00:00-05:00,21.08222222222222,20250101isolf_csv.zip,20250104isolf.csv,zip_entry_last_modified,True,58.08222222222222,2025-01-05 00:00:00-05:00,False,2025-01-04 18:00:00-05:00,100.85,2025-01-04 00:00:00-05:00,True,7.45,-16.44,133.58,1436.8719,2025-01-05 18:45:00,FM-15,-2.0,-9.0,59.0,5.1,False,False,False,False
111.24,1319,19,6,True,91.02,66.07083333333334,2025-01-05 19:00:00-05:00,2025-01-06 00:00:00+00:00,2025-01-05 19:00:00-05:00,61758,HUD VL,EST,HUD VL,61758,USW00014714,NYISO,HUD VL,actual_integrated,2025-01-03 07:55:04-05:00,2025-01-04 05:00:00-05:00,21.08222222222222,20250101isolf_csv.zip,20250104isolf.csv,zip_entry_last_modified,True,59.08222222222222,2025-01-05 00:00:00-05:00,False,2025-01-04 19:00:00-05:00,91.02,2025-01-04 00:00:00-05:00,True,6.56,-14.76,119.44,1404.0031,2025-01-05 19:45:00,FM-15,-3.0,-8.0,69.0,5.1,False,False,False,False
109.29,1284,20,6,True,88.49,67.17458333333333,2025-01-05 20:00:00-05:00,2025-01-06 01:00:00+00:00,2025-01-05 20:00:00-05:00,61758,HUD VL,EST,HUD VL,61758,USW00014714,NYISO,HUD VL,actual_integrated,2025-01-03 07:55:04-05:00,2025-01-04 05:00:00-05:00,21.08222222222222,20250101isolf_csv.zip,20250104isolf.csv,zip_entry_last_modified,True,60.08222222222222,2025-01-05 00:00:00-05:00,False,2025-01-04 20:00:00-05:00,88.49,2025-01-04 00:00:00-05:00,True,6.53,-9.44,112.2,1363.1078,2025-01-05 20:45:00,FM-15,-3.0,-8.0,69.0,7.2,False,False,False,False
97.16,1230,21,6,True,77.92,67.98708333333333,2025-01-05 21:00:00-05:00,2025-01-06 02:00:00+00:00,2025-01-05 21:00:00-05:00,61758,HUD VL,EST,HUD VL,61758,USW00014714,NYISO,HUD VL,actual_integrated,2025-01-03 07:55:04-05:00,2025-01-04 05:00:00-05:00,21.08222222222222,20250101isolf_csv.zip,20250104isolf.csv,zip_entry_last_modified,True,61.08222222222222,2025-01-05 00:00:00-05:00,False,2025-01-04 21:00:00-05:00,77.92,2025-01-04 00:00:00-05:00,True,5.94,-5.06,96.28,1300.7095,2025-01-05 21:45:00,FM-15,-4.0,-8.0,74.0,7.2,False,False,False,False
90.62,1167,22,6,True,73.5,68.64833333333334,2025-01-05 22:00:00-05:00,2025-01-06 03:00:00+00:00,2025-01-05 22:00:00-05:00,61758,HUD VL,EST,HUD VL,61758,USW00014714,NYISO,HUD VL,actual_integrated,2025-01-03 07:55:04-05:00,2025-01-04 05:00:00-05:00,21.08222222222222,20250101isolf_csv.zip,20250104isolf.csv,zip_entry_last_modified,True,62.08222222222222,2025-01-05 00:00:00-05:00,False,2025-01-04 22:00:00-05:00,73.5,2025-01-04 00:00:00-05:00,True,5.6,-1.42,86.44000000000001,1222.1082,2025-01-05 22:45:00,FM-15,-3.0,-8.0,69.0,7.2,False,False,False,False
92.69,1107,23,6,True,68.44,69.09083333333332,2025-01-05 23:00:00-05:00,2025-01-06 04:00:00+00:00,2025-01-05 23:00:00-05:00,61758,HUD VL,EST,HUD VL,61758,USW00014714,NYISO,HUD VL,actual_integrated,2025-01-03 07:55:04-05:00,2025-01-04 05:00:00-05:00,21.08222222222222,20250101isolf_csv.zip,20250104isolf.csv,zip_entry_last_modified,True,63.08222222222222,2025-01-05 00:00:00-05:00,False,2025-01-04 23:00:00-05:00,68.44,2025-01-04 00:00:00-05:00,True,5.5,0.0,87.19,1146.1882,2025-01-05 23:45:00,FM-15,-4.0,-8.0,74.0,2.6,False,False,False,False
98.5,1073,0,0,False,79.04,70.07833333333333,2025-01-06 00:00:00-05:00,2025-01-06 05:00:00+00:00,2025-01-06 00:00:00-05:00,61758,HUD VL,EST,HUD VL,61758,USW00014714,NYISO,HUD VL,actual_integrated,2025-01-04 07:55:04-05:00,2025-01-05 05:00:00-05:00,21.08222222222222,20250101isolf_csv.zip,20250105isolf.csv,zip_entry_last_modified,True,40.08222222222222,2025-01-06 00:00:00-05:00,False,2025-01-05 00:00:00-05:00,79.04,2025-01-05 00:00:00-05:00,True,5.92,-4.22,96.8,1097.7465,2025-01-06 00:45:00,FM-15,-4.0,-7.0,80.0,2.1,False,False,False,False
96.38,1054,1,0,False,79.25,71.18458333333332,2025-01-06 01:00:00-05:00,2025-01-06 06:00:00+00:00,2025-01-06 01:00:00-05:00,61758,HUD VL,EST,HUD VL,61758,USW00014714,NYISO,HUD VL,actual_integrated,2025-01-04 07:55:04-05:00,2025-01-05 05:00:00-05:00,21.08222222222222,20250101isolf_csv.zip,20250105isolf.csv,zip_entry_last_modified,True,41.08222222222222,2025-01-06 00:00:00-05:00,False,2025-01-05 01:00:00-05:00,79.25,2025-01-05 00:00:00-05:00,True,5.21,-9.9,101.07,1064.5493,2025-01-06 01:45:00,FM-15,-4.0,-7.0,80.0,0.0,False,False,False,False
94.68,1041,2,0,False,75.97,72.24125,2025-01-06 02:00:00-05:00,2025-01-06 07:00:00+00:00,2025-01-06 02:00:00-05:00,61758,HUD VL,EST,HUD VL,61758,USW00014714,NYISO,HUD VL,actual_integrated,2025-01-04 07:55:04-05:00,2025-01-05 05:00:00-05:00,21.08222222222222,20250101isolf_csv.zip,20250105isolf.csv,zip_entry_last_modified,True,42.08222222222222,2025-01-06 00:00:00-05:00,False,2025-01-05 02:00:00-05:00,75.97,2025-01-05 00:00:00-05:00,True,5.02,-8.64,98.3,1045.8618,2025-01-06 02:45:00,FM-15,-4.0,-7.0,80.0,3.1,False,False,False,False
95.05,1042,3,0,False,71.51,73.06791666666666,2025-01-06 03:00:00-05:00,2025-01-06 08:00:00+00:00,2025-01-06 03:00:00-05:00,61758,HUD VL,EST,HUD VL,61758,USW00014714,NYISO,HUD VL,actual_integrated,2025-01-04 07:55:04-05:00,2025-01-05 05:00:00-05:00,21.08222222222222,20250101isolf_csv.zip,20250105isolf.csv,zip_entry_last_modified,True,43.08222222222222,2025-01-06 00:00:00-05:00,False,2025-01-05 03:00:00-05:00,71.51,2025-01-05 00:00:00-05:00,True,5.28,-4.6,94.37,1044.8054,2025-01-06 03:45:00,FM-15,-4.0,-7.0,80.0,0.0,False,False,False,False
95.13,1061,4,0,False,71.62,73.88833333333334,2025-01-06 04:00:00-05:00,2025-01-06 09:00:00+00:00,2025-01-06 04:00:00-05:00,61758,HUD VL,EST,HUD VL,61758,USW00014714,NYISO,HUD VL,actual_integrated,2025-01-04 07:55:04-05:00,2025-01-05 05:00:00-05:00,21.08222222222222,20250101isolf_csv.zip,20250105isolf.csv,zip_entry_last_modified,True,44.08222222222222,2025-01-06 00:00:00-05:00,False,2025-01-05 04:00:00-05:00,71.62,2025-01-05 00:00:00-05:00,True,5.79,-0.2,89.53999999999999,1061.2779,2025-01-06 04:45:00,FM-15,-4.0,-6.0,86.0,2.1,False,False,False,False
108.85,1109,5,0,False,71.84,74.66541666666667,2025-01-06 05:00:00-05:00,2025-01-06 10:00:00+00:00,2025-01-06 05:00:00-05:00,61758,HUD VL,EST,HUD VL,61758,USW00014714,NYISO,HUD VL,actual_integrated,2025-01-04 07:55:04-05:00,2025-01-05 05:00:00-05:00,21.08222222222222,20250101isolf_csv.zip,20250105isolf.csv,zip_entry_last_modified,True,45.08222222222222,2025-01-06 00:00:00-05:00,False,2025-01-05 05:00:00-05:00,71.84,2025-01-05 00:00:00-05:00,True,4.32,-22.94,127.47,1114.6297,2025-01-06 05:45:00,FM-15,-4.0,-7.0,80.0,2.1,False,False,False,False
116.02,1190,6,0,False,75.86,75.61208333333333,2025-01-06 06:00:00-05:00,2025-01-06 11:00:00+00:00,2025-01-06 06:00:00-05:00,61758,HUD VL,EST,HUD VL,61758,USW00014714,NYISO,HUD VL,actual_integrated,2025-01-04 07:55:04-05:00,2025-01-05 05:00:00-05:00,21.08222222222222,20250101isolf_csv.zip,20250105isolf.csv,zip_entry_last_modified,True,46.08222222222222,2025-01-06 00:00:00-05:00,False,2025-01-05 06:00:00-05:00,75.86,2025-01-05 00:00:00-05:00,True,5.25,-20.15,130.92,1200.9835,2025-01-06 06:45:00,FM-15,-4.0,-7.0,80.0,2.1,False,False,False,False
144.87,1255,7,0,False,77.28,76.43041666666666,2025-01-06 07:00:00-05:00,2025-01-06 12:00:00+00:00,2025-01-06 07:00:00-05:00,61758,HUD VL,EST,HUD VL,61758,USW00014714,NYISO,HUD VL,actual_integrated,2025-01-04 07:55:04-05:00,2025-01-05 05:00:00-05:00,21.08222222222222,20250101isolf_csv.zip,20250105isolf.csv,zip_entry_last_modified,True,47.08222222222222,2025-01-06 00:00:00-05:00,False,2025-01-05 07:00:00-05:00,77.28,2025-01-05 00:00:00-05:00,True,5.3,-49.74,189.31,1279.7665,2025-01-06 07:45:00,FM-15,-5.0,-7.0,86.0,3.6,False,False,False,False
141.59,1271,8,0,False,80.19,77.24583333333334,2025-01-06 08:00:00-05:00,2025-01-06 13:00:00+00:00,2025-01-06 08:00:00-05:00,61758,HUD VL,EST,HUD VL,61758,USW00014714,NYISO,HUD VL,actual_integrated,2025-01-04 07:55:04-05:00,2025-01-05 05:00:00-05:00,21.08222222222222,20250101isolf_csv.zip,20250105isolf.csv,zip_entry_last_modified,True,48.08222222222222,2025-01-06 00:00:00-05:00,False,2025-01-05 08:00:00-05:00,80.19,2025-01-05 00:00:00-05:00,True,6.6,-31.93,166.92000000000002,1307.7816,2025-01-06 08:45:00,FM-15,-5.0,-7.0,86.0,3.6,False,False,False,False
138.74,1266,9,0,False,81.54,78.01916666666666,2025-01-06 09:00:00-05:00,2025-01-06 14:00:00+00:00,2025-01-06 09:00:00-05:00,61758,HUD VL,EST,HUD VL,61758,USW00014714,NYISO,HUD VL,actual_integrated,2025-01-04 07:55:04-05:00,2025-01-05 05:00:00-05:00,21.08222222222222,20250101isolf_csv.zip,20250105isolf.csv,zip_entry_last_modified,True,49.08222222222222,2025-01-06 00:00:00-05:00,False,2025-01-05 09:00:00-05:00,81.54,2025-01-05 00:00:00-05:00,True,5.94,-41.31,174.11,1320.0797,2025-01-06 09:45:00,FM-15,-5.0,-7.0,86.0,3.6,False,False,False,False
150.58,1263,10,0,False,85.42,78.76958333333333,2025-01-06 10:00:00-05:00,2025-01-06 15:00:00+00:00,2025-01-06 10:00:00-05:00,61758,HUD VL,EST,HUD VL,61758,USW00014714,NYISO,HUD VL,actual_integrated,2025-01-04 07:55:04-05:00,2025-01-05 05:00:00-05:00,21.08222222222222,20250101isolf_csv.zip,20250105isolf.csv,zip_entry_last_modified,True,50.08222222222222,2025-01-06 00:00:00-05:00,False,2025-01-05 10:00:00-05:00,85.42,2025-01-05 00:00:00-05:00,True,8.03,-24.47,167.02,1345.8324,2025-01-06 10:15:00,FM-15,-5.0,-7.0,86.0,3.6,False,False,False,False
133.15,1245,11,0,False,85.22,79.51041666666667,2025-01-06 11:00:00-05:00,2025-01-06 16:00:00+00:00,2025-01-06 11:00:00-05:00,61758,HUD VL,EST,HUD VL,61758,USW00014714,NYISO,HUD VL,actual_integrated,2025-01-04 07:55:04-05:00,2025-01-05 05:00:00-05:00,21.08222222222222,20250101isolf_csv.zip,20250105isolf.csv,zip_entry_last_modified,True,51.08222222222222,2025-01-06 00:00:00-05:00,False,2025-01-05 11:00:00-05:00,85.22,2025-01-05 00:00:00-05:00,True,7.97,-12.96,138.14,1367.4939,2025-01-06 11:45:00,FM-15,-5.0,-6.0,93.0,2.6,False,False,False,False
127.22,1245,12,0,False,83.73,80.21916666666667,2025-01-06 12:00:00-05:00,2025-01-06 17:00:00+00:00,2025-01-06 12:00:00-05:00,61758,HUD VL,EST,HUD VL,61758,USW00014714,NYISO,HUD VL,actual_integrated,2025-01-04 07:55:04-05:00,2025-01-05 05:00:00-05:00,21.08222222222222,20250101isolf_csv.zip,20250105isolf.csv,zip_entry_last_modified,True,52.08222222222222,2025-01-06 00:00:00-05:00,False,2025-01-05 12:00:00-05:00,83.73,2025-01-05 00:00:00-05:00,True,7.0,-18.69,138.91,1372.4626,2025-01-06 12:45:00,FM-15,-5.0,-6.0,93.0,2.1,False,False,False,False
125.1,1238,13,0,False,84.88,81.00208333333333,2025-01-06 13:00:00-05:00,2025-01-06 18:00:00+00:00,2025-01-06 13:00:00-05:00,61758,HUD VL,EST,HUD VL,61758,USW00014714,NYISO,HUD VL,actual_integrated,2025-01-04 07:55:04-05:00,2025-01-05 05:00:00-05:00,21.08222222222222,20250101isolf_csv.zip,20250105isolf.csv,zip_entry_last_modified,True,53.08222222222222,2025-01-06 00:00:00-05:00,False,2025-01-05 13:00:00-05:00,84.88,2025-01-05 00:00:00-05:00,True,5.86,-35.53,154.76999999999998,1370.5683,2025-01-06 13:05:00,FM-15,-5.0,-6.0,93.0,1.5,False,False,False,False
126.82,1257,14,0,False,86.06,81.66166666666668,2025-01-06 14:00:00-05:00,2025-01-06 19:00:00+00:00,2025-01-06 14:00:00-05:00,61758,HUD VL,EST,HUD VL,61758,USW00014714,NYISO,HUD VL,actual_integrated,2025-01-04 07:55:04-05:00,2025-01-05 05:00:00-05:00,21.08222222222222,20250101isolf_csv.zip,20250105isolf.csv,zip_entry_last_modified,True,54.08222222222222,2025-01-06 00:00:00-05:00,False,2025-01-05 14:00:00-05:00,86.06,2025-01-05 00:00:00-05:00,True,6.01,-34.98,155.79,1362.6335,2025-01-06 14:45:00,FM-15,-5.0,-6.0,93.0,2.1,False,False,False,False
134.27,1287,15,0,False,87.24,82.18541666666667,2025-01-06 15:00:00-05:00,2025-01-06 20:00:00+00:00,2025-01-06 15:00:00-05:00,61758,HUD VL,EST,HUD VL,61758,USW00014714,NYISO,HUD VL,actual_integrated,2025-01-04 07:55:04-05:00,2025-01-05 05:00:00-05:00,21.08222222222222,20250101isolf_csv.zip,20250105isolf.csv,zip_entry_last_modified,True,55.08222222222222,2025-01-06 00:00:00-05:00,False,2025-01-05 15:00:00-05:00,87.24,2025-01-05 00:00:00-05:00,True,5.35,-49.09,178.01000000000002,1390.7905,2025-01-06 15:45:00,FM-15,-6.0,-7.0,93.0,5.1,False,False,False,False
151.47,1350,16,0,False,109.7,83.17916666666666,2025-01-06 16:00:00-05:00,2025-01-06 21:00:00+00:00,2025-01-06 16:00:00-05:00,61758,HUD VL,EST,HUD VL,61758,USW00014714,NYISO,HUD VL,actual_integrated,2025-01-04 07:55:04-05:00,2025-01-05 05:00:00-05:00,21.08222222222222,20250101isolf_csv.zip,20250105isolf.csv,zip_entry_last_modified,True,56.08222222222222,2025-01-06 00:00:00-05:00,False,2025-01-05 16:00:00-05:00,109.7,2025-01-05 00:00:00-05:00,True,5.61,-64.43,210.29,1441.1294,2025-01-06 16:45:00,FM-15,-6.0,-8.0,86.0,2.6,False,False,False,False
176.45,1426,17,0,False,132.59,84.13166666666667,2025-01-06 17:00:00-05:00,2025-01-06 22:00:00+00:00,2025-01-06 17:00:00-05:00,61758,HUD VL,EST,HUD VL,61758,USW00014714,NYISO,HUD VL,actual_integrated,2025-01-04 07:55:04-05:00,2025-01-05 05:00:00-05:00,21.08222222222222,20250101isolf_csv.zip,20250105isolf.csv,zip_entry_last_modified,True,57.08222222222222,2025-01-06 00:00:00-05:00,False,2025-01-05 17:00:00-05:00,132.59,2025-01-05 00:00:00-05:00,True,6.83,-71.97,241.59,1506.5934,2025-01-06 17:45:00,FM-15,-8.0,-10.0,86.0,2.6,False,False,False,False
171.09,1427,18,0,False,124.59,85.12083333333334,2025-01-06 18:00:00-05:00,2025-01-06 23:00:00+00:00,2025-01-06 18:00:00-05:00,61758,HUD VL,EST,HUD VL,61758,USW00014714,NYISO,HUD VL,actual_integrated,2025-01-04 07:55:04-05:00,2025-01-05 05:00:00-05:00,21.08222222222222,20250101isolf_csv.zip,20250105isolf.csv,zip_entry_last_modified,True,58.08222222222222,2025-01-06 00:00:00-05:00,False,2025-01-05 18:00:00-05:00,124.59,2025-01-05 00:00:00-05:00,True,6.17,-78.03,242.95,1504.9299,2025-01-06 18:45:00,FM-15,-8.0,-10.0,86.0,3.1,False,False,False,False
160.02,1403,19,0,False,111.24,85.96333333333332,2025-01-06 19:00:00-05:00,2025-01-07 00:00:00+00:00,2025-01-06 19:00:00-05:00,61758,HUD VL,EST,HUD VL,61758,USW00014714,NYISO,HUD VL,actual_integrated,2025-01-04 07:55:04-05:00,2025-01-05 05:00:00-05:00,21.08222222222222,20250101isolf_csv.zip,20250105isolf.csv,zip_entry_last_modified,True,59.08222222222222,2025-01-06 00:00:00-05:00,False,2025-01-05 19:00:00-05:00,111.24,2025-01-05 00:00:00-05:00,True,5.01,-83.34,238.35,1490.5761,2025-01-06 19:45:00,FM-15,-8.0,-11.0,79.0,4.1,False,False,False,False
133.41,1365,20,0,False,109.29,86.83,2025-01-06 20:00:00-05:00,2025-01-07 01:00:00+00:00,2025-01-06 20:00:00-05:00,61758,HUD VL,EST,HUD VL,61758,USW00014714,NYISO,HUD VL,actual_integrated,2025-01-04 07:55:04-05:00,2025-01-05 05:00:00-05:00,21.08222222222222,20250101isolf_csv.zip,20250105isolf.csv,zip_entry_last_modified,True,60.08222222222222,2025-01-06 00:00:00-05:00,False,2025-01-05 20:00:00-05:00,109.29,2025-01-05 00:00:00-05:00,True,6.1,-52.94,180.25,1468.205,2025-01-06 20:45:00,FM-15,-8.0,-11.0,79.0,3.6,False,False,False,False
126.17,1301,21,0,False,97.16,87.63166666666666,2025-01-06 21:00:00-05:00,2025-01-07 02:00:00+00:00,2025-01-06 21:00:00-05:00,61758,HUD VL,EST,HUD VL,61758,USW00014714,NYISO,HUD VL,actual_integrated,2025-01-04 07:55:04-05:00,2025-01-05 05:00:00-05:00,21.08222222222222,20250101isolf_csv.zip,20250105isolf.csv,zip_entry_last_modified,True,61.08222222222222,2025-01-06 00:00:00-05:00,False,2025-01-05 21:00:00-05:00,97.16,2025-01-05 00:00:00-05:00,True,6.06,-45.23,165.34,1410.9929,2025-01-06 21:45:00,FM-15,-8.0,-12.0,73.0,4.6,False,False,False,False
123.92,1231,22,0,False,90.62,88.34499999999998,2025-01-06 22:00:00-05:00,2025-01-07 03:00:00+00:00,2025-01-06 22:00:00-05:00,61758,HUD VL,EST,HUD VL,61758,USW00014714,NYISO,HUD VL,actual_integrated,2025-01-04 07:55:04-05:00,2025-01-05 05:00:00-05:00,21.08222222222222,20250101isolf_csv.zip,20250105isolf.csv,zip_entry_last_modified,True,62.08222222222222,2025-01-06 00:00:00-05:00,False,2025-01-05 22:00:00-05:00,90.62,2025-01-05 00:00:00-05:00,True,6.65,-37.14,154.41,1333.6875,2025-01-06 22:45:00,FM-15,-9.0,-12.0,79.0,4.1,False,False,False,False
115.25,1165,23,0,False,92.69,89.35541666666666,2025-01-06 23:00:00-05:00,2025-01-07 04:00:00+00:00,2025-01-06 23:00:00-05:00,61758,HUD VL,EST,HUD VL,61758,USW00014714,NYISO,HUD VL,actual_integrated,2025-01-04 07:55:04-05:00,2025-01-05 05:00:00-05:00,21.08222222222222,20250101isolf_csv.zip,20250105isolf.csv,zip_entry_last_modified,True,63.08222222222222,2025-01-06 00:00:00-05:00,False,2025-01-05 23:00:00-05:00,92.69,2025-01-05 00:00:00-05:00,True,6.12,-29.69,138.82,1261.8146,2025-01-06 23:45:00,FM-15,-9.0,-12.0,79.0,3.1,False,False,False,False
120.64,1106,0,1,False,98.5,90.16624999999999,2025-01-07 00:00:00-05:00,2025-01-07 05:00:00+00:00,2025-01-07 00:00:00-05:00,61758,HUD VL,EST,HUD VL,61758,USW00014714,NYISO,HUD VL,actual_integrated,2025-01-05 08:00:04-05:00,2025-01-06 05:00:00-05:00,20.99888888888889,20250101isolf_csv.zip,20250106isolf.csv,zip_entry_last_modified,True,39.99888888888889,2025-01-07 00:00:00-05:00,False,2025-01-06 00:00:00-05:00,98.5,2025-01-06 00:00:00-05:00,True,5.15,-44.89,160.38,1213.0411,2025-01-07 00:45:00,FM-15,-10.0,-14.0,73.0,3.1,False,False,False,False
108.81,1083,1,1,False,96.38,90.88,2025-01-07 01:00:00-05:00,2025-01-07 06:00:00+00:00,2025-01-07 01:00:00-05:00,61758,HUD VL,EST,HUD VL,61758,USW00014714,NYISO,HUD VL,actual_integrated,2025-01-05 08:00:04-05:00,2025-01-06 05:00:00-05:00,20.99888888888889,20250101isolf_csv.zip,20250106isolf.csv,zip_entry_last_modified,True,40.99888888888889,2025-01-07 00:00:00-05:00,False,2025-01-06 01:00:00-05:00,96.38,2025-01-06 00:00:00-05:00,True,4.93,-33.5,137.38,1190.2166,2025-01-07 01:45:00,FM-15,-10.0,-14.0,73.0,2.6,False,False,False,False
114.45,1071,2,1,False,94.68,91.65958333333333,2025-01-07 02:00:00-05:00,2025-01-07 07:00:00+00:00,2025-01-07 02:00:00-05:00,61758,HUD VL,EST,HUD VL,61758,USW00014714,NYISO,HUD VL,actual_integrated,2025-01-05 08:00:04-05:00,2025-01-06 05:00:00-05:00,20.99888888888889,20250101isolf_csv.zip,20250106isolf.csv,zip_entry_last_modified,True,41.99888888888889,2025-01-07 00:00:00-05:00,False,2025-01-06 02:00:00-05:00,94.68,2025-01-06 00:00:00-05:00,True,4.63,-39.57,149.39,1170.8554,2025-01-07 02:45:00,FM-15,-9.0,-13.0,73.0,2.6,False,False,False,False
112.98,1071,3,1,False,95.05,92.64041666666667,2025-01-07 03:00:00-05:00,2025-01-07 08:00:00+00:00,2025-01-07 03:00:00-05:00,61758,HUD VL,EST,HUD VL,61758,USW00014714,NYISO,HUD VL,actual_integrated,2025-01-05 08:00:04-05:00,2025-01-06 05:00:00-05:00,20.99888888888889,20250101isolf_csv.zip,20250106isolf.csv,zip_entry_last_modified,True,42.99888888888889,2025-01-07 00:00:00-05:00,False,2025-01-06 03:00:00-05:00,95.05,2025-01-06 00:00:00-05:00,True,4.64,-38.02,146.36,1167.0239,2025-01-07 03:45:00,FM-15,-9.0,-13.0,73.0,2.6,False,False,False,False
117.25,1087,4,1,False,95.13,93.62,2025-01-07 04:00:00-05:00,2025-01-07 09:00:00+00:00,2025-01-07 04:00:00-05:00,61758,HUD VL,EST,HUD VL,61758,USW00014714,NYISO,HUD VL,actual_integrated,2025-01-05 08:00:04-05:00,2025-01-06 05:00:00-05:00,20.99888888888889,20250101isolf_csv.zip,20250106isolf.csv,zip_entry_last_modified,True,43.99888888888889,2025-01-07 00:00:00-05:00,False,2025-01-06 04:00:00-05:00,95.13,2025-01-06 00:00:00-05:00,True,4.5,-42.43,155.18,1175.2152,2025-01-07 04:45:00,FM-15,-8.0,-13.0,68.0,5.7,False,False,False,False
125.24,1134,5,1,False,108.85,95.16208333333333,2025-01-07 05:00:00-05:00,2025-01-07 10:00:00+00:00,2025-01-07 05:00:00-05:00,61758,HUD VL,EST,HUD VL,61758,USW00014714,NYISO,HUD VL,actual_integrated,2025-01-05 08:00:04-05:00,2025-01-06 05:00:00-05:00,20.99888888888889,20250101isolf_csv.zip,20250106isolf.csv,zip_entry_last_modified,True,44.99888888888889,2025-01-07 00:00:00-05:00,False,2025-01-06 05:00:00-05:00,108.85,2025-01-06 00:00:00-05:00,True,3.72,-57.33,178.85,1223.9312,2025-01-07 05:45:00,FM-15,-8.0,-13.0,68.0,4.1,False,False,False,False
145.91,1215,6,1,False,116.02,96.83541666666667,2025-01-07 06:00:00-05:00,2025-01-07 11:00:00+00:00,2025-01-07 06:00:00-05:00,61758,HUD VL,EST,HUD VL,61758,USW00014714,NYISO,HUD VL,actual_integrated,2025-01-05 08:00:04-05:00,2025-01-06 05:00:00-05:00,20.99888888888889,20250101isolf_csv.zip,20250106isolf.csv,zip_entry_last_modified,True,45.99888888888889,2025-01-07 00:00:00-05:00,False,2025-01-06 06:00:00-05:00,116.02,2025-01-06 00:00:00-05:00,True,4.13,-72.89,214.67,1314.95,2025-01-07 06:45:00,FM-15,-8.0,-13.0,68.0,7.7,False,False,False,False
168.17,1279,7,1,False,144.87,99.65166666666666,2025-01-07 07:00:00-05:00,2025-01-07 12:00:00+00:00,2025-01-07 07:00:00-05:00,61758,HUD VL,EST,HUD VL,61758,USW00014714,NYISO,HUD VL,actual_integrated,2025-01-05 08:00:04-05:00,2025-01-06 05:00:00-05:00,20.99888888888889,20250101isolf_csv.zip,20250106isolf.csv,zip_entry_last_modified,True,46.99888888888889,2025-01-07 00:00:00-05:00,False,2025-01-06 07:00:00-05:00,144.87,2025-01-06 00:00:00-05:00,True,3.13,-114.5,279.54,1376.4734,2025-01-07 07:45:00,FM-15,-7.0,-12.0,68.0,8.2,False,False,False,False
151.35,1260,8,1,False,141.59,102.21,2025-01-07 08:00:00-05:00,2025-01-07 13:00:00+00:00,2025-01-07 08:00:00-05:00,61758,HUD VL,EST,HUD VL,61758,USW00014714,NYISO,HUD VL,actual_integrated,2025-01-05 08:00:04-05:00,2025-01-06 05:00:00-05:00,20.99888888888889,20250101isolf_csv.zip,20250106isolf.csv,zip_entry_last_modified,True,47.99888888888889,2025-01-07 00:00:00-05:00,False,2025-01-06 08:00:00-05:00,141.59,2025-01-06 00:00:00-05:00,True,3.2,-96.64,244.79,1363.0178,2025-01-07 08:45:00,FM-15,-6.0,-12.0,63.0,8.8,False,False,False,False
145.01,1186,9,1,False,138.74,104.59333333333332,2025-01-07 09:00:00-05:00,2025-01-07 14:00:00+00:00,2025-01-07 09:00:00-05:00,61758,HUD VL,EST,HUD VL,61758,USW00014714,NYISO,HUD VL,actual_integrated,2025-01-05 08:00:04-05:00,2025-01-06 05:00:00-05:00,20.99888888888889,20250101isolf_csv.zip,20250106isolf.csv,zip_entry_last_modified,True,48.99888888888889,2025-01-07 00:00:00-05:00,False,2025-01-06 09:00:00-05:00,138.74,2025-01-06 00:00:00-05:00,True,2.99,-96.69,238.71,1293.7701,2025-01-07 09:45:00,FM-15,-5.0,-11.0,63.0,10.3,False,False,False,False
143.73,1132,10,1,False,150.58,107.30833333333334,2025-01-07 10:00:00-05:00,2025-01-07 15:00:00+00:00,2025-01-07 10:00:00-05:00,61758,HUD VL,EST,HUD VL,61758,USW00014714,NYISO,HUD VL,actual_integrated,2025-01-05 08:00:04-05:00,2025-01-06 05:00:00-05:00,20.99888888888889,20250101isolf_csv.zip,20250106isolf.csv,zip_entry_last_modified,True,49.99888888888889,2025-01-07 00:00:00-05:00,False,2025-01-06 10:00:00-05:00,150.58,2025-01-06 00:00:00-05:00,True,3.73,-80.9,220.9,1210.3347,2025-01-07 10:45:00,FM-15,-4.0,-11.0,59.0,10.3,False,False,False,False
141.61,1099,11,1,False,133.15,109.30541666666666,2025-01-07 11:00:00-05:00,2025-01-07 16:00:00+00:00,2025-01-07 11:00:00-05:00,61758,HUD VL,EST,HUD VL,61758,USW00014714,NYISO,HUD VL,actual_integrated,2025-01-05 08:00:04-05:00,2025-01-06 05:00:00-05:00,20.99888888888889,20250101isolf_csv.zip,20250106isolf.csv,zip_entry_last_modified,True,50.99888888888889,2025-01-07 00:00:00-05:00,False,2025-01-06 11:00:00-05:00,133.15,2025-01-06 00:00:00-05:00,True,3.24,-86.14,224.51,1143.5277,2025-01-07 11:45:00,FM-15,-3.0,-10.0,59.0,10.3,False,False,False,False
137.78,1095,12,1,False,127.22,111.1175,2025-01-07 12:00:00-05:00,2025-01-07 17:00:00+00:00,2025-01-07 12:00:00-05:00,61758,HUD VL,EST,HUD VL,61758,USW00014714,NYISO,HUD VL,actual_integrated,2025-01-05 08:00:04-05:00,2025-01-06 05:00:00-05:00,20.99888888888889,20250101isolf_csv.zip,20250106isolf.csv,zip_entry_last_modified,True,51.99888888888889,2025-01-07 00:00:00-05:00,False,2025-01-06 12:00:00-05:00,127.22,2025-01-06 00:00:00-05:00,True,2.97,-87.67,222.48,1128.4973,2025-01-07 12:45:00,FM-15,-2.0,-10.0,55.0,7.7,False,False,False,False
136.75,1114,13,1,False,125.1,112.79333333333334,2025-01-07 13:00:00-05:00,2025-01-07 18:00:00+00:00,2025-01-07 13:00:00-05:00,61758,HUD VL,EST,HUD VL,61758,USW00014714,NYISO,HUD VL,actual_integrated,2025-01-05 08:00:04-05:00,2025-01-06 05:00:00-05:00,20.99888888888889,20250101isolf_csv.zip,20250106isolf.csv,zip_entry_last_modified,True,52.99888888888889,2025-01-07 00:00:00-05:00,False,2025-01-06 13:00:00-05:00,125.1,2025-01-06 00:00:00-05:00,True,2.91,-86.9,220.74,1136.7336,2025-01-07 13:45:00,FM-15,-1.0,-9.0,55.0,12.9,False,False,False,False
137.73,1163,14,1,False,126.82,114.49166666666667,2025-01-07 14:00:00-05:00,2025-01-07 19:00:00+00:00,2025-01-07 14:00:00-05:00,61758,HUD VL,EST,HUD VL,61758,USW00014714,NYISO,HUD VL,actual_integrated,2025-01-05 08:00:04-05:00,2025-01-06 05:00:00-05:00,20.99888888888889,20250101isolf_csv.zip,20250106isolf.csv,zip_entry_last_modified,True,53.99888888888889,2025-01-07 00:00:00-05:00,False,2025-01-06 14:00:00-05:00,126.82,2025-01-06 00:00:00-05:00,True,3.05,-86.31,220.99,1203.9812,2025-01-07 14:45:00,FM-15,-1.0,-9.0,55.0,12.4,False,False,False,False
148.22,1240,15,1,False,134.27,116.45125000000002,2025-01-07 15:00:00-05:00,2025-01-07 20:00:00+00:00,2025-01-07 15:00:00-05:00,61758,HUD VL,EST,HUD VL,61758,USW00014714,NYISO,HUD VL,actual_integrated,2025-01-05 08:00:04-05:00,2025-01-06 05:00:00-05:00,20.99888888888889,20250101isolf_csv.zip,20250106isolf.csv,zip_entry_last_modified,True,54.99888888888889,2025-01-07 00:00:00-05:00,False,2025-01-06 15:00:00-05:00,134.27,2025-01-06 00:00:00-05:00,True,2.87,-99.0,244.35,1324.6781,2025-01-07 15:45:00,FM-15,-2.0,-10.0,55.0,10.3,False,False,False,False
172.36,1335,16,1,False,151.47,118.19166666666666,2025-01-07 16:00:00-05:00,2025-01-07 21:00:00+00:00,2025-01-07 16:00:00-05:00,61758,HUD VL,EST,HUD VL,61758,USW00014714,NYISO,HUD VL,actual_integrated,2025-01-05 08:00:04-05:00,2025-01-06 05:00:00-05:00,20.99888888888889,20250101isolf_csv.zip,20250106isolf.csv,zip_entry_last_modified,True,55.99888888888889,2025-01-07 00:00:00-05:00,False,2025-01-06 16:00:00-05:00,151.47,2025-01-06 00:00:00-05:00,True,4.13,-106.64,274.87,1441.1611,2025-01-07 16:45:00,FM-15,-3.0,-10.0,59.0,12.9,False,False,False,False
216.61,1427,17,1,False,176.45,120.01916666666666,2025-01-07 17:00:00-05:00,2025-01-07 22:00:00+00:00,2025-01-07 17:00:00-05:00,61758,HUD VL,EST,HUD VL,61758,USW00014714,NYISO,HUD VL,actual_integrated,2025-01-05 08:00:04-05:00,2025-01-06 05:00:00-05:00,20.99888888888889,20250101isolf_csv.zip,20250106isolf.csv,zip_entry_last_modified,True,56.99888888888889,2025-01-07 00:00:00-05:00,False,2025-01-06 17:00:00-05:00,176.45,2025-01-06 00:00:00-05:00,True,5.76,-129.68,340.53000000000003,1541.7031,2025-01-07 17:45:00,FM-15,-4.0,-10.0,63.0,8.8,False,False,False,False
202.89,1425,18,1,False,171.09,121.95666666666666,2025-01-07 18:00:00-05:00,2025-01-07 23:00:00+00:00,2025-01-07 18:00:00-05:00,61758,HUD VL,EST,HUD VL,61758,USW00014714,NYISO,HUD VL,actual_integrated,2025-01-05 08:00:04-05:00,2025-01-06 05:00:00-05:00,20.99888888888889,20250101isolf_csv.zip,20250106isolf.csv,zip_entry_last_modified,True,57.99888888888889,2025-01-07 00:00:00-05:00,False,2025-01-06 18:00:00-05:00,171.09,2025-01-06 00:00:00-05:00,True,5.63,-116.83,314.09,1540.3429,2025-01-07 18:45:00,FM-15,-4.0,-10.0,63.0,8.8,False,False,False,False
186.72,1396,19,1,False,160.02,123.98916666666666,2025-01-07 19:00:00-05:00,2025-01-08 00:00:00+00:00,2025-01-07 19:00:00-05:00,61758,HUD VL,EST,HUD VL,61758,USW00014714,NYISO,HUD VL,actual_integrated,2025-01-05 08:00:04-05:00,2025-01-06 05:00:00-05:00,20.99888888888889,20250101isolf_csv.zip,20250106isolf.csv,zip_entry_last_modified,True,58.99888888888889,2025-01-07 00:00:00-05:00,False,2025-01-06 19:00:00-05:00,160.02,2025-01-06 00:00:00-05:00,True,4.81,-113.2,295.11,1513.667,2025-01-07 19:45:00,FM-15,-4.0,-11.0,59.0,7.2,False,False,False,False
158.81,1355,20,1,False,133.41,124.99416666666667,2025-01-07 20:00:00-05:00,2025-01-08 01:00:00+00:00,2025-01-07 20:00:00-05:00,61758,HUD VL,EST,HUD VL,61758,USW00014714,NYISO,HUD VL,actual_integrated,2025-01-05 08:00:04-05:00,2025-01-06 05:00:00-05:00,20.99888888888889,20250101isolf_csv.zip,20250106isolf.csv,zip_entry_last_modified,True,59.99888888888889,2025-01-07 00:00:00-05:00,False,2025-01-06 20:00:00-05:00,133.41,2025-01-06 00:00:00-05:00,True,5.86,-82.35,235.3,1482.6313,2025-01-07 20:45:00,FM-15,-4.0,-11.0,59.0,6.2,False,False,False,False
152.89,1293,21,1,False,126.17,126.20291666666667,2025-01-07 21:00:00-05:00,2025-01-08 02:00:00+00:00,2025-01-07 21:00:00-05:00,61758,HUD VL,EST,HUD VL,61758,USW00014714,NYISO,HUD VL,actual_integrated,2025-01-05 08:00:04-05:00,2025-01-06 05:00:00-05:00,20.99888888888889,20250101isolf_csv.zip,20250106isolf.csv,zip_entry_last_modified,True,60.99888888888889,2025-01-07 00:00:00-05:00,False,2025-01-06 21:00:00-05:00,126.17,2025-01-06 00:00:00-05:00,True,5.57,-76.79,224.11,1416.9896,2025-01-07 21:45:00,FM-15,-5.0,-11.0,63.0,10.3,False,False,False,False
141.06,1220,22,1,False,123.92,127.59041666666667,2025-01-07 22:00:00-05:00,2025-01-08 03:00:00+00:00,2025-01-07 22:00:00-05:00,61758,HUD VL,EST,HUD VL,61758,USW00014714,NYISO,HUD VL,actual_integrated,2025-01-05 08:00:04-05:00,2025-01-06 05:00:00-05:00,20.99888888888889,20250101isolf_csv.zip,20250106isolf.csv,zip_entry_last_modified,True,61.99888888888889,2025-01-07 00:00:00-05:00,False,2025-01-06 22:00:00-05:00,123.92,2025-01-06 00:00:00-05:00,True,5.57,-65.02,200.51,1332.8276,2025-01-07 22:45:00,FM-15,-5.0,-10.0,68.0,7.2,False,False,False,False
138.84,1154,23,1,False,115.25,128.53041666666667,2025-01-07 23:00:00-05:00,2025-01-08 04:00:00+00:00,2025-01-07 23:00:00-05:00,61758,HUD VL,EST,HUD VL,61758,USW00014714,NYISO,HUD VL,actual_integrated,2025-01-05 08:00:04-05:00,2025-01-06 05:00:00-05:00,20.99888888888889,20250101isolf_csv.zip,20250106isolf.csv,zip_entry_last_modified,True,62.99888888888889,2025-01-07 00:00:00-05:00,False,2025-01-06 23:00:00-05:00,115.25,2025-01-06 00:00:00-05:00,True,5.44,-62.75,196.15,1251.6882,2025-01-07 23:45:00,FM-15,-4.0,-10.0,63.0,7.2,False,False,False,False
136.47,1101,0,2,False,120.64,129.45291666666668,2025-01-08 00:00:00-05:00,2025-01-08 05:00:00+00:00,2025-01-08 00:00:00-05:00,61758,HUD VL,EST,HUD VL,61758,USW00014714,NYISO,HUD VL,actual_integrated,2025-01-06 07:20:02-05:00,2025-01-07 05:00:00-05:00,21.66611111111111,20250101isolf_csv.zip,20250107isolf.csv,zip_entry_last_modified,True,40.66611111111112,2025-01-08 00:00:00-05:00,False,2025-01-07 00:00:00-05:00,120.64,2025-01-07 00:00:00-05:00,True,6.34,-56.43,186.56,1203.2031,2025-01-08 00:45:00,FM-15,-5.0,-10.0,68.0,7.7,False,False,False,False
131.74,1079,1,2,False,108.81,129.97083333333333,2025-01-08 01:00:00-05:00,2025-01-08 06:00:00+00:00,2025-01-08 01:00:00-05:00,61758,HUD VL,EST,HUD VL,61758,USW00014714,NYISO,HUD VL,actual_integrated,2025-01-06 07:20:02-05:00,2025-01-07 05:00:00-05:00,21.66611111111111,20250101isolf_csv.zip,20250107isolf.csv,zip_entry_last_modified,True,41.66611111111112,2025-01-08 00:00:00-05:00,False,2025-01-07 01:00:00-05:00,108.81,2025-01-07 00:00:00-05:00,True,6.03,-53.93,179.64,1176.034,2025-01-08 01:45:00,FM-15,-5.0,-12.0,58.0,10.8,False,False,False,False
124.96,1069,2,2,False,114.45,130.79458333333335,2025-01-08 02:00:00-05:00,2025-01-08 07:00:00+00:00,2025-01-08 02:00:00-05:00,61758,HUD VL,EST,HUD VL,61758,USW00014714,NYISO,HUD VL,actual_integrated,2025-01-06 07:20:02-05:00,2025-01-07 05:00:00-05:00,21.66611111111111,20250101isolf_csv.zip,20250107isolf.csv,zip_entry_last_modified,True,42.66611111111112,2025-01-08 00:00:00-05:00,False,2025-01-07 02:00:00-05:00,114.45,2025-01-07 00:00:00-05:00,True,5.8,-48.4,167.56,1165.8137,2025-01-08 02:45:00,FM-15,-6.0,-13.0,58.0,5.7,False,False,False,False
124.52,1069,3,2,False,112.98,131.54166666666666,2025-01-08 03:00:00-05:00,2025-01-08 08:00:00+00:00,2025-01-08 03:00:00-05:00,61758,HUD VL,EST,HUD VL,61758,USW00014714,NYISO,HUD VL,actual_integrated,2025-01-06 07:20:02-05:00,2025-01-07 05:00:00-05:00,21.66611111111111,20250101isolf_csv.zip,20250107isolf.csv,zip_entry_last_modified,True,43.66611111111112,2025-01-08 00:00:00-05:00,False,2025-01-07 03:00:00-05:00,112.98,2025-01-07 00:00:00-05:00,True,5.71,-48.27,167.08,1166.9925,2025-01-08 03:45:00,FM-15,-6.0,-13.0,58.0,9.3,False,False,False,False
134.01,1085,4,2,False,117.25,132.46333333333334,2025-01-08 04:00:00-05:00,2025-01-08 09:00:00+00:00,2025-01-08 04:00:00-05:00,61758,HUD VL,EST,HUD VL,61758,USW00014714,NYISO,HUD VL,actual_integrated,2025-01-06 07:20:02-05:00,2025-01-07 05:00:00-05:00,21.66611111111111,20250101isolf_csv.zip,20250107isolf.csv,zip_entry_last_modified,True,44.66611111111112,2025-01-08 00:00:00-05:00,False,2025-01-07 04:00:00-05:00,117.25,2025-01-07 00:00:00-05:00,True,5.8,-57.45,185.66,1181.5304,2025-01-08 04:45:00,FM-15,-6.0,-14.0,54.0,10.8,False,False,False,False
141.1,1129,5,2,False,125.24,133.14625,2025-01-08 05:00:00-05:00,2025-01-08 10:00:00+00:00,2025-01-08 05:00:00-05:00,61758,HUD VL,EST,HUD VL,61758,USW00014714,NYISO,HUD VL,actual_integrated,2025-01-06 07:20:02-05:00,2025-01-07 05:00:00-05:00,21.66611111111111,20250101isolf_csv.zip,20250107isolf.csv,zip_entry_last_modified,True,45.66611111111112,2025-01-08 00:00:00-05:00,False,2025-01-07 05:00:00-05:00,125.24,2025-01-07 00:00:00-05:00,True,6.4,-61.07,195.77,1230.3826,2025-01-08 05:45:00,FM-15,-6.0,-13.0,58.0,7.7,False,False,False,False
158.54,1208,6,2,False,145.91,134.39166666666668,2025-01-08 06:00:00-05:00,2025-01-08 11:00:00+00:00,2025-01-08 06:00:00-05:00,61758,HUD VL,EST,HUD VL,61758,USW00014714,NYISO,HUD VL,actual_integrated,2025-01-06 07:20:02-05:00,2025-01-07 05:00:00-05:00,21.66611111111111,20250101isolf_csv.zip,20250107isolf.csv,zip_entry_last_modified,True,46.66611111111112,2025-01-08 00:00:00-05:00,False,2025-01-07 06:00:00-05:00,145.91,2025-01-07 00:00:00-05:00,True,6.26,-77.72,230.0,1308.5818,2025-01-08 06:45:00,FM-15,-6.0,-13.0,58.0,7.7,False,False,False,False
185.75,1274,7,2,False,168.17,135.3625,2025-01-08 07:00:00-05:00,2025-01-08 12:00:00+00:00,2025-01-08 07:00:00-05:00,61758,HUD VL,EST,HUD VL,61758,USW00014714,NYISO,HUD VL,actual_integrated,2025-01-06 07:20:02-05:00,2025-01-07 05:00:00-05:00,21.66611111111111,20250101isolf_csv.zip,20250107isolf.csv,zip_entry_last_modified,True,47.66611111111112,2025-01-08 00:00:00-05:00,False,2025-01-07 07:00:00-05:00,168.17,2025-01-07 00:00:00-05:00,True,6.33,-105.79,285.21,1362.6699,2025-01-08 07:45:00,FM-15,-6.0,-13.0,58.0,7.7,False,False,False,False
159.89,1258,8,2,False,151.35,135.76916666666668,2025-01-08 08:00:00-05:00,2025-01-08 13:00:00+00:00,2025-01-08 08:00:00-05:00,61758,HUD VL,EST,HUD VL,61758,USW00014714,NYISO,HUD VL,actual_integrated,2025-01-06 07:20:02-05:00,2025-01-07 05:00:00-05:00,21.66611111111111,20250101isolf_csv.zip,20250107isolf.csv,zip_entry_last_modified,True,48.66611111111112,2025-01-08 00:00:00-05:00,False,2025-01-07 08:00:00-05:00,151.35,2025-01-07 00:00:00-05:00,True,6.56,-78.77,232.1,1337.5389,2025-01-08 08:45:00,FM-15,-6.0,-13.0,58.0,7.7,False,False,False,False
153.71,1191,9,2,False,145.01,136.03041666666667,2025-01-08 09:00:00-05:00,2025-01-08 14:00:00+00:00,2025-01-08 09:00:00-05:00,61758,HUD VL,EST,HUD VL,61758,USW00014714,NYISO,HUD VL,actual_integrated,2025-01-06 07:20:02-05:00,2025-01-07 05:00:00-05:00,21.66611111111111,20250101isolf_csv.zip,20250107isolf.csv,zip_entry_last_modified,True,49.66611111111112,2025-01-08 00:00:00-05:00,False,2025-01-07 09:00:00-05:00,145.01,2025-01-07 00:00:00-05:00,True,6.61,-72.86,219.96,1249.3307,2025-01-08 09:45:00,FM-15,-5.0,-12.0,58.0,10.8,False,False,False,False
147.02,1138,10,2,False,143.73,135.74499999999998,2025-01-08 10:00:00-05:00,2025-01-08 15:00:00+00:00,2025-01-08 10:00:00-05:00,61758,HUD VL,EST,HUD VL,61758,USW00014714,NYISO,HUD VL,actual_integrated,2025-01-06 07:20:02-05:00,2025-01-07 05:00:00-05:00,21.66611111111111,20250101isolf_csv.zip,20250107isolf.csv,zip_entry_last_modified,True,50.66611111111112,2025-01-08 00:00:00-05:00,False,2025-01-07 10:00:00-05:00,143.73,2025-01-07 00:00:00-05:00,True,6.78,-65.71,205.95,1171.3043,2025-01-08 10:45:00,FM-15,-4.0,-12.0,54.0,6.7,False,False,False,False
144.53,1112,11,2,False,141.61,136.0975,2025-01-08 11:00:00-05:00,2025-01-08 16:00:00+00:00,2025-01-08 11:00:00-05:00,61758,HUD VL,EST,HUD VL,61758,USW00014714,NYISO,HUD VL,actual_integrated,2025-01-06 07:20:02-05:00,2025-01-07 05:00:00-05:00,21.66611111111111,20250101isolf_csv.zip,20250107isolf.csv,zip_entry_last_modified,True,51.66611111111112,2025-01-08 00:00:00-05:00,False,2025-01-07 11:00:00-05:00,141.61,2025-01-07 00:00:00-05:00,True,6.48,-65.17,203.22000000000003,1123.515,2025-01-08 11:45:00,FM-15,-4.0,-14.0,46.0,6.7,False,False,False,False
140.77,1121,12,2,False,137.78,136.5375,2025-01-08 12:00:00-05:00,2025-01-08 17:00:00+00:00,2025-01-08 12:00:00-05:00,61758,HUD VL,EST,HUD VL,61758,USW00014714,NYISO,HUD VL,actual_integrated,2025-01-06 07:20:02-05:00,2025-01-07 05:00:00-05:00,21.66611111111111,20250101isolf_csv.zip,20250107isolf.csv,zip_entry_last_modified,True,52.66611111111112,2025-01-08 00:00:00-05:00,False,2025-01-07 12:00:00-05:00,137.78,2025-01-07 00:00:00-05:00,True,6.15,-63.86,198.48,1084.3584,2025-01-08 12:45:00,FM-15,-4.0,-14.0,46.0,10.3,False,False,False,False
140.76,1150,13,2,False,136.75,137.02291666666667,2025-01-08 13:00:00-05:00,2025-01-08 18:00:00+00:00,2025-01-08 13:00:00-05:00,61758,HUD VL,EST,HUD VL,61758,USW00014714,NYISO,HUD VL,actual_integrated,2025-01-06 07:20:02-05:00,2025-01-07 05:00:00-05:00,21.66611111111111,20250101isolf_csv.zip,20250107isolf.csv,zip_entry_last_modified,True,53.66611111111112,2025-01-08 00:00:00-05:00,False,2025-01-07 13:00:00-05:00,136.75,2025-01-07 00:00:00-05:00,True,6.07,-64.08,198.77,1119.568,2025-01-08 13:45:00,FM-15,-4.0,-14.0,46.0,12.9,False,False,False,False
141.85,1192,14,2,False,137.73,137.4775,2025-01-08 14:00:00-05:00,2025-01-08 19:00:00+00:00,2025-01-08 14:00:00-05:00,61758,HUD VL,EST,HUD VL,61758,USW00014714,NYISO,HUD VL,actual_integrated,2025-01-06 07:20:02-05:00,2025-01-07 05:00:00-05:00,21.66611111111111,20250101isolf_csv.zip,20250107isolf.csv,zip_entry_last_modified,True,54.66611111111112,2025-01-08 00:00:00-05:00,False,2025-01-07 14:00:00-05:00,137.73,2025-01-07 00:00:00-05:00,True,6.47,-62.66,198.04,1196.894,2025-01-08 14:45:00,FM-15,-4.0,-14.0,46.0,9.3,False,False,False,False
155.0,1256,15,2,False,148.22,138.05875,2025-01-08 15:00:00-05:00,2025-01-08 20:00:00+00:00,2025-01-08 15:00:00-05:00,61758,HUD VL,EST,HUD VL,61758,USW00014714,NYISO,HUD VL,actual_integrated,2025-01-06 07:20:02-05:00,2025-01-07 05:00:00-05:00,21.66611111111111,20250101isolf_csv.zip,20250107isolf.csv,zip_entry_last_modified,True,55.66611111111112,2025-01-08 00:00:00-05:00,False,2025-01-07 15:00:00-05:00,148.22,2025-01-07 00:00:00-05:00,True,6.22,-76.42,225.2,1329.1819,2025-01-08 15:45:00,FM-15,-6.0,-15.0,49.0,9.3,False,False,False,False
167.49,1348,16,2,False,172.36,138.92916666666667,2025-01-08 16:00:00-05:00,2025-01-08 21:00:00+00:00,2025-01-08 16:00:00-05:00,61758,HUD VL,EST,HUD VL,61758,USW00014714,NYISO,HUD VL,actual_integrated,2025-01-06 07:20:02-05:00,2025-01-07 05:00:00-05:00,21.66611111111111,20250101isolf_csv.zip,20250107isolf.csv,zip_entry_last_modified,True,56.66611111111112,2025-01-08 00:00:00-05:00,False,2025-01-07 16:00:00-05:00,172.36,2025-01-07 00:00:00-05:00,True,7.1,-85.67,246.06,1451.7218,2025-01-08 16:45:00,FM-15,-7.0,-15.0,53.0,9.3,False,False,False,False
194.69,1444,17,2,False,216.61,140.6025,2025-01-08 17:00:00-05:00,2025-01-08 22:00:00+00:00,2025-01-08 17:00:00-05:00,61758,HUD VL,EST,HUD VL,61758,USW00014714,NYISO,HUD VL,actual_integrated,2025-01-06 07:20:02-05:00,2025-01-07 05:00:00-05:00,21.66611111111111,20250101isolf_csv.zip,20250107isolf.csv,zip_entry_last_modified,True,57.66611111111112,2025-01-08 00:00:00-05:00,False,2025-01-07 17:00:00-05:00,216.61,2025-01-07 00:00:00-05:00,True,8.49,-99.6,285.79999999999995,1551.4572,2025-01-08 17:45:00,FM-15,-7.0,-15.0,53.0,9.3,False,False,False,False
184.55,1447,18,2,False,202.89,141.9275,2025-01-08 18:00:00-05:00,2025-01-08 23:00:00+00:00,2025-01-08 18:00:00-05:00,61758,HUD VL,EST,HUD VL,61758,USW00014714,NYISO,HUD VL,actual_integrated,2025-01-06 07:20:02-05:00,2025-01-07 05:00:00-05:00,21.66611111111111,20250101isolf_csv.zip,20250107isolf.csv,zip_entry_last_modified,True,58.66611111111112,2025-01-08 00:00:00-05:00,False,2025-01-07 18:00:00-05:00,202.89,2025-01-07 00:00:00-05:00,True,7.99,-94.17,270.73,1557.4031,2025-01-08 18:45:00,FM-15,-7.0,-15.0,53.0,9.3,False,False,False,False
171.49,1417,19,2,False,186.72,143.04,2025-01-08 19:00:00-05:00,2025-01-09 00:00:00+00:00,2025-01-08 19:00:00-05:00,61758,HUD VL,EST,HUD VL,61758,USW00014714,NYISO,HUD VL,actual_integrated,2025-01-06 07:20:02-05:00,2025-01-07 05:00:00-05:00,21.66611111111111,20250101isolf_csv.zip,20250107isolf.csv,zip_entry_last_modified,True,59.66611111111112,2025-01-08 00:00:00-05:00,False,2025-01-07 19:00:00-05:00,186.72,2025-01-07 00:00:00-05:00,True,7.06,-90.1,254.53,1539.8774,2025-01-08 19:45:00,FM-15,-7.0,-15.0,53.0,9.3,False,False,False,False
164.35,1380,20,2,False,158.81,144.09833333333333,2025-01-08 20:00:00-05:00,2025-01-09 01:00:00+00:00,2025-01-08 20:00:00-05:00,61758,HUD VL,EST,HUD VL,61758,USW00014714,NYISO,HUD VL,actual_integrated,2025-01-06 07:20:02-05:00,2025-01-07 05:00:00-05:00,21.66611111111111,20250101isolf_csv.zip,20250107isolf.csv,zip_entry_last_modified,True,60.66611111111112,2025-01-08 00:00:00-05:00,False,2025-01-07 20:00:00-05:00,158.81,2025-01-07 00:00:00-05:00,True,6.97,-83.21,240.59,1512.7839,2025-01-08 20:45:00,FM-15,-7.0,-15.0,53.0,9.3,False,False,False,False
156.65,1320,21,2,False,152.89,145.21166666666667,2025-01-08 21:00:00-05:00,2025-01-09 02:00:00+00:00,2025-01-08 21:00:00-05:00,61758,HUD VL,EST,HUD VL,61758,USW00014714,NYISO,HUD VL,actual_integrated,2025-01-06 07:20:02-05:00,2025-01-07 05:00:00-05:00,21.66611111111111,20250101isolf_csv.zip,20250107isolf.csv,zip_entry_last_modified,True,61.66611111111112,2025-01-08 00:00:00-05:00,False,2025-01-07 21:00:00-05:00,152.89,2025-01-07 00:00:00-05:00,True,6.43,-78.79,229.01,1452.1311,2025-01-08 21:45:00,FM-15,-6.0,-13.0,58.0,9.3,False,False,False,False
151.52,1249,22,2,False,141.06,145.92583333333334,2025-01-08 22:00:00-05:00,2025-01-09 03:00:00+00:00,2025-01-08 22:00:00-05:00,61758,HUD VL,EST,HUD VL,61758,USW00014714,NYISO,HUD VL,actual_integrated,2025-01-06 07:20:02-05:00,2025-01-07 05:00:00-05:00,21.66611111111111,20250101isolf_csv.zip,20250107isolf.csv,zip_entry_last_modified,True,62.66611111111112,2025-01-08 00:00:00-05:00,False,2025-01-07 22:00:00-05:00,141.06,2025-01-07 00:00:00-05:00,True,6.68,-70.59,215.43,1365.0683,2025-01-08 22:45:00,FM-15,-6.0,-13.0,58.0,10.8,False,False,False,False
142.61,1183,23,2,False,138.84,146.90875,2025-01-08 23:00:00-05:00,2025-01-09 04:00:00+00:00,2025-01-08 23:00:00-05:00,61758,HUD VL,EST,HUD VL,61758,USW00014714,NYISO,HUD VL,actual_integrated,2025-01-06 07:20:02-05:00,2025-01-07 05:00:00-05:00,21.66611111111111,20250101isolf_csv.zip,20250107isolf.csv,zip_entry_last_modified,True,63.66611111111112,2025-01-08 00:00:00-05:00,False,2025-01-07 23:00:00-05:00,138.84,2025-01-07 00:00:00-05:00,True,6.61,-61.76,197.76,1285.8039,2025-01-08 23:45:00,FM-15,-6.0,-13.0,58.0,9.3,False,False,False,False
143.4,1137,0,3,False,136.47,147.56833333333333,2025-01-09 00:00:00-05:00,2025-01-09 05:00:00+00:00,2025-01-09 00:00:00-05:00,61758,HUD VL,EST,HUD VL,61758,USW00014714,NYISO,HUD VL,actual_integrated,2025-01-07 07:20:04-05:00,2025-01-08 05:00:00-05:00,21.665555555555557,20250101isolf_csv.zip,20250108isolf.csv,zip_entry_last_modified,True,40.66555555555556,2025-01-09 00:00:00-05:00,False,2025-01-08 00:00:00-05:00,136.47,2025-01-08 00:00:00-05:00,True,5.94,-66.82,204.28,1238.6834,2025-01-09 00:45:00,FM-15,-6.0,-13.0,58.0,9.3,False,False,False,False
136.67,1111,1,3,False,131.74,148.52374999999998,2025-01-09 01:00:00-05:00,2025-01-09 06:00:00+00:00,2025-01-09 01:00:00-05:00,61758,HUD VL,EST,HUD VL,61758,USW00014714,NYISO,HUD VL,actual_integrated,2025-01-07 07:20:04-05:00,2025-01-08 05:00:00-05:00,21.665555555555557,20250101isolf_csv.zip,20250108isolf.csv,zip_entry_last_modified,True,41.66555555555556,2025-01-09 00:00:00-05:00,False,2025-01-08 01:00:00-05:00,131.74,2025-01-08 00:00:00-05:00,True,5.3,-65.18,196.55,1214.2146,2025-01-09 01:45:00,FM-15,-6.0,-13.0,58.0,9.3,False,False,False,False
129.9,1098,2,3,False,124.96,148.96166666666667,2025-01-09 02:00:00-05:00,2025-01-09 07:00:00+00:00,2025-01-09 02:00:00-05:00,61758,HUD VL,EST,HUD VL,61758,USW00014714,NYISO,HUD VL,actual_integrated,2025-01-07 07:20:04-05:00,2025-01-08 05:00:00-05:00,21.665555555555557,20250101isolf_csv.zip,20250108isolf.csv,zip_entry_last_modified,True,42.66555555555556,2025-01-09 00:00:00-05:00,False,2025-01-08 02:00:00-05:00,124.96,2025-01-08 00:00:00-05:00,True,4.52,-68.17,193.55,1199.4195,2025-01-09 02:45:00,FM-15,-6.0,-13.0,58.0,9.3,False,False,False,False
125.0,1096,3,3,False,124.52,149.4425,2025-01-09 03:00:00-05:00,2025-01-09 08:00:00+00:00,2025-01-09 03:00:00-05:00,61758,HUD VL,EST,HUD VL,61758,USW00014714,NYISO,HUD VL,actual_integrated,2025-01-07 07:20:04-05:00,2025-01-08 05:00:00-05:00,21.665555555555557,20250101isolf_csv.zip,20250108isolf.csv,zip_entry_last_modified,True,43.66555555555556,2025-01-09 00:00:00-05:00,False,2025-01-08 03:00:00-05:00,124.52,2025-01-08 00:00:00-05:00,True,4.5,-62.89,183.39,1193.5985,2025-01-09 03:45:00,FM-15,-6.0,-13.0,58.0,9.3,False,False,False,False
133.03,1108,4,3,False,134.01,150.14083333333335,2025-01-09 04:00:00-05:00,2025-01-09 09:00:00+00:00,2025-01-09 04:00:00-05:00,61758,HUD VL,EST,HUD VL,61758,USW00014714,NYISO,HUD VL,actual_integrated,2025-01-07 07:20:04-05:00,2025-01-08 05:00:00-05:00,21.665555555555557,20250101isolf_csv.zip,20250108isolf.csv,zip_entry_last_modified,True,44.66555555555556,2025-01-09 00:00:00-05:00,False,2025-01-08 04:00:00-05:00,134.01,2025-01-08 00:00:00-05:00,True,4.89,-65.55,193.69,1205.5712,2025-01-09 04:45:00,FM-15,-6.0,-13.0,58.0,9.3,False,False,False,False
142.75,1152,5,3,False,141.1,150.80166666666665,2025-01-09 05:00:00-05:00,2025-01-09 10:00:00+00:00,2025-01-09 05:00:00-05:00,61758,HUD VL,EST,HUD VL,61758,USW00014714,NYISO,HUD VL,actual_integrated,2025-01-07 07:20:04-05:00,2025-01-08 05:00:00-05:00,21.665555555555557,20250101isolf_csv.zip,20250108isolf.csv,zip_entry_last_modified,True,45.66555555555556,2025-01-09 00:00:00-05:00,False,2025-01-08 05:00:00-05:00,141.1,2025-01-08 00:00:00-05:00,True,5.81,-66.14,203.08,1249.0912,2025-01-09 05:45:00,FM-15,-6.0,-13.0,58.0,9.3,False,False,False,False
160.71,1231,6,3,False,158.54,151.32791666666665,2025-01-09 06:00:00-05:00,2025-01-09 11:00:00+00:00,2025-01-09 06:00:00-05:00,61758,HUD VL,EST,HUD VL,61758,USW00014714,NYISO,HUD VL,actual_integrated,2025-01-07 07:20:04-05:00,2025-01-08 05:00:00-05:00,21.665555555555557,20250101isolf_csv.zip,20250108isolf.csv,zip_entry_last_modified,True,46.66555555555556,2025-01-09 00:00:00-05:00,False,2025-01-08 06:00:00-05:00,158.54,2025-01-08 00:00:00-05:00,True,6.04,-83.58,238.25,1337.631,2025-01-09 06:45:00,FM-15,-6.0,-12.0,63.0,9.3,False,False,False,False
195.26,1299,7,3,False,185.75,152.06041666666667,2025-01-09 07:00:00-05:00,2025-01-09 12:00:00+00:00,2025-01-09 07:00:00-05:00,61758,HUD VL,EST,HUD VL,61758,USW00014714,NYISO,HUD VL,actual_integrated,2025-01-07 07:20:04-05:00,2025-01-08 05:00:00-05:00,21.665555555555557,20250101isolf_csv.zip,20250108isolf.csv,zip_entry_last_modified,True,47.66555555555556,2025-01-09 00:00:00-05:00,False,2025-01-08 07:00:00-05:00,185.75,2025-01-08 00:00:00-05:00,True,6.39,-117.84,306.71000000000004,1395.6015,2025-01-09 07:45:00,FM-15,-6.0,-12.0,63.0,8.8,False,False,False,False
163.81,1285,8,3,False,159.89,152.41625,2025-01-09 08:00:00-05:00,2025-01-09 13:00:00+00:00,2025-01-09 08:00:00-05:00,61758,HUD VL,EST,HUD VL,61758,USW00014714,NYISO,HUD VL,actual_integrated,2025-01-07 07:20:04-05:00,2025-01-08 05:00:00-05:00,21.665555555555557,20250101isolf_csv.zip,20250108isolf.csv,zip_entry_last_modified,True,48.66555555555556,2025-01-09 00:00:00-05:00,False,2025-01-08 08:00:00-05:00,159.89,2025-01-08 00:00:00-05:00,True,6.61,-86.18,243.38,1358.3141,2025-01-09 08:45:00,FM-15,-5.0,-12.0,58.0,9.8,False,False,False,False
155.48,1217,9,3,False,153.71,152.77875,2025-01-09 09:00:00-05:00,2025-01-09 14:00:00+00:00,2025-01-09 09:00:00-05:00,61758,HUD VL,EST,HUD VL,61758,USW00014714,NYISO,HUD VL,actual_integrated,2025-01-07 07:20:04-05:00,2025-01-08 05:00:00-05:00,21.665555555555557,20250101isolf_csv.zip,20250108isolf.csv,zip_entry_last_modified,True,49.66555555555556,2025-01-09 00:00:00-05:00,False,2025-01-08 09:00:00-05:00,153.71,2025-01-08 00:00:00-05:00,True,6.46,-78.07,227.09,1256.6375,2025-01-09 09:45:00,FM-15,-4.0,-12.0,54.0,9.8,False,False,False,False
144.79,1169,10,3,False,147.02,152.91583333333332,2025-01-09 10:00:00-05:00,2025-01-09 15:00:00+00:00,2025-01-09 10:00:00-05:00,61758,HUD VL,EST,HUD VL,61758,USW00014714,NYISO,HUD VL,actual_integrated,2025-01-07 07:20:04-05:00,2025-01-08 05:00:00-05:00,21.665555555555557,20250101isolf_csv.zip,20250108isolf.csv,zip_entry_last_modified,True,50.66555555555556,2025-01-09 00:00:00-05:00,False,2025-01-08 10:00:00-05:00,147.02,2025-01-08 00:00:00-05:00,True,6.55,-67.0,205.24,1209.3021,2025-01-09 10:45:00,FM-15,-3.0,-11.0,54.0,10.3,False,False,False,False
134.57,1151,11,3,False,144.53,153.0375,2025-01-09 11:00:00-05:00,2025-01-09 16:00:00+00:00,2025-01-09 11:00:00-05:00,61758,HUD VL,EST,HUD VL,61758,USW00014714,NYISO,HUD VL,actual_integrated,2025-01-07 07:20:04-05:00,2025-01-08 05:00:00-05:00,21.665555555555557,20250101isolf_csv.zip,20250108isolf.csv,zip_entry_last_modified,True,51.66555555555556,2025-01-09 00:00:00-05:00,False,2025-01-08 11:00:00-05:00,144.53,2025-01-08 00:00:00-05:00,True,6.33,-57.14,185.38,1128.7817,2025-01-09 11:45:00,FM-15,-3.0,-10.0,59.0,10.3,False,False,False,False
131.68,1151,12,3,False,140.77,153.16208333333333,2025-01-09 12:00:00-05:00,2025-01-09 17:00:00+00:00,2025-01-09 12:00:00-05:00,61758,HUD VL,EST,HUD VL,61758,USW00014714,NYISO,HUD VL,actual_integrated,2025-01-07 07:20:04-05:00,2025-01-08 05:00:00-05:00,21.665555555555557,20250101isolf_csv.zip,20250108isolf.csv,zip_entry_last_modified,True,52.66555555555556,2025-01-09 00:00:00-05:00,False,2025-01-08 12:00:00-05:00,140.77,2025-01-08 00:00:00-05:00,True,6.33,-54.26,179.61,1077.0514,2025-01-09 12:45:00,FM-15,-3.0,-10.0,59.0,12.9,False,False,False,False
129.3,1173,13,3,False,140.76,153.32916666666665,2025-01-09 13:00:00-05:00,2025-01-09 18:00:00+00:00,2025-01-09 13:00:00-05:00,61758,HUD VL,EST,HUD VL,61758,USW00014714,NYISO,HUD VL,actual_integrated,2025-01-07 07:20:04-05:00,2025-01-08 05:00:00-05:00,21.665555555555557,20250101isolf_csv.zip,20250108isolf.csv,zip_entry_last_modified,True,53.66555555555556,2025-01-09 00:00:00-05:00,False,2025-01-08 13:00:00-05:00,140.76,2025-01-08 00:00:00-05:00,True,6.31,-52.04,175.03,1081.5629,2025-01-09 13:45:00,FM-15,-2.0,-10.0,55.0,12.9,False,False,False,False
130.5,1196,14,3,False,141.85,153.50083333333333,2025-01-09 14:00:00-05:00,2025-01-09 19:00:00+00:00,2025-01-09 14:00:00-05:00,61758,HUD VL,EST,HUD VL,61758,USW00014714,NYISO,HUD VL,actual_integrated,2025-01-07 07:20:04-05:00,2025-01-08 05:00:00-05:00,21.665555555555557,20250101isolf_csv.zip,20250108isolf.csv,zip_entry_last_modified,True,54.66555555555556,2025-01-09 00:00:00-05:00,False,2025-01-08 14:00:00-05:00,141.85,2025-01-08 00:00:00-05:00,True,6.1,-53.52,177.92000000000002,1143.5715,2025-01-09 14:45:00,FM-15,-2.0,-9.0,59.0,12.9,False,False,False,False
140.72,1246,15,3,False,155.0,153.78333333333333,2025-01-09 15:00:00-05:00,2025-01-09 20:00:00+00:00,2025-01-09 15:00:00-05:00,61758,HUD VL,EST,HUD VL,61758,USW00014714,NYISO,HUD VL,actual_integrated,2025-01-07 07:20:04-05:00,2025-01-08 05:00:00-05:00,21.665555555555557,20250101isolf_csv.zip,20250108isolf.csv,zip_entry_last_modified,True,55.66555555555556,2025-01-09 00:00:00-05:00,False,2025-01-08 15:00:00-05:00,155.0,2025-01-08 00:00:00-05:00,True,6.33,-63.22,197.61,1289.8718,2025-01-09 15:45:00,FM-15,-2.0,-9.0,59.0,12.9,False,False,False,False
163.1,1330,16,3,False,167.49,153.58041666666665,2025-01-09 16:00:00-05:00,2025-01-09 21:00:00+00:00,2025-01-09 16:00:00-05:00,61758,HUD VL,EST,HUD VL,61758,USW00014714,NYISO,HUD VL,actual_integrated,2025-01-07 07:20:04-05:00,2025-01-08 05:00:00-05:00,21.665555555555557,20250101isolf_csv.zip,20250108isolf.csv,zip_entry_last_modified,True,56.66555555555556,2025-01-09 00:00:00-05:00,False,2025-01-08 16:00:00-05:00,167.49,2025-01-08 00:00:00-05:00,True,6.62,-85.32,241.8,1419.6609,2025-01-09 16:45:00,FM-15,-3.0,-9.0,64.0,12.9,False,False,False,False
207.77,1416,17,3,False,194.69,152.66708333333332,2025-01-09 17:00:00-05:00,2025-01-09 22:00:00+00:00,2025-01-09 17:00:00-05:00,61758,HUD VL,EST,HUD VL,61758,USW00014714,NYISO,HUD VL,actual_integrated,2025-01-07 07:20:04-05:00,2025-01-08 05:00:00-05:00,21.665555555555557,20250101isolf_csv.zip,20250108isolf.csv,zip_entry_last_modified,True,57.66555555555556,2025-01-09 00:00:00-05:00,False,2025-01-08 17:00:00-05:00,194.69,2025-01-08 00:00:00-05:00,True,9.3,-101.65,300.12,1510.6875,2025-01-09 17:45:00,FM-15,-3.0,-9.0,64.0,10.3,False,False,False,False
178.1,1419,18,3,False,184.55,151.90291666666667,2025-01-09 18:00:00-05:00,2025-01-09 23:00:00+00:00,2025-01-09 18:00:00-05:00,61758,HUD VL,EST,HUD VL,61758,USW00014714,NYISO,HUD VL,actual_integrated,2025-01-07 07:20:04-05:00,2025-01-08 05:00:00-05:00,21.665555555555557,20250101isolf_csv.zip,20250108isolf.csv,zip_entry_last_modified,True,58.66555555555556,2025-01-09 00:00:00-05:00,False,2025-01-08 18:00:00-05:00,184.55,2025-01-08 00:00:00-05:00,True,9.38,-71.02,239.74,1515.3593,2025-01-09 18:45:00,FM-15,-3.0,-8.0,69.0,7.7,False,False,False,False
161.08,1392,19,3,False,171.49,151.26833333333335,2025-01-09 19:00:00-05:00,2025-01-10 00:00:00+00:00,2025-01-09 19:00:00-05:00,61758,HUD VL,EST,HUD VL,61758,USW00014714,NYISO,HUD VL,actual_integrated,2025-01-07 07:20:04-05:00,2025-01-08 05:00:00-05:00,21.665555555555557,20250101isolf_csv.zip,20250108isolf.csv,zip_entry_last_modified,True,59.66555555555556,2025-01-09 00:00:00-05:00,False,2025-01-08 19:00:00-05:00,171.49,2025-01-08 00:00:00-05:00,True,7.13,-79.73,233.68,1493.2446,2025-01-09 19:45:00,FM-15,-3.0,-8.0,69.0,10.3,False,False,False,False
149.4,1359,20,3,False,164.35,151.49916666666667,2025-01-09 20:00:00-05:00,2025-01-10 01:00:00+00:00,2025-01-09 20:00:00-05:00,61758,HUD VL,EST,HUD VL,61758,USW00014714,NYISO,HUD VL,actual_integrated,2025-01-07 07:20:04-05:00,2025-01-08 05:00:00-05:00,21.665555555555557,20250101isolf_csv.zip,20250108isolf.csv,zip_entry_last_modified,True,60.66555555555556,2025-01-09 00:00:00-05:00,False,2025-01-08 20:00:00-05:00,164.35,2025-01-08 00:00:00-05:00,True,7.0,-68.8,211.2,1450.4672,2025-01-09 20:45:00,FM-15,-4.0,-8.0,74.0,5.1,False,False,False,False
146.07,1304,21,3,False,156.65,151.65583333333333,2025-01-09 21:00:00-05:00,2025-01-10 02:00:00+00:00,2025-01-09 21:00:00-05:00,61758,HUD VL,EST,HUD VL,61758,USW00014714,NYISO,HUD VL,actual_integrated,2025-01-07 07:20:04-05:00,2025-01-08 05:00:00-05:00,21.665555555555557,20250101isolf_csv.zip,20250108isolf.csv,zip_entry_last_modified,True,61.66555555555556,2025-01-09 00:00:00-05:00,False,2025-01-08 21:00:00-05:00,156.65,2025-01-08 00:00:00-05:00,True,6.47,-68.5,208.1,1394.3829,2025-01-09 21:45:00,FM-15,-4.0,-8.0,74.0,8.2,False,False,False,False
139.9,1234,22,3,False,151.52,152.09166666666667,2025-01-09 22:00:00-05:00,2025-01-10 03:00:00+00:00,2025-01-09 22:00:00-05:00,61758,HUD VL,EST,HUD VL,61758,USW00014714,NYISO,HUD VL,actual_integrated,2025-01-07 07:20:04-05:00,2025-01-08 05:00:00-05:00,21.665555555555557,20250101isolf_csv.zip,20250108isolf.csv,zip_entry_last_modified,True,62.66555555555556,2025-01-09 00:00:00-05:00,False,2025-01-08 22:00:00-05:00,151.52,2025-01-08 00:00:00-05:00,True,6.39,-62.48,195.99,1315.6267,2025-01-09 22:45:00,FM-15,-4.0,-8.0,74.0,7.7,False,False,False,False
139.36,1168,23,3,False,142.61,152.24875,2025-01-09 23:00:00-05:00,2025-01-10 04:00:00+00:00,2025-01-09 23:00:00-05:00,61758,HUD VL,EST,HUD VL,61758,USW00014714,NYISO,HUD VL,actual_integrated,2025-01-07 07:20:04-05:00,2025-01-08 05:00:00-05:00,21.665555555555557,20250101isolf_csv.zip,20250108isolf.csv,zip_entry_last_modified,True,63.66555555555556,2025-01-09 00:00:00-05:00,False,2025-01-08 23:00:00-05:00,142.61,2025-01-08 00:00:00-05:00,True,6.17,-62.24,195.43000000000004,1237.1332,2025-01-09 23:45:00,FM-15,-3.0,-8.0,69.0,7.2,False,False,False,False
117.48,1117,0,4,False,143.4,152.5375,2025-01-10 00:00:00-05:00,2025-01-10 05:00:00+00:00,2025-01-10 00:00:00-05:00,61758,HUD VL,EST,HUD VL,61758,USW00014714,NYISO,HUD VL,actual_integrated,2025-01-08 07:35:04-05:00,2025-01-09 05:00:00-05:00,21.415555555555557,20250101isolf_csv.zip,20250109isolf.csv,zip_entry_last_modified,True,40.41555555555556,2025-01-10 00:00:00-05:00,False,2025-01-09 00:00:00-05:00,143.4,2025-01-09 00:00:00-05:00,True,5.12,-45.92,158.28,1184.0089,2025-01-10 00:45:00,FM-15,-3.0,-8.0,69.0,4.6,False,False,False,False
110.95,1091,1,4,False,136.67,152.74291666666667,2025-01-10 01:00:00-05:00,2025-01-10 06:00:00+00:00,2025-01-10 01:00:00-05:00,61758,HUD VL,EST,HUD VL,61758,USW00014714,NYISO,HUD VL,actual_integrated,2025-01-08 07:35:04-05:00,2025-01-09 05:00:00-05:00,21.415555555555557,20250101isolf_csv.zip,20250109isolf.csv,zip_entry_last_modified,True,41.41555555555556,2025-01-10 00:00:00-05:00,False,2025-01-09 01:00:00-05:00,136.67,2025-01-09 00:00:00-05:00,True,5.04,-39.53,145.44,1150.6227,2025-01-10 01:45:00,FM-15,-4.0,-8.0,74.0,5.7,False,False,False,False
103.26,1077,2,4,False,129.9,152.94875,2025-01-10 02:00:00-05:00,2025-01-10 07:00:00+00:00,2025-01-10 02:00:00-05:00,61758,HUD VL,EST,HUD VL,61758,USW00014714,NYISO,HUD VL,actual_integrated,2025-01-08 07:35:04-05:00,2025-01-09 05:00:00-05:00,21.415555555555557,20250101isolf_csv.zip,20250109isolf.csv,zip_entry_last_modified,True,42.41555555555556,2025-01-10 00:00:00-05:00,False,2025-01-09 02:00:00-05:00,129.9,2025-01-09 00:00:00-05:00,True,5.12,-31.7,129.84,1128.2781,2025-01-10 02:45:00,FM-15,-4.0,-8.0,74.0,6.7,False,False,False,False
100.74,1074,3,4,False,125.0,152.96875,2025-01-10 03:00:00-05:00,2025-01-10 08:00:00+00:00,2025-01-10 03:00:00-05:00,61758,HUD VL,EST,HUD VL,61758,USW00014714,NYISO,HUD VL,actual_integrated,2025-01-08 07:35:04-05:00,2025-01-09 05:00:00-05:00,21.415555555555557,20250101isolf_csv.zip,20250109isolf.csv,zip_entry_last_modified,True,43.41555555555556,2025-01-10 00:00:00-05:00,False,2025-01-09 03:00:00-05:00,125.0,2025-01-09 00:00:00-05:00,True,5.18,-28.27,123.83,1122.7676,2025-01-10 03:45:00,FM-15,-5.0,-8.0,80.0,3.1,False,False,False,False
104.14,1086,4,4,False,133.03,152.92791666666668,2025-01-10 04:00:00-05:00,2025-01-10 09:00:00+00:00,2025-01-10 04:00:00-05:00,61758,HUD VL,EST,HUD VL,61758,USW00014714,NYISO,HUD VL,actual_integrated,2025-01-08 07:35:04-05:00,2025-01-09 05:00:00-05:00,21.415555555555557,20250101isolf_csv.zip,20250109isolf.csv,zip_entry_last_modified,True,44.41555555555556,2025-01-10 00:00:00-05:00,False,2025-01-09 04:00:00-05:00,133.03,2025-01-09 00:00:00-05:00,True,5.72,-24.19,122.61,1133.3685,2025-01-10 04:45:00,FM-15,-4.0,-8.0,74.0,6.7,False,False,False,False
110.24,1132,5,4,False,142.75,152.99666666666667,2025-01-10 05:00:00-05:00,2025-01-10 10:00:00+00:00,2025-01-10 05:00:00-05:00,61758,HUD VL,EST,HUD VL,61758,USW00014714,NYISO,HUD VL,actual_integrated,2025-01-08 07:35:04-05:00,2025-01-09 05:00:00-05:00,21.415555555555557,20250101isolf_csv.zip,20250109isolf.csv,zip_entry_last_modified,True,45.41555555555556,2025-01-10 00:00:00-05:00,False,2025-01-09 05:00:00-05:00,142.75,2025-01-09 00:00:00-05:00,True,5.93,-27.29,131.6,1188.5931,2025-01-10 05:45:00,FM-15,-4.0,-8.0,74.0,5.7,False,False,False,False
136.82,1218,6,4,False,160.71,153.08708333333334,2025-01-10 06:00:00-05:00,2025-01-10 11:00:00+00:00,2025-01-10 06:00:00-05:00,61758,HUD VL,EST,HUD VL,61758,USW00014714,NYISO,HUD VL,actual_integrated,2025-01-08 07:35:04-05:00,2025-01-09 05:00:00-05:00,21.415555555555557,20250101isolf_csv.zip,20250109isolf.csv,zip_entry_last_modified,True,46.41555555555556,2025-01-10 00:00:00-05:00,False,2025-01-09 06:00:00-05:00,160.71,2025-01-09 00:00:00-05:00,True,6.86,-45.29,175.24999999999997,1283.1975,2025-01-10 06:45:00,FM-15,-4.0,-8.0,74.0,6.7,False,False,False,False
155.9,1277,7,4,False,195.26,153.48333333333332,2025-01-10 07:00:00-05:00,2025-01-10 12:00:00+00:00,2025-01-10 07:00:00-05:00,61758,HUD VL,EST,HUD VL,61758,USW00014714,NYISO,HUD VL,actual_integrated,2025-01-08 07:35:04-05:00,2025-01-09 05:00:00-05:00,21.415555555555557,20250101isolf_csv.zip,20250109isolf.csv,zip_entry_last_modified,True,47.41555555555556,2025-01-10 00:00:00-05:00,False,2025-01-09 07:00:00-05:00,195.26,2025-01-09 00:00:00-05:00,True,7.81,-62.24,210.33,1344.2389,2025-01-10 07:45:00,FM-15,-4.0,-8.0,74.0,5.1,False,False,False,False
133.6,1229,8,4,False,163.81,153.64666666666668,2025-01-10 08:00:00-05:00,2025-01-10 13:00:00+00:00,2025-01-10 08:00:00-05:00,61758,HUD VL,EST,HUD VL,61758,USW00014714,NYISO,HUD VL,actual_integrated,2025-01-08 07:35:04-05:00,2025-01-09 05:00:00-05:00,21.415555555555557,20250101isolf_csv.zip,20250109isolf.csv,zip_entry_last_modified,True,48.41555555555556,2025-01-10 00:00:00-05:00,False,2025-01-09 08:00:00-05:00,163.81,2025-01-09 00:00:00-05:00,True,8.24,-38.63,163.99,1291.534,2025-01-10 08:45:00,FM-15,-2.0,-8.0,64.0,7.7,False,False,False,False
118.81,1141,9,4,False,155.48,153.72041666666667,2025-01-10 09:00:00-05:00,2025-01-10 14:00:00+00:00,2025-01-10 09:00:00-05:00,61758,HUD VL,EST,HUD VL,61758,USW00014714,NYISO,HUD VL,actual_integrated,2025-01-08 07:35:04-05:00,2025-01-09 05:00:00-05:00,21.415555555555557,20250101isolf_csv.zip,20250109isolf.csv,zip_entry_last_modified,True,49.41555555555556,2025-01-10 00:00:00-05:00,False,2025-01-09 09:00:00-05:00,155.48,2025-01-09 00:00:00-05:00,True,7.89,-25.1,136.02,1155.0485,2025-01-10 09:45:00,FM-15,-1.0,-8.0,59.0,6.2,False,False,False,False
101.07,1090,10,4,False,144.79,153.6275,2025-01-10 10:00:00-05:00,2025-01-10 15:00:00+00:00,2025-01-10 10:00:00-05:00,61758,HUD VL,EST,HUD VL,61758,USW00014714,NYISO,HUD VL,actual_integrated,2025-01-08 07:35:04-05:00,2025-01-09 05:00:00-05:00,21.415555555555557,20250101isolf_csv.zip,20250109isolf.csv,zip_entry_last_modified,True,50.41555555555556,2025-01-10 00:00:00-05:00,False,2025-01-09 10:00:00-05:00,144.79,2025-01-09 00:00:00-05:00,True,7.54,-6.8,100.32999999999998,1033.6825,2025-01-10 10:45:00,FM-15,1.0,-9.0,48.0,5.7,False,False,False,False
92.26,1069,11,4,False,134.57,153.2125,2025-01-10 11:00:00-05:00,2025-01-10 16:00:00+00:00,2025-01-10 11:00:00-05:00,61758,HUD VL,EST,HUD VL,61758,USW00014714,NYISO,HUD VL,actual_integrated,2025-01-08 07:35:04-05:00,2025-01-09 05:00:00-05:00,21.415555555555557,20250101isolf_csv.zip,20250109isolf.csv,zip_entry_last_modified,True,51.41555555555556,2025-01-10 00:00:00-05:00,False,2025-01-09 11:00:00-05:00,134.57,2025-01-09 00:00:00-05:00,True,7.0,-2.82,88.08,971.3974,2025-01-10 11:45:00,FM-15,3.0,-10.0,38.0,6.2,False,False,False,False
89.44,1072,12,4,False,131.68,152.83374999999998,2025-01-10 12:00:00-05:00,2025-01-10 17:00:00+00:00,2025-01-10 12:00:00-05:00,61758,HUD VL,EST,HUD VL,61758,USW00014714,NYISO,HUD VL,actual_integrated,2025-01-08 07:35:04-05:00,2025-01-09 05:00:00-05:00,21.415555555555557,20250101isolf_csv.zip,20250109isolf.csv,zip_entry_last_modified,True,52.41555555555556,2025-01-10 00:00:00-05:00,False,2025-01-09 12:00:00-05:00,131.68,2025-01-09 00:00:00-05:00,True,7.0,0.0,82.44,971.8984,2025-01-10 12:45:00,FM-15,5.0,-10.0,33.0,6.2,False,False,False,False
90.09,1109,13,4,False,129.3,152.35625000000002,2025-01-10 13:00:00-05:00,2025-01-10 18:00:00+00:00,2025-01-10 13:00:00-05:00,61758,HUD VL,EST,HUD VL,61758,USW00014714,NYISO,HUD VL,actual_integrated,2025-01-08 07:35:04-05:00,2025-01-09 05:00:00-05:00,21.415555555555557,20250101isolf_csv.zip,20250109isolf.csv,zip_entry_last_modified,True,53.41555555555556,2025-01-10 00:00:00-05:00,False,2025-01-09 13:00:00-05:00,129.3,2025-01-09 00:00:00-05:00,True,7.14,0.0,82.95,1013.2577,2025-01-10 13:45:00,FM-15,5.0,-10.0,33.0,6.2,False,False,False,False
90.99,1143,14,4,False,130.5,151.88333333333333,2025-01-10 14:00:00-05:00,2025-01-10 19:00:00+00:00,2025-01-10 14:00:00-05:00,61758,HUD VL,EST,HUD VL,61758,USW00014714,NYISO,HUD VL,actual_integrated,2025-01-08 07:35:04-05:00,2025-01-09 05:00:00-05:00,21.415555555555557,20250101isolf_csv.zip,20250109isolf.csv,zip_entry_last_modified,True,54.41555555555556,2025-01-10 00:00:00-05:00,False,2025-01-09 14:00:00-05:00,130.5,2025-01-09 00:00:00-05:00,True,7.28,0.0,83.71,1061.9157,2025-01-10 14:45:00,FM-15,5.0,-10.0,33.0,5.1,False,False,False,False
101.35,1193,15,4,False,140.72,151.28833333333333,2025-01-10 15:00:00-05:00,2025-01-10 20:00:00+00:00,2025-01-10 15:00:00-05:00,61758,HUD VL,EST,HUD VL,61758,USW00014714,NYISO,HUD VL,actual_integrated,2025-01-08 07:35:04-05:00,2025-01-09 05:00:00-05:00,21.415555555555557,20250101isolf_csv.zip,20250109isolf.csv,zip_entry_last_modified,True,55.41555555555556,2025-01-10 00:00:00-05:00,False,2025-01-09 15:00:00-05:00,140.72,2025-01-09 00:00:00-05:00,True,8.1,-3.23,96.48,1196.4129,2025-01-10 15:45:00,FM-15,4.0,-10.0,36.0,5.1,False,False,False,False
117.28,1266,16,4,False,163.1,151.10541666666668,2025-01-10 16:00:00-05:00,2025-01-10 21:00:00+00:00,2025-01-10 16:00:00-05:00,61758,HUD VL,EST,HUD VL,61758,USW00014714,NYISO,HUD VL,actual_integrated,2025-01-08 07:35:04-05:00,2025-01-09 05:00:00-05:00,21.415555555555557,20250101isolf_csv.zip,20250109isolf.csv,zip_entry_last_modified,True,56.41555555555556,2025-01-10 00:00:00-05:00,False,2025-01-09 16:00:00-05:00,163.1,2025-01-09 00:00:00-05:00,True,8.52,-17.15,125.91,1316.1742,2025-01-10 16:45:00,FM-15,1.0,-9.0,48.0,2.6,False,False,False,False
150.98,1339,17,4,False,207.77,151.65041666666667,2025-01-10 17:00:00-05:00,2025-01-10 22:00:00+00:00,2025-01-10 17:00:00-05:00,61758,HUD VL,EST,HUD VL,61758,USW00014714,NYISO,HUD VL,actual_integrated,2025-01-08 07:35:04-05:00,2025-01-09 05:00:00-05:00,21.415555555555557,20250101isolf_csv.zip,20250109isolf.csv,zip_entry_last_modified,True,57.41555555555556,2025-01-10 00:00:00-05:00,False,2025-01-09 17:00:00-05:00,207.77,2025-01-09 00:00:00-05:00,True,10.93,-25.05,165.1,1393.3462,2025-01-10 17:45:00,FM-15,1.0,-8.0,51.0,2.6,False,False,False,False
139.65,1338,18,4,False,178.1,151.38166666666666,2025-01-10 18:00:00-05:00,2025-01-10 23:00:00+00:00,2025-01-10 18:00:00-05:00,61758,HUD VL,EST,HUD VL,61758,USW00014714,NYISO,HUD VL,actual_integrated,2025-01-08 07:35:04-05:00,2025-01-09 05:00:00-05:00,21.415555555555557,20250101isolf_csv.zip,20250109isolf.csv,zip_entry_last_modified,True,58.41555555555556,2025-01-10 00:00:00-05:00,False,2025-01-09 18:00:00-05:00,178.1,2025-01-09 00:00:00-05:00,True,9.1,-32.74,163.29000000000002,1388.5553,2025-01-10 18:45:00,FM-15,0.0,-7.0,60.0,2.1,False,False,False,False
117.13,1318,19,4,False,161.08,150.94791666666666,2025-01-10 19:00:00-05:00,2025-01-11 00:00:00+00:00,2025-01-10 19:00:00-05:00,61758,HUD VL,EST,HUD VL,61758,USW00014714,NYISO,HUD VL,actual_integrated,2025-01-08 07:35:04-05:00,2025-01-09 05:00:00-05:00,21.415555555555557,20250101isolf_csv.zip,20250109isolf.csv,zip_entry_last_modified,True,59.41555555555556,2025-01-10 00:00:00-05:00,False,2025-01-09 19:00:00-05:00,161.08,2025-01-09 00:00:00-05:00,True,8.93,-11.12,119.32,1361.4536,2025-01-10 19:45:00,FM-15,0.0,-7.0,60.0,2.1,False,False,False,False
114.02,1300,20,4,False,149.4,150.32500000000002,2025-01-10 20:00:00-05:00,2025-01-11 01:00:00+00:00,2025-01-10 20:00:00-05:00,61758,HUD VL,EST,HUD VL,61758,USW00014714,NYISO,HUD VL,actual_integrated,2025-01-08 07:35:04-05:00,2025-01-09 05:00:00-05:00,21.415555555555557,20250101isolf_csv.zip,20250109isolf.csv,zip_entry_last_modified,True,60.41555555555556,2025-01-10 00:00:00-05:00,False,2025-01-09 20:00:00-05:00,149.4,2025-01-09 00:00:00-05:00,True,8.42,-14.06,119.66,1333.3028,2025-01-10 20:45:00,FM-15,-1.0,-7.0,64.0,0.0,False,False,False,False
103.51,1265,21,4,False,146.07,149.8841666666667,2025-01-10 21:00:00-05:00,2025-01-11 02:00:00+00:00,2025-01-10 21:00:00-05:00,61758,HUD VL,EST,HUD VL,61758,USW00014714,NYISO,HUD VL,actual_integrated,2025-01-08 07:35:04-05:00,2025-01-09 05:00:00-05:00,21.415555555555557,20250101isolf_csv.zip,20250109isolf.csv,zip_entry_last_modified,True,61.41555555555556,2025-01-10 00:00:00-05:00,False,2025-01-09 21:00:00-05:00,146.07,2025-01-09 00:00:00-05:00,True,7.49,-9.84,105.86,1283.0777,2025-01-10 21:45:00,FM-15,-1.0,-7.0,64.0,0.0,False,False,False,False
101.92,1212,22,4,False,139.9,149.4,2025-01-10 22:00:00-05:00,2025-01-11 03:00:00+00:00,2025-01-10 22:00:00-05:00,61758,HUD VL,EST,HUD VL,61758,USW00014714,NYISO,HUD VL,actual_integrated,2025-01-08 07:35:04-05:00,2025-01-09 05:00:00-05:00,21.415555555555557,20250101isolf_csv.zip,20250109isolf.csv,zip_entry_last_modified,True,62.41555555555556,2025-01-10 00:00:00-05:00,False,2025-01-09 22:00:00-05:00,139.9,2025-01-09 00:00:00-05:00,True,6.77,-11.51,106.66,1216.1662,2025-01-10 22:45:00,FM-15,-1.0,-7.0,64.0,0.0,False,False,False,False
101.46,1154,23,4,False,139.36,149.26458333333332,2025-01-10 23:00:00-05:00,2025-01-11 04:00:00+00:00,2025-01-10 23:00:00-05:00,61758,HUD VL,EST,HUD VL,61758,USW00014714,NYISO,HUD VL,actual_integrated,2025-01-08 07:35:04-05:00,2025-01-09 05:00:00-05:00,21.415555555555557,20250101isolf_csv.zip,20250109isolf.csv,zip_entry_last_modified,True,63.41555555555556,2025-01-10 00:00:00-05:00,False,2025-01-09 23:00:00-05:00,139.36,2025-01-09 00:00:00-05:00,True,6.22,-13.3,108.54,1152.2928,2025-01-10 23:45:00,FM-15,-1.0,-7.0,64.0,2.1,False,False,False,False
87.66,1086,0,5,True,117.48,148.18458333333334,2025-01-11 00:00:00-05:00,2025-01-11 05:00:00+00:00,2025-01-11 00:00:00-05:00,61758,HUD VL,EST,HUD VL,61758,USW00014714,NYISO,HUD VL,actual_integrated,2025-01-09 07:13:02-05:00,2025-01-10 05:00:00-05:00,21.782777777777778,20250101isolf_csv.zip,20250110isolf.csv,zip_entry_last_modified,True,40.78277777777778,2025-01-11 00:00:00-05:00,False,2025-01-10 00:00:00-05:00,117.48,2025-01-10 00:00:00-05:00,True,5.89,0.0,81.77,1109.4982,2025-01-11 00:45:00,FM-15,-1.0,-8.0,59.0,2.1,False,False,False,False
83.0,1055,1,5,True,110.95,147.11291666666668,2025-01-11 01:00:00-05:00,2025-01-11 06:00:00+00:00,2025-01-11 01:00:00-05:00,61758,HUD VL,EST,HUD VL,61758,USW00014714,NYISO,HUD VL,actual_integrated,2025-01-09 07:13:02-05:00,2025-01-10 05:00:00-05:00,21.782777777777778,20250101isolf_csv.zip,20250110isolf.csv,zip_entry_last_modified,True,41.78277777777778,2025-01-11 00:00:00-05:00,False,2025-01-10 01:00:00-05:00,110.95,2025-01-10 00:00:00-05:00,True,5.43,0.0,77.57,1075.379,2025-01-11 01:45:00,FM-15,-2.0,-8.0,64.0,0.0,False,False,False,False
75.79,1037,2,5,True,103.26,146.00291666666666,2025-01-11 02:00:00-05:00,2025-01-11 07:00:00+00:00,2025-01-11 02:00:00-05:00,61758,HUD VL,EST,HUD VL,61758,USW00014714,NYISO,HUD VL,actual_integrated,2025-01-09 07:13:02-05:00,2025-01-10 05:00:00-05:00,21.782777777777778,20250101isolf_csv.zip,20250110isolf.csv,zip_entry_last_modified,True,42.78277777777778,2025-01-11 00:00:00-05:00,False,2025-01-10 02:00:00-05:00,103.26,2025-01-10 00:00:00-05:00,True,4.62,0.0,71.17,1056.489,2025-01-11 02:45:00,FM-15,-2.0,-8.0,64.0,0.0,False,False,False,False
72.78,1033,3,5,True,100.74,144.99208333333334,2025-01-11 03:00:00-05:00,2025-01-11 08:00:00+00:00,2025-01-11 03:00:00-05:00,61758,HUD VL,EST,HUD VL,61758,USW00014714,NYISO,HUD VL,actual_integrated,2025-01-09 07:13:02-05:00,2025-01-10 05:00:00-05:00,21.782777777777778,20250101isolf_csv.zip,20250110isolf.csv,zip_entry_last_modified,True,43.78277777777778,2025-01-11 00:00:00-05:00,False,2025-01-10 03:00:00-05:00,100.74,2025-01-10 00:00:00-05:00,True,4.5,0.0,68.28,1045.0504,2025-01-11 03:45:00,FM-15,-2.0,-8.0,64.0,0.0,False,False,False,False
74.18,1040,4,5,True,104.14,143.78833333333333,2025-01-11 04:00:00-05:00,2025-01-11 09:00:00+00:00,2025-01-11 04:00:00-05:00,61758,HUD VL,EST,HUD VL,61758,USW00014714,NYISO,HUD VL,actual_integrated,2025-01-09 07:13:02-05:00,2025-01-10 05:00:00-05:00,21.782777777777778,20250101isolf_csv.zip,20250110isolf.csv,zip_entry_last_modified,True,44.78277777777778,2025-01-11 00:00:00-05:00,False,2025-01-10 04:00:00-05:00,104.14,2025-01-10 00:00:00-05:00,True,4.66,0.0,69.52000000000001,1051.7667,2025-01-11 04:45:00,FM-15,-3.0,-6.0,80.0,0.0,False,False,False,False
75.61,1058,5,5,True,110.24,142.43375,2025-01-11 05:00:00-05:00,2025-01-11 10:00:00+00:00,2025-01-11 05:00:00-05:00,61758,HUD VL,EST,HUD VL,61758,USW00014714,NYISO,HUD VL,actual_integrated,2025-01-09 07:13:02-05:00,2025-01-10 05:00:00-05:00,21.782777777777778,20250101isolf_csv.zip,20250110isolf.csv,zip_entry_last_modified,True,45.78277777777778,2025-01-11 00:00:00-05:00,False,2025-01-10 05:00:00-05:00,110.24,2025-01-10 00:00:00-05:00,True,4.75,0.0,70.86,1074.9598,2025-01-11 05:45:00,FM-15,-3.0,-6.0,80.0,0.0,False,False,False,False
73.96,1101,6,5,True,136.82,141.43833333333333,2025-01-11 06:00:00-05:00,2025-01-11 11:00:00+00:00,2025-01-11 06:00:00-05:00,61758,HUD VL,EST,HUD VL,61758,USW00014714,NYISO,HUD VL,actual_integrated,2025-01-09 07:13:02-05:00,2025-01-10 05:00:00-05:00,21.782777777777778,20250101isolf_csv.zip,20250110isolf.csv,zip_entry_last_modified,True,46.78277777777778,2025-01-11 00:00:00-05:00,False,2025-01-10 06:00:00-05:00,136.82,2025-01-10 00:00:00-05:00,True,4.71,0.0,69.25,1076.7135,2025-01-11 06:25:00,FM-15,-4.0,-5.0,93.0,0.0,False,False,False,False
81.8,1150,7,5,True,155.9,139.79833333333335,2025-01-11 07:00:00-05:00,2025-01-11 12:00:00+00:00,2025-01-11 07:00:00-05:00,61758,HUD VL,EST,HUD VL,61758,USW00014714,NYISO,HUD VL,actual_integrated,2025-01-09 07:13:02-05:00,2025-01-10 05:00:00-05:00,21.782777777777778,20250101isolf_csv.zip,20250110isolf.csv,zip_entry_last_modified,True,47.78277777777778,2025-01-11 00:00:00-05:00,False,2025-01-10 07:00:00-05:00,155.9,2025-01-10 00:00:00-05:00,True,5.3,-2.9,79.4,1174.0357,2025-01-11 07:45:00,FM-15,-3.0,-6.0,80.0,0.0,False,False,False,False
94.91,1188,8,5,True,133.6,138.53958333333335,2025-01-11 08:00:00-05:00,2025-01-11 13:00:00+00:00,2025-01-11 08:00:00-05:00,61758,HUD VL,EST,HUD VL,61758,USW00014714,NYISO,HUD VL,actual_integrated,2025-01-09 07:13:02-05:00,2025-01-10 05:00:00-05:00,21.782777777777778,20250101isolf_csv.zip,20250110isolf.csv,zip_entry_last_modified,True,48.78277777777778,2025-01-11 00:00:00-05:00,False,2025-01-10 08:00:00-05:00,133.6,2025-01-10 00:00:00-05:00,True,6.03,-8.45,97.33,1222.8611,2025-01-11 08:45:00,FM-15,-3.0,-6.0,80.0,0.0,False,False,False,False
97.42,1198,9,5,True,118.81,137.01166666666668,2025-01-11 09:00:00-05:00,2025-01-11 14:00:00+00:00,2025-01-11 09:00:00-05:00,61758,HUD VL,EST,HUD VL,61758,USW00014714,NYISO,HUD VL,actual_integrated,2025-01-09 07:13:02-05:00,2025-01-10 05:00:00-05:00,21.782777777777778,20250101isolf_csv.zip,20250110isolf.csv,zip_entry_last_modified,True,49.78277777777778,2025-01-11 00:00:00-05:00,False,2025-01-10 09:00:00-05:00,118.81,2025-01-10 00:00:00-05:00,True,6.62,-9.02,99.82,1254.2998,2025-01-11 09:45:00,FM-15,-3.0,-6.0,80.0,0.0,False,False,False,False
85.38,1182,10,5,True,101.07,135.19000000000003,2025-01-11 10:00:00-05:00,2025-01-11 15:00:00+00:00,2025-01-11 10:00:00-05:00,61758,HUD VL,EST,HUD VL,61758,USW00014714,NYISO,HUD VL,actual_integrated,2025-01-09 07:13:02-05:00,2025-01-10 05:00:00-05:00,21.782777777777778,20250101isolf_csv.zip,20250110isolf.csv,zip_entry_last_modified,True,50.78277777777778,2025-01-11 00:00:00-05:00,False,2025-01-10 10:00:00-05:00,101.07,2025-01-10 00:00:00-05:00,True,6.03,0.0,79.35,1267.2074,2025-01-11 10:45:00,FM-15,-3.0,-5.0,86.0,2.6,False,False,False,False
90.46,1158,11,5,True,92.26,133.42708333333334,2025-01-11 11:00:00-05:00,2025-01-11 16:00:00+00:00,2025-01-11 11:00:00-05:00,61758,HUD VL,EST,HUD VL,61758,USW00014714,NYISO,HUD VL,actual_integrated,2025-01-09 07:13:02-05:00,2025-01-10 05:00:00-05:00,21.782777777777778,20250101isolf_csv.zip,20250110isolf.csv,zip_entry_last_modified,True,51.78277777777778,2025-01-11 00:00:00-05:00,False,2025-01-10 11:00:00-05:00,92.26,2025-01-10 00:00:00-05:00,True,6.0,0.0,84.46,1238.5759,2025-01-11 11:45:00,FM-15,-2.0,-4.0,86.0,2.1,False,False,False,False
80.95,1140,12,5,True,89.44,131.66708333333335,2025-01-11 12:00:00-05:00,2025-01-11 17:00:00+00:00,2025-01-11 12:00:00-05:00,61758,HUD VL,EST,HUD VL,61758,USW00014714,NYISO,HUD VL,actual_integrated,2025-01-09 07:13:02-05:00,2025-01-10 05:00:00-05:00,21.782777777777778,20250101isolf_csv.zip,20250110isolf.csv,zip_entry_last_modified,True,52.78277777777778,2025-01-11 00:00:00-05:00,False,2025-01-10 12:00:00-05:00,89.44,2025-01-10 00:00:00-05:00,True,5.44,0.0,75.51,1183.0984,2025-01-11 12:45:00,FM-15,-2.0,-4.0,86.0,2.1,False,False,False,False
77.45,1135,13,5,True,90.09,130.03333333333333,2025-01-11 13:00:00-05:00,2025-01-11 18:00:00+00:00,2025-01-11 13:00:00-05:00,61758,HUD VL,EST,HUD VL,61758,USW00014714,NYISO,HUD VL,actual_integrated,2025-01-09 07:13:02-05:00,2025-01-10 05:00:00-05:00,21.782777777777778,20250101isolf_csv.zip,20250110isolf.csv,zip_entry_last_modified,True,53.78277777777778,2025-01-11 00:00:00-05:00,False,2025-01-10 13:00:00-05:00,90.09,2025-01-10 00:00:00-05:00,True,5.41,0.0,72.04,1183.5797,2025-01-11 13:45:00,FM-15,-1.0,-5.0,75.0,3.6,False,False,False,False
71.11,1153,14,5,True,90.99,128.38708333333332,2025-01-11 14:00:00-05:00,2025-01-11 19:00:00+00:00,2025-01-11 14:00:00-05:00,61758,HUD VL,EST,HUD VL,61758,USW00014714,NYISO,HUD VL,actual_integrated,2025-01-09 07:13:02-05:00,2025-01-10 05:00:00-05:00,21.782777777777778,20250101isolf_csv.zip,20250110isolf.csv,zip_entry_last_modified,True,54.78277777777778,2025-01-11 00:00:00-05:00,False,2025-01-10 14:00:00-05:00,90.99,2025-01-10 00:00:00-05:00,True,4.96,0.0,66.15,1214.294,2025-01-11 14:45:00,FM-15,-1.0,-5.0,75.0,2.6,False,False,False,False
83.07,1191,15,5,True,101.35,126.74666666666666,2025-01-11 15:00:00-05:00,2025-01-11 20:00:00+00:00,2025-01-11 15:00:00-05:00,61758,HUD VL,EST,HUD VL,61758,USW00014714,NYISO,HUD VL,actual_integrated,2025-01-09 07:13:02-05:00,2025-01-10 05:00:00-05:00,21.782777777777778,20250101isolf_csv.zip,20250110isolf.csv,zip_entry_last_modified,True,55.78277777777778,2025-01-11 00:00:00-05:00,False,2025-01-10 15:00:00-05:00,101.35,2025-01-10 00:00:00-05:00,True,5.65,0.0,77.41999999999999,1242.5365,2025-01-11 15:45:00,FM-15,-1.0,-4.0,80.0,2.6,False,False,False,False
88.47,1244,16,5,True,117.28,124.83749999999999,2025-01-11 16:00:00-05:00,2025-01-11 21:00:00+00:00,2025-01-11 16:00:00-05:00,61758,HUD VL,EST,HUD VL,61758,USW00014714,NYISO,HUD VL,actual_integrated,2025-01-09 07:13:02-05:00,2025-01-10 05:00:00-05:00,21.782777777777778,20250101isolf_csv.zip,20250110isolf.csv,zip_entry_last_modified,True,56.78277777777778,2025-01-11 00:00:00-05:00,False,2025-01-10 16:00:00-05:00,117.28,2025-01-10 00:00:00-05:00,True,6.78,0.0,81.69,1316.0922,2025-01-11 16:45:00,FM-15,-2.0,-4.0,86.0,2.6,False,False,False,False
104.01,1307,17,5,True,150.98,122.47125,2025-01-11 17:00:00-05:00,2025-01-11 22:00:00+00:00,2025-01-11 17:00:00-05:00,61758,HUD VL,EST,HUD VL,61758,USW00014714,NYISO,HUD VL,actual_integrated,2025-01-09 07:13:02-05:00,2025-01-10 05:00:00-05:00,21.782777777777778,20250101isolf_csv.zip,20250110isolf.csv,zip_entry_last_modified,True,57.78277777777778,2025-01-11 00:00:00-05:00,False,2025-01-10 17:00:00-05:00,150.98,2025-01-10 00:00:00-05:00,True,7.64,-11.53,107.9,1394.0937,2025-01-11 17:45:00,FM-15,-2.0,-7.0,69.0,4.1,False,False,False,False
92.73,1307,18,5,True,139.65,120.86916666666667,2025-01-11 18:00:00-05:00,2025-01-11 23:00:00+00:00,2025-01-11 18:00:00-05:00,61758,HUD VL,EST,HUD VL,61758,USW00014714,NYISO,HUD VL,actual_integrated,2025-01-09 07:13:02-05:00,2025-01-10 05:00:00-05:00,21.782777777777778,20250101isolf_csv.zip,20250110isolf.csv,zip_entry_last_modified,True,58.78277777777778,2025-01-11 00:00:00-05:00,False,2025-01-10 18:00:00-05:00,139.65,2025-01-10 00:00:00-05:00,True,7.05,-3.66,89.34,1397.2451,2025-01-11 18:45:00,FM-15,-2.0,-7.0,69.0,5.1,False,False,False,False
80.03,1283,19,5,True,117.13,119.03791666666666,2025-01-11 19:00:00-05:00,2025-01-12 00:00:00+00:00,2025-01-11 19:00:00-05:00,61758,HUD VL,EST,HUD VL,61758,USW00014714,NYISO,HUD VL,actual_integrated,2025-01-09 07:13:02-05:00,2025-01-10 05:00:00-05:00,21.782777777777778,20250101isolf_csv.zip,20250110isolf.csv,zip_entry_last_modified,True,59.78277777777778,2025-01-11 00:00:00-05:00,False,2025-01-10 19:00:00-05:00,117.13,2025-01-10 00:00:00-05:00,True,6.2,-0.05,73.88,1374.9164,2025-01-11 19:45:00,FM-15,-2.0,-7.0,69.0,5.1,False,False,False,False
75.53,1257,20,5,True,114.02,117.56374999999998,2025-01-11 20:00:00-05:00,2025-01-12 01:00:00+00:00,2025-01-11 20:00:00-05:00,61758,HUD VL,EST,HUD VL,61758,USW00014714,NYISO,HUD VL,actual_integrated,2025-01-09 07:13:02-05:00,2025-01-10 05:00:00-05:00,21.782777777777778,20250101isolf_csv.zip,20250110isolf.csv,zip_entry_last_modified,True,60.78277777777778,2025-01-11 00:00:00-05:00,False,2025-01-10 20:00:00-05:00,114.02,2025-01-10 00:00:00-05:00,True,5.78,-0.03,69.78,1348.5335,2025-01-11 20:45:00,FM-15,-3.0,-7.0,74.0,7.2,False,False,False,False
71.09,1217,21,5,True,103.51,115.79041666666666,2025-01-11 21:00:00-05:00,2025-01-12 02:00:00+00:00,2025-01-11 21:00:00-05:00,61758,HUD VL,EST,HUD VL,61758,USW00014714,NYISO,HUD VL,actual_integrated,2025-01-09 07:13:02-05:00,2025-01-10 05:00:00-05:00,21.782777777777778,20250101isolf_csv.zip,20250110isolf.csv,zip_entry_last_modified,True,61.78277777777778,2025-01-11 00:00:00-05:00,False,2025-01-10 21:00:00-05:00,103.51,2025-01-10 00:00:00-05:00,True,5.08,0.0,66.01,1303.0114,2025-01-11 21:45:00,FM-15,-3.0,-7.0,74.0,6.2,False,False,False,False
70.28,1164,22,5,True,101.92,114.20791666666668,2025-01-11 22:00:00-05:00,2025-01-12 03:00:00+00:00,2025-01-11 22:00:00-05:00,61758,HUD VL,EST,HUD VL,61758,USW00014714,NYISO,HUD VL,actual_integrated,2025-01-09 07:13:02-05:00,2025-01-10 05:00:00-05:00,21.782777777777778,20250101isolf_csv.zip,20250110isolf.csv,zip_entry_last_modified,True,62.78277777777778,2025-01-11 00:00:00-05:00,False,2025-01-10 22:00:00-05:00,101.92,2025-01-10 00:00:00-05:00,True,4.48,0.0,65.8,1243.3896,2025-01-11 22:45:00,FM-15,-3.0,-8.0,69.0,5.1,False,False,False,False
70.01,1108,23,5,True,101.46,112.62875000000001,2025-01-11 23:00:00-05:00,2025-01-12 04:00:00+00:00,2025-01-11 23:00:00-05:00,61758,HUD VL,EST,HUD VL,61758,USW00014714,NYISO,HUD VL,actual_integrated,2025-01-09 07:13:02-05:00,2025-01-10 05:00:00-05:00,21.782777777777778,20250101isolf_csv.zip,20250110isolf.csv,zip_entry_last_modified,True,63.78277777777778,2025-01-11 00:00:00-05:00,False,2025-01-10 23:00:00-05:00,101.46,2025-01-10 00:00:00-05:00,True,4.27,0.0,65.74000000000001,1182.7292,2025-01-11 23:45:00,FM-15,-3.0,-8.0,69.0,5.1,False,False,False,False
70.49,1061,0,6,True,87.66,111.38625,2025-01-12 00:00:00-05:00,2025-01-12 05:00:00+00:00,2025-01-12 00:00:00-05:00,61758,HUD VL,EST,HUD VL,61758,USW00014714,NYISO,HUD VL,actual_integrated,2025-01-10 07:25:06-05:00,2025-01-11 05:00:00-05:00,21.581666666666667,20250101isolf_csv.zip,20250111isolf.csv,zip_entry_last_modified,True,40.58166666666666,2025-01-12 00:00:00-05:00,False,2025-01-11 00:00:00-05:00,87.66,2025-01-11 00:00:00-05:00,True,4.55,0.0,65.94,1137.9322,2025-01-12 00:45:00,FM-15,-4.0,-8.0,74.0,5.1,False,False,False,False
70.08,1030,1,6,True,83.0,110.22166666666665,2025-01-12 01:00:00-05:00,2025-01-12 06:00:00+00:00,2025-01-12 01:00:00-05:00,61758,HUD VL,EST,HUD VL,61758,USW00014714,NYISO,HUD VL,actual_integrated,2025-01-10 07:25:06-05:00,2025-01-11 05:00:00-05:00,21.581666666666667,20250101isolf_csv.zip,20250111isolf.csv,zip_entry_last_modified,True,41.58166666666666,2025-01-12 00:00:00-05:00,False,2025-01-11 01:00:00-05:00,83.0,2025-01-11 00:00:00-05:00,True,4.27,0.0,65.81,1094.5669,2025-01-12 01:59:00,FM-15,-4.0,-8.0,74.0,5.1,False,False,False,False
68.98,1013,2,6,True,75.79,109.07708333333333,2025-01-12 02:00:00-05:00,2025-01-12 07:00:00+00:00,2025-01-12 02:00:00-05:00,61758,HUD VL,EST,HUD VL,61758,USW00014714,NYISO,HUD VL,actual_integrated,2025-01-10 07:25:06-05:00,2025-01-11 05:00:00-05:00,21.581666666666667,20250101isolf_csv.zip,20250111isolf.csv,zip_entry_last_modified,True,42.58166666666666,2025-01-12 00:00:00-05:00,False,2025-01-11 02:00:00-05:00,75.79,2025-01-11 00:00:00-05:00,True,3.72,0.0,65.26,1070.7044,2025-01-12 02:45:00,FM-15,-2.0,-6.0,74.0,2.1,False,False,False,False
68.38,1007,3,6,True,72.78,107.91208333333333,2025-01-12 03:00:00-05:00,2025-01-12 08:00:00+00:00,2025-01-12 03:00:00-05:00,61758,HUD VL,EST,HUD VL,61758,USW00014714,NYISO,HUD VL,actual_integrated,2025-01-10 07:25:06-05:00,2025-01-11 05:00:00-05:00,21.581666666666667,20250101isolf_csv.zip,20250111isolf.csv,zip_entry_last_modified,True,43.58166666666666,2025-01-12 00:00:00-05:00,False,2025-01-11 03:00:00-05:00,72.78,2025-01-11 00:00:00-05:00,True,3.38,0.0,65.0,1054.8967,2025-01-12 03:45:00,FM-15,-2.0,-6.0,74.0,2.1,False,False,False,False
68.45,1009,4,6,True,74.18,106.66375,2025-01-12 04:00:00-05:00,2025-01-12 09:00:00+00:00,2025-01-12 04:00:00-05:00,61758,HUD VL,EST,HUD VL,61758,USW00014714,NYISO,HUD VL,actual_integrated,2025-01-10 07:25:06-05:00,2025-01-11 05:00:00-05:00,21.581666666666667,20250101isolf_csv.zip,20250111isolf.csv,zip_entry_last_modified,True,44.58166666666666,2025-01-12 00:00:00-05:00,False,2025-01-11 04:00:00-05:00,74.18,2025-01-11 00:00:00-05:00,True,3.44,0.0,65.01,1052.7646,2025-01-12 04:45:00,FM-15,-5.0,-6.0,93.0,2.1,False,False,False,False
69.39,1026,5,6,True,75.61,105.22083333333335,2025-01-12 05:00:00-05:00,2025-01-12 10:00:00+00:00,2025-01-12 05:00:00-05:00,61758,HUD VL,EST,HUD VL,61758,USW00014714,NYISO,HUD VL,actual_integrated,2025-01-10 07:25:06-05:00,2025-01-11 05:00:00-05:00,21.581666666666667,20250101isolf_csv.zip,20250111isolf.csv,zip_entry_last_modified,True,45.58166666666666,2025-01-12 00:00:00-05:00,False,2025-01-11 05:00:00-05:00,75.61,2025-01-11 00:00:00-05:00,True,3.93,0.0,65.46,1070.1024,2025-01-12 05:45:00,FM-15,-5.0,-6.0,93.0,2.1,False,False,False,False
69.19,1065,6,6,True,73.96,102.60166666666667,2025-01-12 06:00:00-05:00,2025-01-12 11:00:00+00:00,2025-01-12 06:00:00-05:00,61758,HUD VL,EST,HUD VL,61758,USW00014714,NYISO,HUD VL,actual_integrated,2025-01-10 07:25:06-05:00,2025-01-11 05:00:00-05:00,21.581666666666667,20250101isolf_csv.zip,20250111isolf.csv,zip_entry_last_modified,True,46.58166666666666,2025-01-12 00:00:00-05:00,False,2025-01-11 06:00:00-05:00,73.96,2025-01-11 00:00:00-05:00,True,3.79,0.0,65.39999999999999,1111.1428,2025-01-12 06:45:00,FM-15,-6.0,-8.0,86.0,2.1,False,False,False,False
68.77,1109,7,6,True,81.8,99.51416666666665,2025-01-12 07:00:00-05:00,2025-01-12 12:00:00+00:00,2025-01-12 07:00:00-05:00,61758,HUD VL,EST,HUD VL,61758,USW00014714,NYISO,HUD VL,actual_integrated,2025-01-10 07:25:06-05:00,2025-01-11 05:00:00-05:00,21.581666666666667,20250101isolf_csv.zip,20250111isolf.csv,zip_entry_last_modified,True,47.58166666666666,2025-01-12 00:00:00-05:00,False,2025-01-11 07:00:00-05:00,81.8,2025-01-11 00:00:00-05:00,True,3.77,0.0,65.0,1159.2462,2025-01-12 07:45:00,FM-15,-7.0,-8.0,93.0,3.6,False,False,False,False
68.97,1080,8,6,True,94.91,97.90208333333334,2025-01-12 08:00:00-05:00,2025-01-12 13:00:00+00:00,2025-01-12 08:00:00-05:00,61758,HUD VL,EST,HUD VL,61758,USW00014714,NYISO,HUD VL,actual_integrated,2025-01-10 07:25:06-05:00,2025-01-11 05:00:00-05:00,21.581666666666667,20250101isolf_csv.zip,20250111isolf.csv,zip_entry_last_modified,True,48.58166666666666,2025-01-12 00:00:00-05:00,False,2025-01-11 08:00:00-05:00,94.91,2025-01-11 00:00:00-05:00,True,3.9,0.0,65.07,1157.6538,2025-01-12 08:45:00,FM-15,1.0,-5.0,65.0,5.7,False,False,False,False
66.6,990,9,6,True,97.42,97.01083333333332,2025-01-12 09:00:00-05:00,2025-01-12 14:00:00+00:00,2025-01-12 09:00:00-05:00,61758,HUD VL,EST,HUD VL,61758,USW00014714,NYISO,HUD VL,actual_integrated,2025-01-10 07:25:06-05:00,2025-01-11 05:00:00-05:00,21.581666666666667,20250101isolf_csv.zip,20250111isolf.csv,zip_entry_last_modified,True,49.58166666666666,2025-01-12 00:00:00-05:00,False,2025-01-11 09:00:00-05:00,97.42,2025-01-11 00:00:00-05:00,True,3.41,0.0,63.19,1088.1345,2025-01-12 09:45:00,FM-15,1.0,-5.0,65.0,5.7,False,False,False,False
66.27,911,10,6,True,85.38,96.35708333333332,2025-01-12 10:00:00-05:00,2025-01-12 15:00:00+00:00,2025-01-12 10:00:00-05:00,61758,HUD VL,EST,HUD VL,61758,USW00014714,NYISO,HUD VL,actual_integrated,2025-01-10 07:25:06-05:00,2025-01-11 05:00:00-05:00,21.581666666666667,20250101isolf_csv.zip,20250111isolf.csv,zip_entry_last_modified,True,50.58166666666666,2025-01-12 00:00:00-05:00,False,2025-01-11 10:00:00-05:00,85.38,2025-01-11 00:00:00-05:00,True,3.27,0.0,62.99999999999999,983.4674,2025-01-12 10:45:00,FM-15,2.0,-5.0,60.0,5.7,False,False,False,False
64.64,864,11,6,True,90.46,96.28208333333333,2025-01-12 11:00:00-05:00,2025-01-12 16:00:00+00:00,2025-01-12 11:00:00-05:00,61758,HUD VL,EST,HUD VL,61758,USW00014714,NYISO,HUD VL,actual_integrated,2025-01-10 07:25:06-05:00,2025-01-11 05:00:00-05:00,21.581666666666667,20250101isolf_csv.zip,20250111isolf.csv,zip_entry_last_modified,True,51.58166666666666,2025-01-12 00:00:00-05:00,False,2025-01-11 11:00:00-05:00,90.46,2025-01-11 00:00:00-05:00,True,2.84,0.0,61.8,917.0721,2025-01-12 11:45:00,FM-15,3.0,-5.0,56.0,2.6,False,False,False,False
66.1,851,12,6,True,80.95,95.92833333333334,2025-01-12 12:00:00-05:00,2025-01-12 17:00:00+00:00,2025-01-12 12:00:00-05:00,61758,HUD VL,EST,HUD VL,61758,USW00014714,NYISO,HUD VL,actual_integrated,2025-01-10 07:25:06-05:00,2025-01-11 05:00:00-05:00,21.581666666666667,20250101isolf_csv.zip,20250111isolf.csv,zip_entry_last_modified,True,52.58166666666666,2025-01-12 00:00:00-05:00,False,2025-01-11 12:00:00-05:00,80.95,2025-01-11 00:00:00-05:00,True,2.91,0.0,63.19,947.0904,2025-01-12 12:45:00,FM-15,4.0,-6.0,48.0,2.6,False,False,False,False
65.94,890,13,6,True,77.45,95.40166666666666,2025-01-12 13:00:00-05:00,2025-01-12 18:00:00+00:00,2025-01-12 13:00:00-05:00,61758,HUD VL,EST,HUD VL,61758,USW00014714,NYISO,HUD VL,actual_integrated,2025-01-10 07:25:06-05:00,2025-01-11 05:00:00-05:00,21.581666666666667,20250101isolf_csv.zip,20250111isolf.csv,zip_entry_last_modified,True,53.58166666666666,2025-01-12 00:00:00-05:00,False,2025-01-11 13:00:00-05:00,77.45,2025-01-11 00:00:00-05:00,True,2.9,0.0,63.04,1003.18,2025-01-12 13:45:00,FM-15,4.0,-6.0,48.0,2.6,False,False,False,False
67.44,971,14,6,True,71.11,94.57333333333334,2025-01-12 14:00:00-05:00,2025-01-12 19:00:00+00:00,2025-01-12 14:00:00-05:00,61758,HUD VL,EST,HUD VL,61758,USW00014714,NYISO,HUD VL,actual_integrated,2025-01-10 07:25:06-05:00,2025-01-11 05:00:00-05:00,21.581666666666667,20250101isolf_csv.zip,20250111isolf.csv,zip_entry_last_modified,True,54.58166666666666,2025-01-12 00:00:00-05:00,False,2025-01-11 14:00:00-05:00,71.11,2025-01-11 00:00:00-05:00,True,3.09,0.0,64.35,1126.3191,2025-01-12 14:45:00,FM-15,4.0,-5.0,52.0,4.6,False,False,False,False
68.91,1089,15,6,True,83.07,93.81166666666667,2025-01-12 15:00:00-05:00,2025-01-12 20:00:00+00:00,2025-01-12 15:00:00-05:00,61758,HUD VL,EST,HUD VL,61758,USW00014714,NYISO,HUD VL,actual_integrated,2025-01-10 07:25:06-05:00,2025-01-11 05:00:00-05:00,21.581666666666667,20250101isolf_csv.zip,20250111isolf.csv,zip_entry_last_modified,True,55.58166666666666,2025-01-12 00:00:00-05:00,False,2025-01-11 15:00:00-05:00,83.07,2025-01-11 00:00:00-05:00,True,3.71,0.0,65.2,1194.8205,2025-01-12 15:45:00,FM-15,3.0,-5.0,56.0,4.1,False,False,False,False
73.41,1195,16,6,True,88.47,92.61125,2025-01-12 16:00:00-05:00,2025-01-12 21:00:00+00:00,2025-01-12 16:00:00-05:00,61758,HUD VL,EST,HUD VL,61758,USW00014714,NYISO,HUD VL,actual_integrated,2025-01-10 07:25:06-05:00,2025-01-11 05:00:00-05:00,21.581666666666667,20250101isolf_csv.zip,20250111isolf.csv,zip_entry_last_modified,True,56.58166666666666,2025-01-12 00:00:00-05:00,False,2025-01-11 16:00:00-05:00,88.47,2025-01-11 00:00:00-05:00,True,4.93,0.0,68.47999999999999,1282.4286,2025-01-12 16:45:00,FM-15,2.0,-5.0,60.0,3.6,False,False,False,False
87.98,1285,17,6,True,104.01,90.65416666666665,2025-01-12 17:00:00-05:00,2025-01-12 22:00:00+00:00,2025-01-12 17:00:00-05:00,61758,HUD VL,EST,HUD VL,61758,USW00014714,NYISO,HUD VL,actual_integrated,2025-01-10 07:25:06-05:00,2025-01-11 05:00:00-05:00,21.581666666666667,20250101isolf_csv.zip,20250111isolf.csv,zip_entry_last_modified,True,57.58166666666666,2025-01-12 00:00:00-05:00,False,2025-01-11 17:00:00-05:00,104.01,2025-01-11 00:00:00-05:00,True,6.29,0.0,81.69,1360.6587,2025-01-12 17:45:00,FM-15,0.0,-5.0,69.0,2.6,False,False,False,False
79.53,1291,18,6,True,92.73,88.69916666666667,2025-01-12 18:00:00-05:00,2025-01-12 23:00:00+00:00,2025-01-12 18:00:00-05:00,61758,HUD VL,EST,HUD VL,61758,USW00014714,NYISO,HUD VL,actual_integrated,2025-01-10 07:25:06-05:00,2025-01-11 05:00:00-05:00,21.581666666666667,20250101isolf_csv.zip,20250111isolf.csv,zip_entry_last_modified,True,58.58166666666666,2025-01-12 00:00:00-05:00,False,2025-01-11 18:00:00-05:00,92.73,2025-01-11 00:00:00-05:00,True,5.41,0.0,74.12,1355.9157,2025-01-12 18:45:00,FM-15,0.0,-5.0,69.0,2.6,False,False,False,False
73.4,1266,19,6,True,80.03,87.15333333333332,2025-01-12 19:00:00-05:00,2025-01-13 00:00:00+00:00,2025-01-12 19:00:00-05:00,61758,HUD VL,EST,HUD VL,61758,USW00014714,NYISO,HUD VL,actual_integrated,2025-01-10 07:25:06-05:00,2025-01-11 05:00:00-05:00,21.581666666666667,20250101isolf_csv.zip,20250111isolf.csv,zip_entry_last_modified,True,59.58166666666666,2025-01-12 00:00:00-05:00,False,2025-01-11 19:00:00-05:00,80.03,2025-01-11 00:00:00-05:00,True,5.12,0.0,68.28,1330.5381,2025-01-12 19:45:00,FM-15,-1.0,-5.0,75.0,2.6,False,False,False,False
71.02,1234,20,6,True,75.53,85.54958333333333,2025-01-12 20:00:00-05:00,2025-01-13 01:00:00+00:00,2025-01-12 20:00:00-05:00,61758,HUD VL,EST,HUD VL,61758,USW00014714,NYISO,HUD VL,actual_integrated,2025-01-10 07:25:06-05:00,2025-01-11 05:00:00-05:00,21.581666666666667,20250101isolf_csv.zip,20250111isolf.csv,zip_entry_last_modified,True,60.58166666666666,2025-01-12 00:00:00-05:00,False,2025-01-11 20:00:00-05:00,75.53,2025-01-11 00:00:00-05:00,True,5.08,0.0,65.94,1295.8535,2025-01-12 20:45:00,FM-15,-1.0,-5.0,75.0,0.0,False,False,False,False
69.78,1184,21,6,True,71.09,84.19875,2025-01-12 21:00:00-05:00,2025-01-13 02:00:00+00:00,2025-01-12 21:00:00-05:00,61758,HUD VL,EST,HUD VL,61758,USW00014714,NYISO,HUD VL,actual_integrated,2025-01-10 07:25:06-05:00,2025-01-11 05:00:00-05:00,21.581666666666667,20250101isolf_csv.zip,20250111isolf.csv,zip_entry_last_modified,True,61.58166666666666,2025-01-12 00:00:00-05:00,False,2025-01-11 21:00:00-05:00,71.09,2025-01-11 00:00:00-05:00,True,4.38,0.0,65.4,1242.5081,2025-01-12 21:45:00,FM-15,-1.0,-5.0,75.0,0.0,False,False,False,False
69.04,1120,22,6,True,70.28,82.88041666666666,2025-01-12 22:00:00-05:00,2025-01-13 03:00:00+00:00,2025-01-12 22:00:00-05:00,61758,HUD VL,EST,HUD VL,61758,USW00014714,NYISO,HUD VL,actual_integrated,2025-01-10 07:25:06-05:00,2025-01-11 05:00:00-05:00,21.581666666666667,20250101isolf_csv.zip,20250111isolf.csv,zip_entry_last_modified,True,62.58166666666666,2025-01-12 00:00:00-05:00,False,2025-01-11 22:00:00-05:00,70.28,2025-01-11 00:00:00-05:00,True,3.97,0.0,65.07000000000001,1166.3363,2025-01-12 22:45:00,FM-15,-2.0,-5.0,80.0,2.6,False,False,False,False
69.04,1060,23,6,True,70.01,81.57000000000001,2025-01-12 23:00:00-05:00,2025-01-13 04:00:00+00:00,2025-01-12 23:00:00-05:00,61758,HUD VL,EST,HUD VL,61758,USW00014714,NYISO,HUD VL,actual_integrated,2025-01-10 07:25:06-05:00,2025-01-11 05:00:00-05:00,21.581666666666667,20250101isolf_csv.zip,20250111isolf.csv,zip_entry_last_modified,True,63.58166666666666,2025-01-12 00:00:00-05:00,False,2025-01-11 23:00:00-05:00,70.01,2025-01-11 00:00:00-05:00,True,3.91,0.0,65.13000000000001,1099.1511,2025-01-12 23:45:00,FM-15,-1.0,-4.0,80.0,2.6,False,False,False,False
69.45,1028,0,0,False,70.49,80.85458333333334,2025-01-13 00:00:00-05:00,2025-01-13 05:00:00+00:00,2025-01-13 00:00:00-05:00,61758,HUD VL,EST,HUD VL,61758,USW00014714,NYISO,HUD VL,actual_integrated,2025-01-11 08:10:04-05:00,2025-01-12 05:00:00-05:00,20.83222222222222,20250101isolf_csv.zip,20250112isolf.csv,zip_entry_last_modified,True,39.83222222222222,2025-01-13 00:00:00-05:00,False,2025-01-12 00:00:00-05:00,70.49,2025-01-12 00:00:00-05:00,True,4.06,0.0,65.39,1051.2819,2025-01-13 00:45:00,FM-15,-2.0,-4.0,86.0,2.6,False,False,False,False
69.18,1003,1,0,False,70.08,80.31625000000001,2025-01-13 01:00:00-05:00,2025-01-13 06:00:00+00:00,2025-01-13 01:00:00-05:00,61758,HUD VL,EST,HUD VL,61758,USW00014714,NYISO,HUD VL,actual_integrated,2025-01-11 08:10:04-05:00,2025-01-12 05:00:00-05:00,20.83222222222222,20250101isolf_csv.zip,20250112isolf.csv,zip_entry_last_modified,True,40.83222222222222,2025-01-13 00:00:00-05:00,False,2025-01-12 01:00:00-05:00,70.08,2025-01-12 00:00:00-05:00,True,3.85,0.0,65.33000000000001,1021.4913,2025-01-13 01:45:00,FM-15,-1.0,-5.0,75.0,1.5,False,False,False,False
69.26,993,2,0,False,68.98,80.0325,2025-01-13 02:00:00-05:00,2025-01-13 07:00:00+00:00,2025-01-13 02:00:00-05:00,61758,HUD VL,EST,HUD VL,61758,USW00014714,NYISO,HUD VL,actual_integrated,2025-01-11 08:10:04-05:00,2025-01-12 05:00:00-05:00,20.83222222222222,20250101isolf_csv.zip,20250112isolf.csv,zip_entry_last_modified,True,41.83222222222222,2025-01-13 00:00:00-05:00,False,2025-01-12 02:00:00-05:00,68.98,2025-01-12 00:00:00-05:00,True,3.8,0.0,65.46000000000001,1015.5933,2025-01-13 02:45:00,FM-15,-1.0,-5.0,75.0,0.0,False,False,False,False
68.92,996,3,0,False,68.38,79.84916666666668,2025-01-13 03:00:00-05:00,2025-01-13 08:00:00+00:00,2025-01-13 03:00:00-05:00,61758,HUD VL,EST,HUD VL,61758,USW00014714,NYISO,HUD VL,actual_integrated,2025-01-11 08:10:04-05:00,2025-01-12 05:00:00-05:00,20.83222222222222,20250101isolf_csv.zip,20250112isolf.csv,zip_entry_last_modified,True,42.83222222222222,2025-01-13 00:00:00-05:00,False,2025-01-12 03:00:00-05:00,68.38,2025-01-12 00:00:00-05:00,True,3.65,0.0,65.27,1002.4392,2025-01-13 03:45:00,FM-15,-1.0,-5.0,75.0,0.0,False,False,False,False
69.6,1012,4,0,False,68.45,79.61041666666667,2025-01-13 04:00:00-05:00,2025-01-13 09:00:00+00:00,2025-01-13 04:00:00-05:00,61758,HUD VL,EST,HUD VL,61758,USW00014714,NYISO,HUD VL,actual_integrated,2025-01-11 08:10:04-05:00,2025-01-12 05:00:00-05:00,20.83222222222222,20250101isolf_csv.zip,20250112isolf.csv,zip_entry_last_modified,True,43.83222222222222,2025-01-13 00:00:00-05:00,False,2025-01-12 04:00:00-05:00,68.45,2025-01-12 00:00:00-05:00,True,4.0,0.0,65.6,1032.6501,2025-01-13 04:45:00,FM-15,-1.0,-4.0,80.0,0.0,False,False,False,False
70.83,1064,5,0,False,69.39,79.35125,2025-01-13 05:00:00-05:00,2025-01-13 10:00:00+00:00,2025-01-13 05:00:00-05:00,61758,HUD VL,EST,HUD VL,61758,USW00014714,NYISO,HUD VL,actual_integrated,2025-01-11 08:10:04-05:00,2025-01-12 05:00:00-05:00,20.83222222222222,20250101isolf_csv.zip,20250112isolf.csv,zip_entry_last_modified,True,44.83222222222222,2025-01-13 00:00:00-05:00,False,2025-01-12 05:00:00-05:00,69.39,2025-01-12 00:00:00-05:00,True,4.63,0.0,66.2,1112.498,2025-01-13 05:50:00,FM-15,-2.0,-6.0,74.0,0.0,False,False,False,False
79.9,1155,6,0,False,69.19,79.1525,2025-01-13 06:00:00-05:00,2025-01-13 11:00:00+00:00,2025-01-13 06:00:00-05:00,61758,HUD VL,EST,HUD VL,61758,USW00014714,NYISO,HUD VL,actual_integrated,2025-01-11 08:10:04-05:00,2025-01-12 05:00:00-05:00,20.83222222222222,20250101isolf_csv.zip,20250112isolf.csv,zip_entry_last_modified,True,45.83222222222222,2025-01-13 00:00:00-05:00,False,2025-01-12 06:00:00-05:00,69.19,2025-01-12 00:00:00-05:00,True,5.37,0.0,74.53,1197.1559,2025-01-13 06:45:00,FM-15,-1.0,-5.0,75.0,0.0,False,False,False,False
109.92,1217,7,0,False,68.77,78.60958333333333,2025-01-13 07:00:00-05:00,2025-01-13 12:00:00+00:00,2025-01-13 07:00:00-05:00,61758,HUD VL,EST,HUD VL,61758,USW00014714,NYISO,HUD VL,actual_integrated,2025-01-11 08:10:04-05:00,2025-01-12 05:00:00-05:00,20.83222222222222,20250101isolf_csv.zip,20250112isolf.csv,zip_entry_last_modified,True,46.83222222222222,2025-01-13 00:00:00-05:00,False,2025-01-12 07:00:00-05:00,68.77,2025-01-12 00:00:00-05:00,True,7.98,-0.91,102.85,1279.5931,2025-01-13 07:45:00,FM-15,0.0,-5.0,69.0,0.0,False,False,False,False
100.91,1187,8,0,False,68.97,77.52875,2025-01-13 08:00:00-05:00,2025-01-13 13:00:00+00:00,2025-01-13 08:00:00-05:00,61758,HUD VL,EST,HUD VL,61758,USW00014714,NYISO,HUD VL,actual_integrated,2025-01-11 08:10:04-05:00,2025-01-12 05:00:00-05:00,20.83222222222222,20250101isolf_csv.zip,20250112isolf.csv,zip_entry_last_modified,True,47.83222222222222,2025-01-13 00:00:00-05:00,False,2025-01-12 08:00:00-05:00,68.97,2025-01-12 00:00:00-05:00,True,7.48,0.0,93.43,1297.1212,2025-01-13 08:45:00,FM-15,0.0,-6.0,64.0,2.1,False,False,False,False
77.48,1110,9,0,False,66.6,76.24458333333332,2025-01-13 09:00:00-05:00,2025-01-13 14:00:00+00:00,2025-01-13 09:00:00-05:00,61758,HUD VL,EST,HUD VL,61758,USW00014714,NYISO,HUD VL,actual_integrated,2025-01-11 08:10:04-05:00,2025-01-12 05:00:00-05:00,20.83222222222222,20250101isolf_csv.zip,20250112isolf.csv,zip_entry_last_modified,True,48.83222222222222,2025-01-13 00:00:00-05:00,False,2025-01-12 09:00:00-05:00,66.6,2025-01-12 00:00:00-05:00,True,5.67,0.0,71.81,1280.2206,2025-01-13 09:45:00,FM-15,1.0,-6.0,60.0,2.6,False,False,False,False
72.15,1053,10,0,False,66.27,75.44833333333334,2025-01-13 10:00:00-05:00,2025-01-13 15:00:00+00:00,2025-01-13 10:00:00-05:00,61758,HUD VL,EST,HUD VL,61758,USW00014714,NYISO,HUD VL,actual_integrated,2025-01-11 08:10:04-05:00,2025-01-12 05:00:00-05:00,20.83222222222222,20250101isolf_csv.zip,20250112isolf.csv,zip_entry_last_modified,True,49.83222222222222,2025-01-13 00:00:00-05:00,False,2025-01-12 10:00:00-05:00,66.27,2025-01-12 00:00:00-05:00,True,5.09,0.0,67.06,1256.7786,2025-01-13 10:45:00,FM-15,2.0,-6.0,56.0,2.6,False,False,False,False
69.97,1013,11,0,False,64.64,74.3725,2025-01-13 11:00:00-05:00,2025-01-13 16:00:00+00:00,2025-01-13 11:00:00-05:00,61758,HUD VL,EST,HUD VL,61758,USW00014714,NYISO,HUD VL,actual_integrated,2025-01-11 08:10:04-05:00,2025-01-12 05:00:00-05:00,20.83222222222222,20250101isolf_csv.zip,20250112isolf.csv,zip_entry_last_modified,True,50.83222222222222,2025-01-13 00:00:00-05:00,False,2025-01-12 11:00:00-05:00,64.64,2025-01-12 00:00:00-05:00,True,4.51,0.0,65.46,1239.9322,2025-01-13 11:45:00,FM-15,2.0,-5.0,60.0,4.1,False,False,False,False
69.78,991,12,0,False,66.1,73.75375,2025-01-13 12:00:00-05:00,2025-01-13 17:00:00+00:00,2025-01-13 12:00:00-05:00,61758,HUD VL,EST,HUD VL,61758,USW00014714,NYISO,HUD VL,actual_integrated,2025-01-11 08:10:04-05:00,2025-01-12 05:00:00-05:00,20.83222222222222,20250101isolf_csv.zip,20250112isolf.csv,zip_entry_last_modified,True,51.83222222222222,2025-01-13 00:00:00-05:00,False,2025-01-12 12:00:00-05:00,66.1,2025-01-12 00:00:00-05:00,True,4.38,0.0,65.4,1267.4361,2025-01-13 12:45:00,FM-15,3.0,-5.0,56.0,8.0,False,False,False,False
69.51,1022,13,0,False,65.94,73.27416666666666,2025-01-13 13:00:00-05:00,2025-01-13 18:00:00+00:00,2025-01-13 13:00:00-05:00,61758,HUD VL,EST,HUD VL,61758,USW00014714,NYISO,HUD VL,actual_integrated,2025-01-11 08:10:04-05:00,2025-01-12 05:00:00-05:00,20.83222222222222,20250101isolf_csv.zip,20250112isolf.csv,zip_entry_last_modified,True,52.83222222222222,2025-01-13 00:00:00-05:00,False,2025-01-12 13:00:00-05:00,65.94,2025-01-12 00:00:00-05:00,True,4.24,0.0,65.27000000000001,1225.3486,2025-01-13 13:45:00,FM-15,3.0,-4.0,60.0,2.1,False,False,False,False
69.78,1058,14,0,False,67.44,73.12125,2025-01-13 14:00:00-05:00,2025-01-13 19:00:00+00:00,2025-01-13 14:00:00-05:00,61758,HUD VL,EST,HUD VL,61758,USW00014714,NYISO,HUD VL,actual_integrated,2025-01-11 08:10:04-05:00,2025-01-12 05:00:00-05:00,20.83222222222222,20250101isolf_csv.zip,20250112isolf.csv,zip_entry_last_modified,True,53.83222222222222,2025-01-13 00:00:00-05:00,False,2025-01-12 14:00:00-05:00,67.44,2025-01-12 00:00:00-05:00,True,4.44,0.0,65.34,1204.0771,2025-01-13 14:45:00,FM-15,4.0,-4.0,56.0,5.1,False,False,False,False
70.86,1141,15,0,False,68.91,72.53125,2025-01-13 15:00:00-05:00,2025-01-13 20:00:00+00:00,2025-01-13 15:00:00-05:00,61758,HUD VL,EST,HUD VL,61758,USW00014714,NYISO,HUD VL,actual_integrated,2025-01-11 08:10:04-05:00,2025-01-12 05:00:00-05:00,20.83222222222222,20250101isolf_csv.zip,20250112isolf.csv,zip_entry_last_modified,True,54.83222222222222,2025-01-13 00:00:00-05:00,False,2025-01-12 15:00:00-05:00,68.91,2025-01-12 00:00:00-05:00,True,5.07,0.0,65.78999999999999,1215.814,2025-01-13 15:45:00,FM-15,4.0,-4.0,56.0,4.1,False,False,False,False
78.84,1232,16,0,False,73.41,71.90375,2025-01-13 16:00:00-05:00,2025-01-13 21:00:00+00:00,2025-01-13 16:00:00-05:00,61758,HUD VL,EST,HUD VL,61758,USW00014714,NYISO,HUD VL,actual_integrated,2025-01-11 08:10:04-05:00,2025-01-12 05:00:00-05:00,20.83222222222222,20250101isolf_csv.zip,20250112isolf.csv,zip_entry_last_modified,True,55.83222222222222,2025-01-13 00:00:00-05:00,False,2025-01-12 16:00:00-05:00,73.41,2025-01-12 00:00:00-05:00,True,6.31,0.0,72.53,1304.3338,2025-01-13 16:45:00,FM-15,4.0,-8.0,42.0,9.3,False,False,False,False
92.48,1315,17,0,False,87.98,71.23583333333333,2025-01-13 17:00:00-05:00,2025-01-13 22:00:00+00:00,2025-01-13 17:00:00-05:00,61758,HUD VL,EST,HUD VL,61758,USW00014714,NYISO,HUD VL,actual_integrated,2025-01-11 08:10:04-05:00,2025-01-12 05:00:00-05:00,20.83222222222222,20250101isolf_csv.zip,20250112isolf.csv,zip_entry_last_modified,True,56.83222222222222,2025-01-13 00:00:00-05:00,False,2025-01-12 17:00:00-05:00,87.98,2025-01-12 00:00:00-05:00,True,7.2,-3.51,88.79,1408.4443,2025-01-13 17:45:00,FM-15,1.0,-4.0,70.0,3.1,False,False,False,False
91.95,1319,18,0,False,79.53,70.68583333333333,2025-01-13 18:00:00-05:00,2025-01-13 23:00:00+00:00,2025-01-13 18:00:00-05:00,61758,HUD VL,EST,HUD VL,61758,USW00014714,NYISO,HUD VL,actual_integrated,2025-01-11 08:10:04-05:00,2025-01-12 05:00:00-05:00,20.83222222222222,20250101isolf_csv.zip,20250112isolf.csv,zip_entry_last_modified,True,57.83222222222222,2025-01-13 00:00:00-05:00,False,2025-01-12 18:00:00-05:00,79.53,2025-01-12 00:00:00-05:00,True,6.92,-4.55,89.58,1407.4684,2025-01-13 18:55:00,FM-15,-1.0,-4.0,80.0,3.6,False,False,False,False
74.64,1300,19,0,False,73.4,70.40958333333333,2025-01-13 19:00:00-05:00,2025-01-14 00:00:00+00:00,2025-01-13 19:00:00-05:00,61758,HUD VL,EST,HUD VL,61758,USW00014714,NYISO,HUD VL,actual_integrated,2025-01-11 08:10:04-05:00,2025-01-12 05:00:00-05:00,20.83222222222222,20250101isolf_csv.zip,20250112isolf.csv,zip_entry_last_modified,True,58.83222222222222,2025-01-13 00:00:00-05:00,False,2025-01-12 19:00:00-05:00,73.4,2025-01-12 00:00:00-05:00,True,5.78,-1.61,70.47,1384.4463,2025-01-13 19:45:00,FM-15,-2.0,-5.0,80.0,0.0,False,False,False,False
72.33,1270,20,0,False,71.02,70.22166666666666,2025-01-13 20:00:00-05:00,2025-01-14 01:00:00+00:00,2025-01-13 20:00:00-05:00,61758,HUD VL,EST,HUD VL,61758,USW00014714,NYISO,HUD VL,actual_integrated,2025-01-11 08:10:04-05:00,2025-01-12 05:00:00-05:00,20.83222222222222,20250101isolf_csv.zip,20250112isolf.csv,zip_entry_last_modified,True,59.83222222222222,2025-01-13 00:00:00-05:00,False,2025-01-12 20:00:00-05:00,71.02,2025-01-12 00:00:00-05:00,True,5.38,-0.48,67.43,1352.8529,2025-01-13 20:45:00,FM-15,-2.0,-5.0,80.0,0.0,False,False,False,False
69.61,1212,21,0,False,69.78,70.16708333333334,2025-01-13 21:00:00-05:00,2025-01-14 02:00:00+00:00,2025-01-13 21:00:00-05:00,61758,HUD VL,EST,HUD VL,61758,USW00014714,NYISO,HUD VL,actual_integrated,2025-01-11 08:10:04-05:00,2025-01-12 05:00:00-05:00,20.83222222222222,20250101isolf_csv.zip,20250112isolf.csv,zip_entry_last_modified,True,60.83222222222222,2025-01-13 00:00:00-05:00,False,2025-01-12 21:00:00-05:00,69.78,2025-01-12 00:00:00-05:00,True,4.68,0.0,64.93,1297.3707,2025-01-13 21:45:00,FM-15,-3.0,-6.0,80.0,3.1,False,False,False,False
70.33,1138,22,0,False,69.04,70.11541666666666,2025-01-13 22:00:00-05:00,2025-01-14 03:00:00+00:00,2025-01-13 22:00:00-05:00,61758,HUD VL,EST,HUD VL,61758,USW00014714,NYISO,HUD VL,actual_integrated,2025-01-11 08:10:04-05:00,2025-01-12 05:00:00-05:00,20.83222222222222,20250101isolf_csv.zip,20250112isolf.csv,zip_entry_last_modified,True,61.83222222222222,2025-01-13 00:00:00-05:00,False,2025-01-12 22:00:00-05:00,69.04,2025-01-12 00:00:00-05:00,True,4.6,0.0,65.73,1213.8679,2025-01-13 22:45:00,FM-15,-4.0,-8.0,74.0,4.1,False,False,False,False
69.45,1072,23,0,False,69.04,70.075,2025-01-13 23:00:00-05:00,2025-01-14 04:00:00+00:00,2025-01-13 23:00:00-05:00,61758,HUD VL,EST,HUD VL,61758,USW00014714,NYISO,HUD VL,actual_integrated,2025-01-11 08:10:04-05:00,2025-01-12 05:00:00-05:00,20.83222222222222,20250101isolf_csv.zip,20250112isolf.csv,zip_entry_last_modified,True,62.83222222222222,2025-01-13 00:00:00-05:00,False,2025-01-12 23:00:00-05:00,69.04,2025-01-12 00:00:00-05:00,True,4.12,0.0,65.33,1146.4543,2025-01-13 23:45:00,FM-15,-4.0,-8.0,74.0,4.1,False,False,False,False
68.92,1039,0,1,False,69.45,70.03166666666667,2025-01-14 00:00:00-05:00,2025-01-14 05:00:00+00:00,2025-01-14 00:00:00-05:00,61758,HUD VL,EST,HUD VL,61758,USW00014714,NYISO,HUD VL,actual_integrated,2025-01-12 07:55:04-05:00,2025-01-13 05:00:00-05:00,21.08222222222222,20250101isolf_csv.zip,20250113isolf.csv,zip_entry_last_modified,True,40.08222222222222,2025-01-14 00:00:00-05:00,False,2025-01-13 00:00:00-05:00,69.45,2025-01-13 00:00:00-05:00,True,4.2,0.0,64.72,1091.9707,2025-01-14 00:45:00,FM-15,-4.0,-8.0,74.0,4.1,False,False,False,False
67.18,1019,1,1,False,69.18,69.99416666666666,2025-01-14 01:00:00-05:00,2025-01-14 06:00:00+00:00,2025-01-14 01:00:00-05:00,61758,HUD VL,EST,HUD VL,61758,USW00014714,NYISO,HUD VL,actual_integrated,2025-01-12 07:55:04-05:00,2025-01-13 05:00:00-05:00,21.08222222222222,20250101isolf_csv.zip,20250113isolf.csv,zip_entry_last_modified,True,41.08222222222222,2025-01-14 00:00:00-05:00,False,2025-01-13 01:00:00-05:00,69.18,2025-01-13 00:00:00-05:00,True,4.04,0.0,63.14000000000001,1065.2292,2025-01-14 01:45:00,FM-15,-3.0,-8.0,69.0,4.1,False,False,False,False
69.73,1011,2,1,False,69.26,70.00583333333334,2025-01-14 02:00:00-05:00,2025-01-14 07:00:00+00:00,2025-01-14 02:00:00-05:00,61758,HUD VL,EST,HUD VL,61758,USW00014714,NYISO,HUD VL,actual_integrated,2025-01-12 07:55:04-05:00,2025-01-13 05:00:00-05:00,21.08222222222222,20250101isolf_csv.zip,20250113isolf.csv,zip_entry_last_modified,True,42.08222222222222,2025-01-14 00:00:00-05:00,False,2025-01-13 02:00:00-05:00,69.26,2025-01-13 00:00:00-05:00,True,4.13,0.0,65.60000000000001,1051.6395,2025-01-14 02:45:00,FM-15,-3.0,-9.0,64.0,4.1,False,False,False,False
69.73,1014,3,1,False,68.92,70.02833333333334,2025-01-14 03:00:00-05:00,2025-01-14 08:00:00+00:00,2025-01-14 03:00:00-05:00,61758,HUD VL,EST,HUD VL,61758,USW00014714,NYISO,HUD VL,actual_integrated,2025-01-12 07:55:04-05:00,2025-01-13 05:00:00-05:00,21.08222222222222,20250101isolf_csv.zip,20250113isolf.csv,zip_entry_last_modified,True,43.08222222222222,2025-01-14 00:00:00-05:00,False,2025-01-13 03:00:00-05:00,68.92,2025-01-13 00:00:00-05:00,True,4.13,0.0,65.60000000000001,1048.6428,2025-01-14 03:45:00,FM-15,-3.0,-9.0,64.0,4.1,False,False,False,False
69.73,1030,4,1,False,69.6,70.07625,2025-01-14 04:00:00-05:00,2025-01-14 09:00:00+00:00,2025-01-14 04:00:00-05:00,61758,HUD VL,EST,HUD VL,61758,USW00014714,NYISO,HUD VL,actual_integrated,2025-01-12 07:55:04-05:00,2025-01-13 05:00:00-05:00,21.08222222222222,20250101isolf_csv.zip,20250113isolf.csv,zip_entry_last_modified,True,44.08222222222222,2025-01-14 00:00:00-05:00,False,2025-01-13 04:00:00-05:00,69.6,2025-01-13 00:00:00-05:00,True,4.07,0.0,65.66,1065.7108,2025-01-14 04:45:00,FM-15,-3.0,-9.0,64.0,4.6,False,False,False,False
66.81,1081,5,1,False,70.83,70.13625,2025-01-14 05:00:00-05:00,2025-01-14 10:00:00+00:00,2025-01-14 05:00:00-05:00,61758,HUD VL,EST,HUD VL,61758,USW00014714,NYISO,HUD VL,actual_integrated,2025-01-12 07:55:04-05:00,2025-01-13 05:00:00-05:00,21.08222222222222,20250101isolf_csv.zip,20250113isolf.csv,zip_entry_last_modified,True,45.08222222222222,2025-01-14 00:00:00-05:00,False,2025-01-13 05:00:00-05:00,70.83,2025-01-13 00:00:00-05:00,True,4.31,0.0,62.5,1121.0674,2025-01-14 05:45:00,FM-15,-3.0,-9.0,64.0,6.7,False,False,False,False
91.14,1162,6,1,False,79.9,70.5825,2025-01-14 06:00:00-05:00,2025-01-14 11:00:00+00:00,2025-01-14 06:00:00-05:00,61758,HUD VL,EST,HUD VL,61758,USW00014714,NYISO,HUD VL,actual_integrated,2025-01-12 07:55:04-05:00,2025-01-13 05:00:00-05:00,21.08222222222222,20250101isolf_csv.zip,20250113isolf.csv,zip_entry_last_modified,True,46.08222222222222,2025-01-14 00:00:00-05:00,False,2025-01-13 06:00:00-05:00,79.9,2025-01-13 00:00:00-05:00,True,5.31,-15.88,101.71,1219.8757,2025-01-14 06:45:00,FM-15,-3.0,-12.0,50.0,5.1,False,False,False,False
111.33,1219,7,1,False,109.92,72.29708333333333,2025-01-14 07:00:00-05:00,2025-01-14 12:00:00+00:00,2025-01-14 07:00:00-05:00,61758,HUD VL,EST,HUD VL,61758,USW00014714,NYISO,HUD VL,actual_integrated,2025-01-12 07:55:04-05:00,2025-01-13 05:00:00-05:00,21.08222222222222,20250101isolf_csv.zip,20250113isolf.csv,zip_entry_last_modified,True,47.08222222222222,2025-01-14 00:00:00-05:00,False,2025-01-13 07:00:00-05:00,109.92,2025-01-13 00:00:00-05:00,True,6.58,-22.48,127.23,1287.4414,2025-01-14 07:45:00,FM-15,-4.0,-11.0,59.0,4.6,False,False,False,False
102.69,1168,8,1,False,100.91,73.62791666666666,2025-01-14 08:00:00-05:00,2025-01-14 13:00:00+00:00,2025-01-14 08:00:00-05:00,61758,HUD VL,EST,HUD VL,61758,USW00014714,NYISO,HUD VL,actual_integrated,2025-01-12 07:55:04-05:00,2025-01-13 05:00:00-05:00,21.08222222222222,20250101isolf_csv.zip,20250113isolf.csv,zip_entry_last_modified,True,48.08222222222222,2025-01-14 00:00:00-05:00,False,2025-01-13 08:00:00-05:00,100.91,2025-01-13 00:00:00-05:00,True,6.92,-13.42,109.19,1258.435,2025-01-14 08:45:00,FM-15,-3.0,-11.0,54.0,5.1,False,False,False,False
86.76,1066,9,1,False,77.48,74.08125,2025-01-14 09:00:00-05:00,2025-01-14 14:00:00+00:00,2025-01-14 09:00:00-05:00,61758,HUD VL,EST,HUD VL,61758,USW00014714,NYISO,HUD VL,actual_integrated,2025-01-12 07:55:04-05:00,2025-01-13 05:00:00-05:00,21.08222222222222,20250101isolf_csv.zip,20250113isolf.csv,zip_entry_last_modified,True,49.08222222222222,2025-01-14 00:00:00-05:00,False,2025-01-13 09:00:00-05:00,77.48,2025-01-13 00:00:00-05:00,True,6.72,0.0,80.04,1134.4963,2025-01-14 09:45:00,FM-15,-2.0,-12.0,47.0,6.2,False,False,False,False
90.58,1002,10,1,False,72.15,74.32625,2025-01-14 10:00:00-05:00,2025-01-14 15:00:00+00:00,2025-01-14 10:00:00-05:00,61758,HUD VL,EST,HUD VL,61758,USW00014714,NYISO,HUD VL,actual_integrated,2025-01-12 07:55:04-05:00,2025-01-13 05:00:00-05:00,21.08222222222222,20250101isolf_csv.zip,20250113isolf.csv,zip_entry_last_modified,True,50.08222222222222,2025-01-14 00:00:00-05:00,False,2025-01-13 10:00:00-05:00,72.15,2025-01-13 00:00:00-05:00,True,7.07,-1.32,84.82999999999998,1124.3161,2025-01-14 10:45:00,FM-15,-3.0,-11.0,54.0,6.2,False,False,False,False
83.63,994,11,1,False,69.97,74.54833333333333,2025-01-14 11:00:00-05:00,2025-01-14 16:00:00+00:00,2025-01-14 11:00:00-05:00,61758,HUD VL,EST,HUD VL,61758,USW00014714,NYISO,HUD VL,actual_integrated,2025-01-12 07:55:04-05:00,2025-01-13 05:00:00-05:00,21.08222222222222,20250101isolf_csv.zip,20250113isolf.csv,zip_entry_last_modified,True,51.08222222222222,2025-01-14 00:00:00-05:00,False,2025-01-13 11:00:00-05:00,69.97,2025-01-13 00:00:00-05:00,True,6.38,-2.16,79.41,1055.9537,2025-01-14 11:45:00,FM-15,-3.0,-12.0,50.0,6.2,False,False,False,False
83.49,1009,12,1,False,69.78,74.70166666666667,2025-01-14 12:00:00-05:00,2025-01-14 17:00:00+00:00,2025-01-14 12:00:00-05:00,61758,HUD VL,EST,HUD VL,61758,USW00014714,NYISO,HUD VL,actual_integrated,2025-01-12 07:55:04-05:00,2025-01-13 05:00:00-05:00,21.08222222222222,20250101isolf_csv.zip,20250113isolf.csv,zip_entry_last_modified,True,52.08222222222222,2025-01-14 00:00:00-05:00,False,2025-01-13 12:00:00-05:00,69.78,2025-01-13 00:00:00-05:00,True,6.6,-0.11,77.0,1066.45,2025-01-14 12:45:00,FM-15,-2.0,-12.0,47.0,6.2,False,False,False,False
84.84,1056,13,1,False,69.51,74.85041666666667,2025-01-14 13:00:00-05:00,2025-01-14 18:00:00+00:00,2025-01-14 13:00:00-05:00,61758,HUD VL,EST,HUD VL,61758,USW00014714,NYISO,HUD VL,actual_integrated,2025-01-12 07:55:04-05:00,2025-01-13 05:00:00-05:00,21.08222222222222,20250101isolf_csv.zip,20250113isolf.csv,zip_entry_last_modified,True,53.08222222222222,2025-01-14 00:00:00-05:00,False,2025-01-13 13:00:00-05:00,69.51,2025-01-13 00:00:00-05:00,True,6.64,0.0,78.2,1079.9032,2025-01-14 13:45:00,FM-15,-2.0,-12.0,47.0,7.7,False,False,False,False
90.14,1108,14,1,False,69.78,74.94791666666667,2025-01-14 14:00:00-05:00,2025-01-14 19:00:00+00:00,2025-01-14 14:00:00-05:00,61758,HUD VL,EST,HUD VL,61758,USW00014714,NYISO,HUD VL,actual_integrated,2025-01-12 07:55:04-05:00,2025-01-13 05:00:00-05:00,21.08222222222222,20250101isolf_csv.zip,20250113isolf.csv,zip_entry_last_modified,True,54.08222222222222,2025-01-14 00:00:00-05:00,False,2025-01-13 14:00:00-05:00,69.78,2025-01-13 00:00:00-05:00,True,7.06,-0.97,84.05,1168.5939,2025-01-14 14:45:00,FM-15,-2.0,-12.0,47.0,7.7,False,False,False,False
97.56,1204,15,1,False,70.86,75.02916666666668,2025-01-14 15:00:00-05:00,2025-01-14 20:00:00+00:00,2025-01-14 15:00:00-05:00,61758,HUD VL,EST,HUD VL,61758,USW00014714,NYISO,HUD VL,actual_integrated,2025-01-12 07:55:04-05:00,2025-01-13 05:00:00-05:00,21.08222222222222,20250101isolf_csv.zip,20250113isolf.csv,zip_entry_last_modified,True,55.08222222222222,2025-01-14 00:00:00-05:00,False,2025-01-13 15:00:00-05:00,70.86,2025-01-13 00:00:00-05:00,True,7.44,-6.46,96.58,1257.1153,2025-01-14 15:45:00,FM-15,-2.0,-12.0,47.0,5.1,False,False,False,False
122.74,1302,16,1,False,78.84,75.25541666666668,2025-01-14 16:00:00-05:00,2025-01-14 21:00:00+00:00,2025-01-14 16:00:00-05:00,61758,HUD VL,EST,HUD VL,61758,USW00014714,NYISO,HUD VL,actual_integrated,2025-01-12 07:55:04-05:00,2025-01-13 05:00:00-05:00,21.08222222222222,20250101isolf_csv.zip,20250113isolf.csv,zip_entry_last_modified,True,56.08222222222222,2025-01-14 00:00:00-05:00,False,2025-01-13 16:00:00-05:00,78.84,2025-01-13 00:00:00-05:00,True,7.66,-32.71,147.79,1384.6396,2025-01-14 16:45:00,FM-15,-3.0,-13.0,46.0,6.2,False,False,False,False
163.51,1382,17,1,False,92.48,75.44291666666668,2025-01-14 17:00:00-05:00,2025-01-14 22:00:00+00:00,2025-01-14 17:00:00-05:00,61758,HUD VL,EST,HUD VL,61758,USW00014714,NYISO,HUD VL,actual_integrated,2025-01-12 07:55:04-05:00,2025-01-13 05:00:00-05:00,21.08222222222222,20250101isolf_csv.zip,20250113isolf.csv,zip_entry_last_modified,True,57.08222222222222,2025-01-14 00:00:00-05:00,False,2025-01-13 17:00:00-05:00,92.48,2025-01-13 00:00:00-05:00,True,11.36,-30.07,182.22,1481.2593,2025-01-14 17:45:00,FM-15,-4.0,-13.0,50.0,6.2,False,False,False,False
139.12,1386,18,1,False,91.95,75.96041666666667,2025-01-14 18:00:00-05:00,2025-01-14 23:00:00+00:00,2025-01-14 18:00:00-05:00,61758,HUD VL,EST,HUD VL,61758,USW00014714,NYISO,HUD VL,actual_integrated,2025-01-12 07:55:04-05:00,2025-01-13 05:00:00-05:00,21.08222222222222,20250101isolf_csv.zip,20250113isolf.csv,zip_entry_last_modified,True,58.08222222222222,2025-01-14 00:00:00-05:00,False,2025-01-13 18:00:00-05:00,91.95,2025-01-13 00:00:00-05:00,True,8.5,-42.09,172.71,1483.8593,2025-01-14 18:45:00,FM-15,-5.0,-12.0,58.0,5.1,False,False,False,False
126.63,1365,19,1,False,74.64,76.01208333333334,2025-01-14 19:00:00-05:00,2025-01-15 00:00:00+00:00,2025-01-14 19:00:00-05:00,61758,HUD VL,EST,HUD VL,61758,USW00014714,NYISO,HUD VL,actual_integrated,2025-01-12 07:55:04-05:00,2025-01-13 05:00:00-05:00,21.08222222222222,20250101isolf_csv.zip,20250113isolf.csv,zip_entry_last_modified,True,59.08222222222222,2025-01-14 00:00:00-05:00,False,2025-01-13 19:00:00-05:00,74.64,2025-01-13 00:00:00-05:00,True,8.13,-32.95,151.45,1466.278,2025-01-14 19:45:00,FM-15,-5.0,-11.0,63.0,3.6,False,False,False,False
119.71,1335,20,1,False,72.33,76.06666666666666,2025-01-14 20:00:00-05:00,2025-01-15 01:00:00+00:00,2025-01-14 20:00:00-05:00,61758,HUD VL,EST,HUD VL,61758,USW00014714,NYISO,HUD VL,actual_integrated,2025-01-12 07:55:04-05:00,2025-01-13 05:00:00-05:00,21.08222222222222,20250101isolf_csv.zip,20250113isolf.csv,zip_entry_last_modified,True,60.08222222222222,2025-01-14 00:00:00-05:00,False,2025-01-13 20:00:00-05:00,72.33,2025-01-13 00:00:00-05:00,True,8.16,-25.74,137.29,1434.9849,2025-01-14 20:45:00,FM-15,-6.0,-9.0,80.0,4.1,False,False,False,False
103.35,1277,21,1,False,69.61,76.05958333333334,2025-01-14 21:00:00-05:00,2025-01-15 02:00:00+00:00,2025-01-14 21:00:00-05:00,61758,HUD VL,EST,HUD VL,61758,USW00014714,NYISO,HUD VL,actual_integrated,2025-01-12 07:55:04-05:00,2025-01-13 05:00:00-05:00,21.08222222222222,20250101isolf_csv.zip,20250113isolf.csv,zip_entry_last_modified,True,61.08222222222222,2025-01-14 00:00:00-05:00,False,2025-01-13 21:00:00-05:00,69.61,2025-01-13 00:00:00-05:00,True,7.24,-13.92,110.03,1377.1541,2025-01-14 21:35:00,FM-15,-6.0,-10.0,74.0,6.2,False,False,False,False
99.97,1202,22,1,False,70.33,76.11333333333333,2025-01-14 22:00:00-05:00,2025-01-15 03:00:00+00:00,2025-01-14 22:00:00-05:00,61758,HUD VL,EST,HUD VL,61758,USW00014714,NYISO,HUD VL,actual_integrated,2025-01-12 07:55:04-05:00,2025-01-13 05:00:00-05:00,21.08222222222222,20250101isolf_csv.zip,20250113isolf.csv,zip_entry_last_modified,True,62.08222222222222,2025-01-14 00:00:00-05:00,False,2025-01-13 22:00:00-05:00,70.33,2025-01-13 00:00:00-05:00,True,6.88,-11.14,104.23,1298.9784,2025-01-14 22:45:00,FM-15,-6.0,-10.0,74.0,6.2,False,False,False,False
99.52,1138,23,1,False,69.45,76.13041666666668,2025-01-14 23:00:00-05:00,2025-01-15 04:00:00+00:00,2025-01-14 23:00:00-05:00,61758,HUD VL,EST,HUD VL,61758,USW00014714,NYISO,HUD VL,actual_integrated,2025-01-12 07:55:04-05:00,2025-01-13 05:00:00-05:00,21.08222222222222,20250101isolf_csv.zip,20250113isolf.csv,zip_entry_last_modified,True,63.08222222222222,2025-01-14 00:00:00-05:00,False,2025-01-13 23:00:00-05:00,69.45,2025-01-13 00:00:00-05:00,True,6.47,-11.2,104.25,1223.0389,2025-01-14 23:45:00,FM-15,-7.0,-11.0,73.0,6.2,False,False,False,False
92.53,1096,0,2,False,68.92,76.10833333333333,2025-01-15 00:00:00-05:00,2025-01-15 05:00:00+00:00,2025-01-15 00:00:00-05:00,61758,HUD VL,EST,HUD VL,61758,USW00014714,NYISO,HUD VL,actual_integrated,2025-01-13 08:05:04-05:00,2025-01-14 05:00:00-05:00,20.915555555555557,20250101isolf_csv.zip,20250114isolf.csv,zip_entry_last_modified,True,39.91555555555556,2025-01-15 00:00:00-05:00,False,2025-01-14 00:00:00-05:00,68.92,2025-01-14 00:00:00-05:00,True,6.32,-5.29,91.5,1180.2891,2025-01-15 00:45:00,FM-15,-7.0,-11.0,73.0,5.1,False,False,False,False
88.83,1075,1,2,False,67.18,76.02499999999999,2025-01-15 01:00:00-05:00,2025-01-15 06:00:00+00:00,2025-01-15 01:00:00-05:00,61758,HUD VL,EST,HUD VL,61758,USW00014714,NYISO,HUD VL,actual_integrated,2025-01-13 08:05:04-05:00,2025-01-14 05:00:00-05:00,20.915555555555557,20250101isolf_csv.zip,20250114isolf.csv,zip_entry_last_modified,True,40.91555555555556,2025-01-15 00:00:00-05:00,False,2025-01-14 01:00:00-05:00,67.18,2025-01-14 00:00:00-05:00,True,5.84,-8.12,91.11,1153.3293,2025-01-15 01:45:00,FM-15,-8.0,-12.0,73.0,4.1,False,False,False,False
86.8,1066,2,2,False,69.73,76.04458333333334,2025-01-15 02:00:00-05:00,2025-01-15 07:00:00+00:00,2025-01-15 02:00:00-05:00,61758,HUD VL,EST,HUD VL,61758,USW00014714,NYISO,HUD VL,actual_integrated,2025-01-13 08:05:04-05:00,2025-01-14 05:00:00-05:00,20.915555555555557,20250101isolf_csv.zip,20250114isolf.csv,zip_entry_last_modified,True,41.91555555555556,2025-01-15 00:00:00-05:00,False,2025-01-14 02:00:00-05:00,69.73,2025-01-14 00:00:00-05:00,True,5.77,-6.17,87.2,1137.9285,2025-01-15 02:45:00,FM-15,-8.0,-12.0,73.0,5.1,False,False,False,False
84.81,1065,3,2,False,69.73,76.07833333333333,2025-01-15 03:00:00-05:00,2025-01-15 08:00:00+00:00,2025-01-15 03:00:00-05:00,61758,HUD VL,EST,HUD VL,61758,USW00014714,NYISO,HUD VL,actual_integrated,2025-01-13 08:05:04-05:00,2025-01-14 05:00:00-05:00,20.915555555555557,20250101isolf_csv.zip,20250114isolf.csv,zip_entry_last_modified,True,42.91555555555556,2025-01-15 00:00:00-05:00,False,2025-01-14 03:00:00-05:00,69.73,2025-01-14 00:00:00-05:00,True,5.84,-4.1,83.07,1137.6162,2025-01-15 03:45:00,FM-15,-7.0,-12.0,68.0,5.7,False,False,False,False
86.9,1077,4,2,False,69.73,76.08375,2025-01-15 04:00:00-05:00,2025-01-15 09:00:00+00:00,2025-01-15 04:00:00-05:00,61758,HUD VL,EST,HUD VL,61758,USW00014714,NYISO,HUD VL,actual_integrated,2025-01-13 08:05:04-05:00,2025-01-14 05:00:00-05:00,20.915555555555557,20250101isolf_csv.zip,20250114isolf.csv,zip_entry_last_modified,True,43.91555555555556,2025-01-15 00:00:00-05:00,False,2025-01-14 04:00:00-05:00,69.73,2025-01-14 00:00:00-05:00,True,6.29,0.0,80.61,1150.6149,2025-01-15 04:45:00,FM-15,-8.0,-12.0,73.0,6.2,False,False,False,False
96.25,1121,5,2,False,66.81,75.91625,2025-01-15 05:00:00-05:00,2025-01-15 10:00:00+00:00,2025-01-15 05:00:00-05:00,61758,HUD VL,EST,HUD VL,61758,USW00014714,NYISO,HUD VL,actual_integrated,2025-01-13 08:05:04-05:00,2025-01-14 05:00:00-05:00,20.915555555555557,20250101isolf_csv.zip,20250114isolf.csv,zip_entry_last_modified,True,44.91555555555556,2025-01-15 00:00:00-05:00,False,2025-01-14 05:00:00-05:00,66.81,2025-01-14 00:00:00-05:00,True,6.58,-7.47,97.14,1202.3572,2025-01-15 05:45:00,FM-15,-8.0,-12.0,73.0,6.2,False,False,False,False
115.0,1196,6,2,False,91.14,76.38458333333334,2025-01-15 06:00:00-05:00,2025-01-15 11:00:00+00:00,2025-01-15 06:00:00-05:00,61758,HUD VL,EST,HUD VL,61758,USW00014714,NYISO,HUD VL,actual_integrated,2025-01-13 08:05:04-05:00,2025-01-14 05:00:00-05:00,20.915555555555557,20250101isolf_csv.zip,20250114isolf.csv,zip_entry_last_modified,True,45.91555555555556,2025-01-15 00:00:00-05:00,False,2025-01-14 06:00:00-05:00,91.14,2025-01-14 00:00:00-05:00,True,7.05,-22.04,129.99,1306.3502,2025-01-15 06:45:00,FM-15,-6.0,-12.0,63.0,7.2,False,False,False,False
145.58,1253,7,2,False,111.33,76.44333333333333,2025-01-15 07:00:00-05:00,2025-01-15 12:00:00+00:00,2025-01-15 07:00:00-05:00,61758,HUD VL,EST,HUD VL,61758,USW00014714,NYISO,HUD VL,actual_integrated,2025-01-13 08:05:04-05:00,2025-01-14 05:00:00-05:00,20.915555555555557,20250101isolf_csv.zip,20250114isolf.csv,zip_entry_last_modified,True,46.91555555555556,2025-01-15 00:00:00-05:00,False,2025-01-14 07:00:00-05:00,111.33,2025-01-14 00:00:00-05:00,True,8.82,-32.97,169.73000000000002,1364.5571,2025-01-15 07:45:00,FM-15,-6.0,-12.0,63.0,7.2,False,False,False,False
123.34,1214,8,2,False,102.69,76.5175,2025-01-15 08:00:00-05:00,2025-01-15 13:00:00+00:00,2025-01-15 08:00:00-05:00,61758,HUD VL,EST,HUD VL,61758,USW00014714,NYISO,HUD VL,actual_integrated,2025-01-13 08:05:04-05:00,2025-01-14 05:00:00-05:00,20.915555555555557,20250101isolf_csv.zip,20250114isolf.csv,zip_entry_last_modified,True,47.91555555555556,2025-01-15 00:00:00-05:00,False,2025-01-14 08:00:00-05:00,102.69,2025-01-14 00:00:00-05:00,True,9.85,-4.13,117.62,1312.4767,2025-01-15 08:45:00,FM-15,-5.0,-12.0,58.0,7.2,False,False,False,False
100.6,1115,9,2,False,86.76,76.90416666666667,2025-01-15 09:00:00-05:00,2025-01-15 14:00:00+00:00,2025-01-15 09:00:00-05:00,61758,HUD VL,EST,HUD VL,61758,USW00014714,NYISO,HUD VL,actual_integrated,2025-01-13 08:05:04-05:00,2025-01-14 05:00:00-05:00,20.915555555555557,20250101isolf_csv.zip,20250114isolf.csv,zip_entry_last_modified,True,48.91555555555556,2025-01-15 00:00:00-05:00,False,2025-01-14 09:00:00-05:00,86.76,2025-01-14 00:00:00-05:00,True,7.45,-7.41,100.56,1193.1706,2025-01-15 09:45:00,FM-15,-3.0,-12.0,50.0,7.2,False,False,False,False
102.73,1050,10,2,False,90.58,77.67208333333333,2025-01-15 10:00:00-05:00,2025-01-15 15:00:00+00:00,2025-01-15 10:00:00-05:00,61758,HUD VL,EST,HUD VL,61758,USW00014714,NYISO,HUD VL,actual_integrated,2025-01-13 08:05:04-05:00,2025-01-14 05:00:00-05:00,20.915555555555557,20250101isolf_csv.zip,20250114isolf.csv,zip_entry_last_modified,True,49.91555555555556,2025-01-15 00:00:00-05:00,False,2025-01-14 10:00:00-05:00,90.58,2025-01-14 00:00:00-05:00,True,7.63,-9.37,104.47,1137.8315,2025-01-15 10:45:00,FM-15,-2.0,-12.0,47.0,9.8,False,False,False,False
100.88,1024,11,2,False,83.63,78.24125,2025-01-15 11:00:00-05:00,2025-01-15 16:00:00+00:00,2025-01-15 11:00:00-05:00,61758,HUD VL,EST,HUD VL,61758,USW00014714,NYISO,HUD VL,actual_integrated,2025-01-13 08:05:04-05:00,2025-01-14 05:00:00-05:00,20.915555555555557,20250101isolf_csv.zip,20250114isolf.csv,zip_entry_last_modified,True,50.91555555555556,2025-01-15 00:00:00-05:00,False,2025-01-14 11:00:00-05:00,83.63,2025-01-14 00:00:00-05:00,True,7.48,-7.41,100.81,1141.1535,2025-01-15 11:45:00,FM-15,-3.0,-12.0,50.0,10.8,False,False,False,False
98.53,1014,12,2,False,83.49,78.8125,2025-01-15 12:00:00-05:00,2025-01-15 17:00:00+00:00,2025-01-15 12:00:00-05:00,61758,HUD VL,EST,HUD VL,61758,USW00014714,NYISO,HUD VL,actual_integrated,2025-01-13 08:05:04-05:00,2025-01-14 05:00:00-05:00,20.915555555555557,20250101isolf_csv.zip,20250114isolf.csv,zip_entry_last_modified,True,51.91555555555556,2025-01-15 00:00:00-05:00,False,2025-01-14 12:00:00-05:00,83.49,2025-01-14 00:00:00-05:00,True,7.45,-5.44,96.52,1179.985,2025-01-15 12:45:00,FM-15,-3.0,-12.0,50.0,10.3,False,False,False,False
98.25,1042,13,2,False,84.84,79.45125,2025-01-15 13:00:00-05:00,2025-01-15 18:00:00+00:00,2025-01-15 13:00:00-05:00,61758,HUD VL,EST,HUD VL,61758,USW00014714,NYISO,HUD VL,actual_integrated,2025-01-13 08:05:04-05:00,2025-01-14 05:00:00-05:00,20.915555555555557,20250101isolf_csv.zip,20250114isolf.csv,zip_entry_last_modified,True,52.91555555555556,2025-01-15 00:00:00-05:00,False,2025-01-14 13:00:00-05:00,84.84,2025-01-14 00:00:00-05:00,True,7.3,-6.11,97.06,1212.8598,2025-01-15 13:45:00,FM-15,-2.0,-12.0,47.0,9.3,False,False,False,False
100.94,1093,14,2,False,90.14,80.29958333333333,2025-01-15 14:00:00-05:00,2025-01-15 19:00:00+00:00,2025-01-15 14:00:00-05:00,61758,HUD VL,EST,HUD VL,61758,USW00014714,NYISO,HUD VL,actual_integrated,2025-01-13 08:05:04-05:00,2025-01-14 05:00:00-05:00,20.915555555555557,20250101isolf_csv.zip,20250114isolf.csv,zip_entry_last_modified,True,53.91555555555556,2025-01-15 00:00:00-05:00,False,2025-01-14 14:00:00-05:00,90.14,2025-01-14 00:00:00-05:00,True,7.42,-8.14,101.66,1248.497,2025-01-15 14:45:00,FM-15,-2.0,-12.0,47.0,7.7,False,False,False,False
110.81,1195,15,2,False,97.56,81.41208333333333,2025-01-15 15:00:00-05:00,2025-01-15 20:00:00+00:00,2025-01-15 15:00:00-05:00,61758,HUD VL,EST,HUD VL,61758,USW00014714,NYISO,HUD VL,actual_integrated,2025-01-13 08:05:04-05:00,2025-01-14 05:00:00-05:00,20.915555555555557,20250101isolf_csv.zip,20250114isolf.csv,zip_entry_last_modified,True,54.91555555555556,2025-01-15 00:00:00-05:00,False,2025-01-14 15:00:00-05:00,97.56,2025-01-14 00:00:00-05:00,True,7.62,-16.64,119.83,1328.8058,2025-01-15 15:45:00,FM-15,-2.0,-12.0,47.0,6.7,False,False,False,False
123.18,1301,16,2,False,122.74,83.24125,2025-01-15 16:00:00-05:00,2025-01-15 21:00:00+00:00,2025-01-15 16:00:00-05:00,61758,HUD VL,EST,HUD VL,61758,USW00014714,NYISO,HUD VL,actual_integrated,2025-01-13 08:05:04-05:00,2025-01-14 05:00:00-05:00,20.915555555555557,20250101isolf_csv.zip,20250114isolf.csv,zip_entry_last_modified,True,55.91555555555556,2025-01-15 00:00:00-05:00,False,2025-01-14 16:00:00-05:00,122.74,2025-01-14 00:00:00-05:00,True,7.96,-27.73,142.95000000000002,1428.8164,2025-01-15 16:45:00,FM-15,-4.0,-13.0,50.0,6.2,False,False,False,False
162.03,1391,17,2,False,163.51,86.20083333333334,2025-01-15 17:00:00-05:00,2025-01-15 22:00:00+00:00,2025-01-15 17:00:00-05:00,61758,HUD VL,EST,HUD VL,61758,USW00014714,NYISO,HUD VL,actual_integrated,2025-01-13 08:05:04-05:00,2025-01-14 05:00:00-05:00,20.915555555555557,20250101isolf_csv.zip,20250114isolf.csv,zip_entry_last_modified,True,56.91555555555556,2025-01-15 00:00:00-05:00,False,2025-01-14 17:00:00-05:00,163.51,2025-01-14 00:00:00-05:00,True,10.68,-37.65,189.0,1508.8857,2025-01-15 17:45:00,FM-15,-4.0,-13.0,50.0,5.1,False,False,False,False
144.9,1400,18,2,False,139.12,88.16624999999999,2025-01-15 18:00:00-05:00,2025-01-15 23:00:00+00:00,2025-01-15 18:00:00-05:00,61758,HUD VL,EST,HUD VL,61758,USW00014714,NYISO,HUD VL,actual_integrated,2025-01-13 08:05:04-05:00,2025-01-14 05:00:00-05:00,20.915555555555557,20250101isolf_csv.zip,20250114isolf.csv,zip_entry_last_modified,True,57.91555555555556,2025-01-15 00:00:00-05:00,False,2025-01-14 18:00:00-05:00,139.12,2025-01-14 00:00:00-05:00,True,10.36,-19.54,154.08,1499.015,2025-01-15 18:45:00,FM-15,-4.0,-12.0,54.0,5.1,False,False,False,False
127.89,1377,19,2,False,126.63,90.3325,2025-01-15 19:00:00-05:00,2025-01-16 00:00:00+00:00,2025-01-15 19:00:00-05:00,61758,HUD VL,EST,HUD VL,61758,USW00014714,NYISO,HUD VL,actual_integrated,2025-01-13 08:05:04-05:00,2025-01-14 05:00:00-05:00,20.915555555555557,20250101isolf_csv.zip,20250114isolf.csv,zip_entry_last_modified,True,58.91555555555556,2025-01-15 00:00:00-05:00,False,2025-01-14 19:00:00-05:00,126.63,2025-01-14 00:00:00-05:00,True,6.88,-36.08,157.09,1440.4921,2025-01-15 19:45:00,FM-15,-6.0,-12.0,63.0,4.6,False,False,False,False
122.9,1346,20,2,False,119.71,92.30666666666667,2025-01-15 20:00:00-05:00,2025-01-16 01:00:00+00:00,2025-01-15 20:00:00-05:00,61758,HUD VL,EST,HUD VL,61758,USW00014714,NYISO,HUD VL,actual_integrated,2025-01-13 08:05:04-05:00,2025-01-14 05:00:00-05:00,20.915555555555557,20250101isolf_csv.zip,20250114isolf.csv,zip_entry_last_modified,True,59.91555555555556,2025-01-15 00:00:00-05:00,False,2025-01-14 20:00:00-05:00,119.71,2025-01-14 00:00:00-05:00,True,6.89,-30.9,146.91,1407.0261,2025-01-15 20:45:00,FM-15,-7.0,-11.0,73.0,4.6,False,False,False,False
115.64,1289,21,2,False,103.35,93.71249999999999,2025-01-15 21:00:00-05:00,2025-01-16 02:00:00+00:00,2025-01-15 21:00:00-05:00,61758,HUD VL,EST,HUD VL,61758,USW00014714,NYISO,HUD VL,actual_integrated,2025-01-13 08:05:04-05:00,2025-01-14 05:00:00-05:00,20.915555555555557,20250101isolf_csv.zip,20250114isolf.csv,zip_entry_last_modified,True,60.91555555555556,2025-01-15 00:00:00-05:00,False,2025-01-14 21:00:00-05:00,103.35,2025-01-14 00:00:00-05:00,True,6.57,-24.92,133.99,1381.2544,2025-01-15 21:45:00,FM-15,-6.0,-11.0,68.0,1.5,False,False,False,False
116.36,1214,22,2,False,99.97,94.9475,2025-01-15 22:00:00-05:00,2025-01-16 03:00:00+00:00,2025-01-15 22:00:00-05:00,61758,HUD VL,EST,HUD VL,61758,USW00014714,NYISO,HUD VL,actual_integrated,2025-01-13 08:05:04-05:00,2025-01-14 05:00:00-05:00,20.915555555555557,20250101isolf_csv.zip,20250114isolf.csv,zip_entry_last_modified,True,61.91555555555556,2025-01-15 00:00:00-05:00,False,2025-01-14 22:00:00-05:00,99.97,2025-01-14 00:00:00-05:00,True,6.31,-25.9,135.95,1311.8449,2025-01-15 22:45:00,FM-15,-7.0,-11.0,73.0,2.1,False,False,False,False
107.76,1148,23,2,False,99.52,96.20041666666667,2025-01-15 23:00:00-05:00,2025-01-16 04:00:00+00:00,2025-01-15 23:00:00-05:00,61758,HUD VL,EST,HUD VL,61758,USW00014714,NYISO,HUD VL,actual_integrated,2025-01-13 08:05:04-05:00,2025-01-14 05:00:00-05:00,20.915555555555557,20250101isolf_csv.zip,20250114isolf.csv,zip_entry_last_modified,True,62.91555555555556,2025-01-15 00:00:00-05:00,False,2025-01-14 23:00:00-05:00,99.52,2025-01-14 00:00:00-05:00,True,6.03,-18.0,119.73,1238.5699,2025-01-15 23:45:00,FM-15,-7.0,-12.0,68.0,2.1,False,False,False,False
118.34,1107,0,3,False,92.53,97.18416666666667,2025-01-16 00:00:00-05:00,2025-01-16 05:00:00+00:00,2025-01-16 00:00:00-05:00,61758,HUD VL,EST,HUD VL,61758,USW00014714,NYISO,HUD VL,actual_integrated,2025-01-14 07:15:16-05:00,2025-01-15 05:00:00-05:00,21.745555555555555,20250101isolf_csv.zip,20250115isolf.csv,zip_entry_last_modified,True,40.74555555555556,2025-01-16 00:00:00-05:00,False,2025-01-15 00:00:00-05:00,92.53,2025-01-15 00:00:00-05:00,True,5.82,-30.49,143.01000000000002,1194.516,2025-01-16 00:45:00,FM-15,-7.0,-12.0,68.0,2.1,False,False,False,False
108.46,1082,1,3,False,88.83,98.08624999999999,2025-01-16 01:00:00-05:00,2025-01-16 06:00:00+00:00,2025-01-16 01:00:00-05:00,61758,HUD VL,EST,HUD VL,61758,USW00014714,NYISO,HUD VL,actual_integrated,2025-01-14 07:15:16-05:00,2025-01-15 05:00:00-05:00,21.745555555555555,20250101isolf_csv.zip,20250115isolf.csv,zip_entry_last_modified,True,41.74555555555556,2025-01-16 00:00:00-05:00,False,2025-01-15 01:00:00-05:00,88.83,2025-01-15 00:00:00-05:00,True,5.73,-20.87,123.6,1165.0342,2025-01-16 01:45:00,FM-15,-7.0,-12.0,68.0,2.1,False,False,False,False
107.42,1075,2,3,False,86.8,98.7975,2025-01-16 02:00:00-05:00,2025-01-16 07:00:00+00:00,2025-01-16 02:00:00-05:00,61758,HUD VL,EST,HUD VL,61758,USW00014714,NYISO,HUD VL,actual_integrated,2025-01-14 07:15:16-05:00,2025-01-15 05:00:00-05:00,21.745555555555555,20250101isolf_csv.zip,20250115isolf.csv,zip_entry_last_modified,True,42.74555555555556,2025-01-16 00:00:00-05:00,False,2025-01-15 02:00:00-05:00,86.8,2025-01-15 00:00:00-05:00,True,5.51,-20.94,122.85,1150.7278,2025-01-16 02:45:00,FM-15,-7.0,-12.0,68.0,2.1,False,False,False,False
102.49,1073,3,3,False,84.81,99.42583333333333,2025-01-16 03:00:00-05:00,2025-01-16 08:00:00+00:00,2025-01-16 03:00:00-05:00,61758,HUD VL,EST,HUD VL,61758,USW00014714,NYISO,HUD VL,actual_integrated,2025-01-14 07:15:16-05:00,2025-01-15 05:00:00-05:00,21.745555555555555,20250101isolf_csv.zip,20250115isolf.csv,zip_entry_last_modified,True,43.74555555555556,2025-01-16 00:00:00-05:00,False,2025-01-15 03:00:00-05:00,84.81,2025-01-15 00:00:00-05:00,True,6.7,-0.05,95.84,1145.2984,2025-01-16 03:45:00,FM-15,-8.0,-12.0,73.0,0.0,False,False,False,False
106.32,1088,4,3,False,86.9,100.14125,2025-01-16 04:00:00-05:00,2025-01-16 09:00:00+00:00,2025-01-16 04:00:00-05:00,61758,HUD VL,EST,HUD VL,61758,USW00014714,NYISO,HUD VL,actual_integrated,2025-01-14 07:15:16-05:00,2025-01-15 05:00:00-05:00,21.745555555555555,20250101isolf_csv.zip,20250115isolf.csv,zip_entry_last_modified,True,44.74555555555556,2025-01-16 00:00:00-05:00,False,2025-01-15 04:00:00-05:00,86.9,2025-01-15 00:00:00-05:00,True,6.86,0.0,99.46,1157.7023,2025-01-16 04:45:00,FM-15,-9.0,-12.0,79.0,0.0,False,False,False,False
111.05,1138,5,3,False,96.25,101.36791666666666,2025-01-16 05:00:00-05:00,2025-01-16 10:00:00+00:00,2025-01-16 05:00:00-05:00,61758,HUD VL,EST,HUD VL,61758,USW00014714,NYISO,HUD VL,actual_integrated,2025-01-14 07:15:16-05:00,2025-01-15 05:00:00-05:00,21.745555555555555,20250101isolf_csv.zip,20250115isolf.csv,zip_entry_last_modified,True,45.74555555555556,2025-01-16 00:00:00-05:00,False,2025-01-15 05:00:00-05:00,96.25,2025-01-15 00:00:00-05:00,True,7.04,-20.15,124.16,1214.5878,2025-01-16 05:45:00,FM-15,-11.0,-13.0,85.0,3.1,False,False,False,False
144.27,1216,6,3,False,115.0,102.36208333333333,2025-01-16 06:00:00-05:00,2025-01-16 11:00:00+00:00,2025-01-16 06:00:00-05:00,61758,HUD VL,EST,HUD VL,61758,USW00014714,NYISO,HUD VL,actual_integrated,2025-01-14 07:15:16-05:00,2025-01-15 05:00:00-05:00,21.745555555555555,20250101isolf_csv.zip,20250115isolf.csv,zip_entry_last_modified,True,46.74555555555556,2025-01-16 00:00:00-05:00,False,2025-01-15 06:00:00-05:00,115.0,2025-01-15 00:00:00-05:00,True,9.58,-11.94,146.63,1291.8064,2025-01-16 06:45:00,FM-15,-9.0,-12.0,79.0,0.0,False,False,False,False
168.32,1276,7,3,False,145.58,103.78916666666667,2025-01-16 07:00:00-05:00,2025-01-16 12:00:00+00:00,2025-01-16 07:00:00-05:00,61758,HUD VL,EST,HUD VL,61758,USW00014714,NYISO,HUD VL,actual_integrated,2025-01-14 07:15:16-05:00,2025-01-15 05:00:00-05:00,21.745555555555555,20250101isolf_csv.zip,20250115isolf.csv,zip_entry_last_modified,True,47.74555555555556,2025-01-16 00:00:00-05:00,False,2025-01-15 07:00:00-05:00,145.58,2025-01-15 00:00:00-05:00,True,12.0,-6.41,162.73,1374.6697,2025-01-16 07:45:00,FM-15,-8.0,-11.0,79.0,3.1,False,False,False,False
148.02,1260,8,3,False,123.34,104.64958333333334,2025-01-16 08:00:00-05:00,2025-01-16 13:00:00+00:00,2025-01-16 08:00:00-05:00,61758,HUD VL,EST,HUD VL,61758,USW00014714,NYISO,HUD VL,actual_integrated,2025-01-14 07:15:16-05:00,2025-01-15 05:00:00-05:00,21.745555555555555,20250101isolf_csv.zip,20250115isolf.csv,zip_entry_last_modified,True,48.74555555555556,2025-01-16 00:00:00-05:00,False,2025-01-15 08:00:00-05:00,123.34,2025-01-15 00:00:00-05:00,True,10.78,-4.15,141.39,1339.3492,2025-01-16 08:45:00,FM-15,-7.0,-11.0,73.0,5.1,False,False,False,False
130.02,1207,9,3,False,100.6,105.22625,2025-01-16 09:00:00-05:00,2025-01-16 14:00:00+00:00,2025-01-16 09:00:00-05:00,61758,HUD VL,EST,HUD VL,61758,USW00014714,NYISO,HUD VL,actual_integrated,2025-01-14 07:15:16-05:00,2025-01-15 05:00:00-05:00,21.745555555555555,20250101isolf_csv.zip,20250115isolf.csv,zip_entry_last_modified,True,49.74555555555556,2025-01-16 00:00:00-05:00,False,2025-01-15 09:00:00-05:00,100.6,2025-01-15 00:00:00-05:00,True,9.33,-10.87,131.56,1234.9047,2025-01-16 09:45:00,FM-15,-8.0,-10.0,86.0,3.6,False,False,False,False
123.23,1167,10,3,False,102.73,105.7325,2025-01-16 10:00:00-05:00,2025-01-16 15:00:00+00:00,2025-01-16 10:00:00-05:00,61758,HUD VL,EST,HUD VL,61758,USW00014714,NYISO,HUD VL,actual_integrated,2025-01-14 07:15:16-05:00,2025-01-15 05:00:00-05:00,21.745555555555555,20250101isolf_csv.zip,20250115isolf.csv,zip_entry_last_modified,True,50.74555555555556,2025-01-16 00:00:00-05:00,False,2025-01-15 10:00:00-05:00,102.73,2025-01-15 00:00:00-05:00,True,9.23,0.0,114.0,1287.146,2025-01-16 10:45:00,FM-15,-5.0,-11.0,63.0,2.6,False,False,False,False
117.74,1143,11,3,False,100.88,106.45125,2025-01-16 11:00:00-05:00,2025-01-16 16:00:00+00:00,2025-01-16 11:00:00-05:00,61758,HUD VL,EST,HUD VL,61758,USW00014714,NYISO,HUD VL,actual_integrated,2025-01-14 07:15:16-05:00,2025-01-15 05:00:00-05:00,21.745555555555555,20250101isolf_csv.zip,20250115isolf.csv,zip_entry_last_modified,True,51.74555555555556,2025-01-16 00:00:00-05:00,False,2025-01-15 11:00:00-05:00,100.88,2025-01-15 00:00:00-05:00,True,7.43,-23.95,134.26,1273.269,2025-01-16 11:45:00,FM-15,-4.0,-11.0,59.0,2.1,False,False,False,False
117.05,1135,12,3,False,98.53,107.07791666666667,2025-01-16 12:00:00-05:00,2025-01-16 17:00:00+00:00,2025-01-16 12:00:00-05:00,61758,HUD VL,EST,HUD VL,61758,USW00014714,NYISO,HUD VL,actual_integrated,2025-01-14 07:15:16-05:00,2025-01-15 05:00:00-05:00,21.745555555555555,20250101isolf_csv.zip,20250115isolf.csv,zip_entry_last_modified,True,52.74555555555556,2025-01-16 00:00:00-05:00,False,2025-01-15 12:00:00-05:00,98.53,2025-01-15 00:00:00-05:00,True,7.37,-23.96,133.64,1221.7288,2025-01-16 12:45:00,FM-15,-3.0,-11.0,54.0,4.1,False,False,False,False
119.34,1146,13,3,False,98.25,107.63666666666666,2025-01-16 13:00:00-05:00,2025-01-16 18:00:00+00:00,2025-01-16 13:00:00-05:00,61758,HUD VL,EST,HUD VL,61758,USW00014714,NYISO,HUD VL,actual_integrated,2025-01-14 07:15:16-05:00,2025-01-15 05:00:00-05:00,21.745555555555555,20250101isolf_csv.zip,20250115isolf.csv,zip_entry_last_modified,True,53.74555555555556,2025-01-16 00:00:00-05:00,False,2025-01-15 13:00:00-05:00,98.25,2025-01-15 00:00:00-05:00,True,7.87,-20.01,131.48,1233.8777,2025-01-16 13:45:00,FM-15,-3.0,-9.0,64.0,5.1,False,False,False,False
124.1,1170,14,3,False,100.94,108.08666666666666,2025-01-16 14:00:00-05:00,2025-01-16 19:00:00+00:00,2025-01-16 14:00:00-05:00,61758,HUD VL,EST,HUD VL,61758,USW00014714,NYISO,HUD VL,actual_integrated,2025-01-14 07:15:16-05:00,2025-01-15 05:00:00-05:00,21.745555555555555,20250101isolf_csv.zip,20250115isolf.csv,zip_entry_last_modified,True,54.74555555555556,2025-01-16 00:00:00-05:00,False,2025-01-15 14:00:00-05:00,100.94,2025-01-15 00:00:00-05:00,True,7.69,-26.94,143.35,1330.0671,2025-01-16 14:15:00,FM-15,-4.0,-8.0,74.0,6.7,False,False,False,False
132.0,1229,15,3,False,110.81,108.63875,2025-01-16 15:00:00-05:00,2025-01-16 20:00:00+00:00,2025-01-16 15:00:00-05:00,61758,HUD VL,EST,HUD VL,61758,USW00014714,NYISO,HUD VL,actual_integrated,2025-01-14 07:15:16-05:00,2025-01-15 05:00:00-05:00,21.745555555555555,20250101isolf_csv.zip,20250115isolf.csv,zip_entry_last_modified,True,55.74555555555556,2025-01-16 00:00:00-05:00,False,2025-01-15 15:00:00-05:00,110.81,2025-01-15 00:00:00-05:00,True,8.4,-26.98,150.57999999999998,1371.8442,2025-01-16 15:45:00,FM-15,-5.0,-6.0,93.0,2.1,False,False,False,False
149.49,1306,16,3,False,123.18,108.65708333333333,2025-01-16 16:00:00-05:00,2025-01-16 21:00:00+00:00,2025-01-16 16:00:00-05:00,61758,HUD VL,EST,HUD VL,61758,USW00014714,NYISO,HUD VL,actual_integrated,2025-01-14 07:15:16-05:00,2025-01-15 05:00:00-05:00,21.745555555555555,20250101isolf_csv.zip,20250115isolf.csv,zip_entry_last_modified,True,56.74555555555556,2025-01-16 00:00:00-05:00,False,2025-01-15 16:00:00-05:00,123.18,2025-01-15 00:00:00-05:00,True,8.26,-46.28,187.51,1435.4604,2025-01-16 16:45:00,FM-15,-5.0,-6.0,93.0,0.0,False,False,False,False
184.95,1379,17,3,False,162.03,108.59541666666667,2025-01-16 17:00:00-05:00,2025-01-16 22:00:00+00:00,2025-01-16 17:00:00-05:00,61758,HUD VL,EST,HUD VL,61758,USW00014714,NYISO,HUD VL,actual_integrated,2025-01-14 07:15:16-05:00,2025-01-15 05:00:00-05:00,21.745555555555555,20250101isolf_csv.zip,20250115isolf.csv,zip_entry_last_modified,True,57.74555555555556,2025-01-16 00:00:00-05:00,False,2025-01-15 17:00:00-05:00,162.03,2025-01-15 00:00:00-05:00,True,9.92,-59.73,234.76,1513.9601,2025-01-16 17:45:00,FM-15,-5.0,-6.0,93.0,0.0,False,False,False,False
164.98,1382,18,3,False,144.9,108.83625,2025-01-16 18:00:00-05:00,2025-01-16 23:00:00+00:00,2025-01-16 18:00:00-05:00,61758,HUD VL,EST,HUD VL,61758,USW00014714,NYISO,HUD VL,actual_integrated,2025-01-14 07:15:16-05:00,2025-01-15 05:00:00-05:00,21.745555555555555,20250101isolf_csv.zip,20250115isolf.csv,zip_entry_last_modified,True,58.74555555555556,2025-01-16 00:00:00-05:00,False,2025-01-15 18:00:00-05:00,144.9,2025-01-15 00:00:00-05:00,True,8.28,-60.4,217.1,1512.3549,2025-01-16 18:45:00,FM-15,-5.0,-6.0,93.0,0.0,False,False,False,False
149.9,1360,19,3,False,127.89,108.88875,2025-01-16 19:00:00-05:00,2025-01-17 00:00:00+00:00,2025-01-16 19:00:00-05:00,61758,HUD VL,EST,HUD VL,61758,USW00014714,NYISO,HUD VL,actual_integrated,2025-01-14 07:15:16-05:00,2025-01-15 05:00:00-05:00,21.745555555555555,20250101isolf_csv.zip,20250115isolf.csv,zip_entry_last_modified,True,59.74555555555556,2025-01-16 00:00:00-05:00,False,2025-01-15 19:00:00-05:00,127.89,2025-01-15 00:00:00-05:00,True,7.76,-53.94,196.08,1491.1356,2025-01-16 19:45:00,FM-15,-5.0,-6.0,93.0,0.0,False,False,False,False
137.4,1331,20,3,False,122.9,109.02166666666666,2025-01-16 20:00:00-05:00,2025-01-17 01:00:00+00:00,2025-01-16 20:00:00-05:00,61758,HUD VL,EST,HUD VL,61758,USW00014714,NYISO,HUD VL,actual_integrated,2025-01-14 07:15:16-05:00,2025-01-15 05:00:00-05:00,21.745555555555555,20250101isolf_csv.zip,20250115isolf.csv,zip_entry_last_modified,True,60.74555555555556,2025-01-16 00:00:00-05:00,False,2025-01-15 20:00:00-05:00,122.9,2025-01-15 00:00:00-05:00,True,7.77,-37.19,166.82,1451.858,2025-01-16 20:45:00,FM-15,-5.0,-6.0,93.0,0.0,False,False,False,False
121.09,1279,21,3,False,115.64,109.53375,2025-01-16 21:00:00-05:00,2025-01-17 02:00:00+00:00,2025-01-16 21:00:00-05:00,61758,HUD VL,EST,HUD VL,61758,USW00014714,NYISO,HUD VL,actual_integrated,2025-01-14 07:15:16-05:00,2025-01-15 05:00:00-05:00,21.745555555555555,20250101isolf_csv.zip,20250115isolf.csv,zip_entry_last_modified,True,61.74555555555556,2025-01-16 00:00:00-05:00,False,2025-01-15 21:00:00-05:00,115.64,2025-01-15 00:00:00-05:00,True,7.32,-30.63,144.4,1396.2764,2025-01-16 21:45:00,FM-15,-6.0,-6.0,100.0,0.0,False,False,False,False
120.01,1206,22,3,False,116.36,110.21666666666665,2025-01-16 22:00:00-05:00,2025-01-17 03:00:00+00:00,2025-01-16 22:00:00-05:00,61758,HUD VL,EST,HUD VL,61758,USW00014714,NYISO,HUD VL,actual_integrated,2025-01-14 07:15:16-05:00,2025-01-15 05:00:00-05:00,21.745555555555555,20250101isolf_csv.zip,20250115isolf.csv,zip_entry_last_modified,True,62.74555555555556,2025-01-16 00:00:00-05:00,False,2025-01-15 22:00:00-05:00,116.36,2025-01-15 00:00:00-05:00,True,7.3,-30.68,143.39,1311.2257,2025-01-16 22:45:00,FM-15,-6.0,-6.0,100.0,2.6,False,False,False,False
110.9,1141,23,3,False,107.76,110.56,2025-01-16 23:00:00-05:00,2025-01-17 04:00:00+00:00,2025-01-16 23:00:00-05:00,61758,HUD VL,EST,HUD VL,61758,USW00014714,NYISO,HUD VL,actual_integrated,2025-01-14 07:15:16-05:00,2025-01-15 05:00:00-05:00,21.745555555555555,20250101isolf_csv.zip,20250115isolf.csv,zip_entry_last_modified,True,63.74555555555556,2025-01-16 00:00:00-05:00,False,2025-01-15 23:00:00-05:00,107.76,2025-01-15 00:00:00-05:00,True,7.43,-18.04,121.51,1239.8476,2025-01-16 23:45:00,FM-15,-6.0,-7.0,93.0,2.6,False,False,False,False
122.15,1108,0,4,False,118.34,111.63541666666667,2025-01-17 00:00:00-05:00,2025-01-17 05:00:00+00:00,2025-01-17 00:00:00-05:00,61758,HUD VL,EST,HUD VL,61758,USW00014714,NYISO,HUD VL,actual_integrated,2025-01-15 07:45:04-05:00,2025-01-16 05:00:00-05:00,21.24888888888889,20250101isolf_csv.zip,20250116isolf.csv,zip_entry_last_modified,True,40.24888888888889,2025-01-17 00:00:00-05:00,False,2025-01-16 00:00:00-05:00,118.34,2025-01-16 00:00:00-05:00,True,8.94,-7.99,121.2,1190.922,2025-01-17 00:45:00,FM-15,-7.0,-8.0,93.0,3.6,False,False,False,False
102.65,1081,1,4,False,108.46,112.45333333333333,2025-01-17 01:00:00-05:00,2025-01-17 06:00:00+00:00,2025-01-17 01:00:00-05:00,61758,HUD VL,EST,HUD VL,61758,USW00014714,NYISO,HUD VL,actual_integrated,2025-01-15 07:45:04-05:00,2025-01-16 05:00:00-05:00,21.24888888888889,20250101isolf_csv.zip,20250116isolf.csv,zip_entry_last_modified,True,41.24888888888889,2025-01-17 00:00:00-05:00,False,2025-01-16 01:00:00-05:00,108.46,2025-01-16 00:00:00-05:00,True,7.1,-9.91,105.46,1175.7815,2025-01-17 01:45:00,FM-15,-7.0,-8.0,93.0,4.1,False,False,False,False
96.79,1071,2,4,False,107.42,113.3125,2025-01-17 02:00:00-05:00,2025-01-17 07:00:00+00:00,2025-01-17 02:00:00-05:00,61758,HUD VL,EST,HUD VL,61758,USW00014714,NYISO,HUD VL,actual_integrated,2025-01-15 07:45:04-05:00,2025-01-16 05:00:00-05:00,21.24888888888889,20250101isolf_csv.zip,20250116isolf.csv,zip_entry_last_modified,True,42.24888888888889,2025-01-17 00:00:00-05:00,False,2025-01-16 02:00:00-05:00,107.42,2025-01-16 00:00:00-05:00,True,6.4,-11.32,101.71,1165.2551,2025-01-17 02:45:00,FM-15,-6.0,-8.0,86.0,5.1,False,False,False,False
98.05,1063,3,4,False,102.49,114.04916666666666,2025-01-17 03:00:00-05:00,2025-01-17 08:00:00+00:00,2025-01-17 03:00:00-05:00,61758,HUD VL,EST,HUD VL,61758,USW00014714,NYISO,HUD VL,actual_integrated,2025-01-15 07:45:04-05:00,2025-01-16 05:00:00-05:00,21.24888888888889,20250101isolf_csv.zip,20250116isolf.csv,zip_entry_last_modified,True,43.24888888888889,2025-01-17 00:00:00-05:00,False,2025-01-16 03:00:00-05:00,102.49,2025-01-16 00:00:00-05:00,True,6.81,-5.06,96.3,1166.2132,2025-01-17 03:45:00,FM-15,-7.0,-8.0,93.0,0.0,False,False,False,False
100.05,1076,4,4,False,106.32,114.85833333333333,2025-01-17 04:00:00-05:00,2025-01-17 09:00:00+00:00,2025-01-17 04:00:00-05:00,61758,HUD VL,EST,HUD VL,61758,USW00014714,NYISO,HUD VL,actual_integrated,2025-01-15 07:45:04-05:00,2025-01-16 05:00:00-05:00,21.24888888888889,20250101isolf_csv.zip,20250116isolf.csv,zip_entry_last_modified,True,44.24888888888889,2025-01-17 00:00:00-05:00,False,2025-01-16 04:00:00-05:00,106.32,2025-01-16 00:00:00-05:00,True,6.71,-7.32,100.66,1176.5797,2025-01-17 04:45:00,FM-15,-5.0,-8.0,80.0,3.6,False,False,False,False
106.01,1124,5,4,False,111.05,115.47500000000001,2025-01-17 05:00:00-05:00,2025-01-17 10:00:00+00:00,2025-01-17 05:00:00-05:00,61758,HUD VL,EST,HUD VL,61758,USW00014714,NYISO,HUD VL,actual_integrated,2025-01-15 07:45:04-05:00,2025-01-16 05:00:00-05:00,21.24888888888889,20250101isolf_csv.zip,20250116isolf.csv,zip_entry_last_modified,True,45.24888888888889,2025-01-17 00:00:00-05:00,False,2025-01-16 05:00:00-05:00,111.05,2025-01-16 00:00:00-05:00,True,6.97,-14.03,113.07,1221.9329,2025-01-17 05:45:00,FM-15,-5.0,-7.0,86.0,3.1,False,False,False,False
115.68,1209,6,4,False,144.27,116.69458333333334,2025-01-17 06:00:00-05:00,2025-01-17 11:00:00+00:00,2025-01-17 06:00:00-05:00,61758,HUD VL,EST,HUD VL,61758,USW00014714,NYISO,HUD VL,actual_integrated,2025-01-15 07:45:04-05:00,2025-01-16 05:00:00-05:00,21.24888888888889,20250101isolf_csv.zip,20250116isolf.csv,zip_entry_last_modified,True,46.24888888888889,2025-01-17 00:00:00-05:00,False,2025-01-16 06:00:00-05:00,144.27,2025-01-16 00:00:00-05:00,True,7.77,-20.53,128.44,1313.2122,2025-01-17 06:45:00,FM-15,-5.0,-7.0,86.0,2.1,False,False,False,False
152.87,1259,7,4,False,168.32,117.64208333333333,2025-01-17 07:00:00-05:00,2025-01-17 12:00:00+00:00,2025-01-17 07:00:00-05:00,61758,HUD VL,EST,HUD VL,61758,USW00014714,NYISO,HUD VL,actual_integrated,2025-01-15 07:45:04-05:00,2025-01-16 05:00:00-05:00,21.24888888888889,20250101isolf_csv.zip,20250116isolf.csv,zip_entry_last_modified,True,47.24888888888889,2025-01-17 00:00:00-05:00,False,2025-01-16 07:00:00-05:00,168.32,2025-01-16 00:00:00-05:00,True,10.97,-17.31,159.21,1374.4139,2025-01-17 07:45:00,FM-15,-5.0,-7.0,86.0,4.6,False,False,False,False
143.15,1214,8,4,False,148.02,118.67041666666665,2025-01-17 08:00:00-05:00,2025-01-17 13:00:00+00:00,2025-01-17 08:00:00-05:00,61758,HUD VL,EST,HUD VL,61758,USW00014714,NYISO,HUD VL,actual_integrated,2025-01-15 07:45:04-05:00,2025-01-16 05:00:00-05:00,21.24888888888889,20250101isolf_csv.zip,20250116isolf.csv,zip_entry_last_modified,True,48.24888888888889,2025-01-17 00:00:00-05:00,False,2025-01-16 08:00:00-05:00,148.02,2025-01-16 00:00:00-05:00,True,10.68,-5.38,137.85,1393.5812,2025-01-17 08:45:00,FM-15,-3.0,-6.0,80.0,4.6,False,False,False,False
113.59,1101,9,4,False,130.02,119.89625000000001,2025-01-17 09:00:00-05:00,2025-01-17 14:00:00+00:00,2025-01-17 09:00:00-05:00,61758,HUD VL,EST,HUD VL,61758,USW00014714,NYISO,HUD VL,actual_integrated,2025-01-15 07:45:04-05:00,2025-01-16 05:00:00-05:00,21.24888888888889,20250101isolf_csv.zip,20250116isolf.csv,zip_entry_last_modified,True,49.24888888888889,2025-01-17 00:00:00-05:00,False,2025-01-16 09:00:00-05:00,130.02,2025-01-16 00:00:00-05:00,True,7.75,-18.75,124.59,1346.0453,2025-01-17 09:45:00,FM-15,-2.0,-5.0,80.0,4.1,False,False,False,False
95.59,1022,10,4,False,123.23,120.75041666666665,2025-01-17 10:00:00-05:00,2025-01-17 15:00:00+00:00,2025-01-17 10:00:00-05:00,61758,HUD VL,EST,HUD VL,61758,USW00014714,NYISO,HUD VL,actual_integrated,2025-01-15 07:45:04-05:00,2025-01-16 05:00:00-05:00,21.24888888888889,20250101isolf_csv.zip,20250116isolf.csv,zip_entry_last_modified,True,50.24888888888889,2025-01-17 00:00:00-05:00,False,2025-01-16 10:00:00-05:00,123.23,2025-01-16 00:00:00-05:00,True,7.33,-3.08,91.34,1195.4496,2025-01-17 10:45:00,FM-15,-1.0,-4.0,80.0,3.1,False,False,False,False
90.29,985,11,4,False,117.74,121.45291666666667,2025-01-17 11:00:00-05:00,2025-01-17 16:00:00+00:00,2025-01-17 11:00:00-05:00,61758,HUD VL,EST,HUD VL,61758,USW00014714,NYISO,HUD VL,actual_integrated,2025-01-15 07:45:04-05:00,2025-01-16 05:00:00-05:00,21.24888888888889,20250101isolf_csv.zip,20250116isolf.csv,zip_entry_last_modified,True,51.24888888888889,2025-01-17 00:00:00-05:00,False,2025-01-16 11:00:00-05:00,117.74,2025-01-16 00:00:00-05:00,True,7.3,0.0,82.99000000000001,1114.1578,2025-01-17 11:45:00,FM-15,0.0,-4.0,75.0,3.1,False,False,False,False
89.17,999,12,4,False,117.05,122.22458333333334,2025-01-17 12:00:00-05:00,2025-01-17 17:00:00+00:00,2025-01-17 12:00:00-05:00,61758,HUD VL,EST,HUD VL,61758,USW00014714,NYISO,HUD VL,actual_integrated,2025-01-15 07:45:04-05:00,2025-01-16 05:00:00-05:00,21.24888888888889,20250101isolf_csv.zip,20250116isolf.csv,zip_entry_last_modified,True,52.24888888888889,2025-01-17 00:00:00-05:00,False,2025-01-16 12:00:00-05:00,117.05,2025-01-16 00:00:00-05:00,True,7.06,0.0,82.11,1121.4604,2025-01-17 12:45:00,FM-15,2.0,-3.0,70.0,2.1,False,False,False,False
88.08,1027,13,4,False,119.34,123.10333333333334,2025-01-17 13:00:00-05:00,2025-01-17 18:00:00+00:00,2025-01-17 13:00:00-05:00,61758,HUD VL,EST,HUD VL,61758,USW00014714,NYISO,HUD VL,actual_integrated,2025-01-15 07:45:04-05:00,2025-01-16 05:00:00-05:00,21.24888888888889,20250101isolf_csv.zip,20250116isolf.csv,zip_entry_last_modified,True,53.24888888888889,2025-01-17 00:00:00-05:00,False,2025-01-16 13:00:00-05:00,119.34,2025-01-16 00:00:00-05:00,True,6.9,0.0,81.17999999999999,1121.6807,2025-01-17 13:45:00,FM-15,3.0,-4.0,60.0,3.1,False,False,False,False
92.42,1057,14,4,False,124.1,124.06833333333333,2025-01-17 14:00:00-05:00,2025-01-17 19:00:00+00:00,2025-01-17 14:00:00-05:00,61758,HUD VL,EST,HUD VL,61758,USW00014714,NYISO,HUD VL,actual_integrated,2025-01-15 07:45:04-05:00,2025-01-16 05:00:00-05:00,21.24888888888889,20250101isolf_csv.zip,20250116isolf.csv,zip_entry_last_modified,True,54.24888888888889,2025-01-17 00:00:00-05:00,False,2025-01-16 14:00:00-05:00,124.1,2025-01-16 00:00:00-05:00,True,7.48,0.0,84.94,1172.7996,2025-01-17 14:45:00,FM-15,4.0,-4.0,56.0,3.1,False,False,False,False
98.29,1142,15,4,False,132.0,124.95125,2025-01-17 15:00:00-05:00,2025-01-17 20:00:00+00:00,2025-01-17 15:00:00-05:00,61758,HUD VL,EST,HUD VL,61758,USW00014714,NYISO,HUD VL,actual_integrated,2025-01-15 07:45:04-05:00,2025-01-16 05:00:00-05:00,21.24888888888889,20250101isolf_csv.zip,20250116isolf.csv,zip_entry_last_modified,True,55.24888888888889,2025-01-17 00:00:00-05:00,False,2025-01-16 15:00:00-05:00,132.0,2025-01-16 00:00:00-05:00,True,6.14,-21.59,113.74,1265.8053,2025-01-17 15:45:00,FM-15,3.0,-5.0,56.0,2.6,False,False,False,False
92.73,1230,16,4,False,149.49,126.0475,2025-01-17 16:00:00-05:00,2025-01-17 21:00:00+00:00,2025-01-17 16:00:00-05:00,61758,HUD VL,EST,HUD VL,61758,USW00014714,NYISO,HUD VL,actual_integrated,2025-01-15 07:45:04-05:00,2025-01-16 05:00:00-05:00,21.24888888888889,20250101isolf_csv.zip,20250116isolf.csv,zip_entry_last_modified,True,56.24888888888889,2025-01-17 00:00:00-05:00,False,2025-01-16 16:00:00-05:00,149.49,2025-01-16 00:00:00-05:00,True,5.71,-16.52,103.54,1329.7961,2025-01-17 16:45:00,FM-15,2.0,-5.0,60.0,2.6,False,False,False,False
122.52,1303,17,4,False,184.95,127.0025,2025-01-17 17:00:00-05:00,2025-01-17 22:00:00+00:00,2025-01-17 17:00:00-05:00,61758,HUD VL,EST,HUD VL,61758,USW00014714,NYISO,HUD VL,actual_integrated,2025-01-15 07:45:04-05:00,2025-01-16 05:00:00-05:00,21.24888888888889,20250101isolf_csv.zip,20250116isolf.csv,zip_entry_last_modified,True,57.24888888888889,2025-01-17 00:00:00-05:00,False,2025-01-16 17:00:00-05:00,184.95,2025-01-16 00:00:00-05:00,True,6.01,-45.79,162.29999999999998,1383.1886,2025-01-17 17:45:00,FM-15,2.0,-5.0,60.0,2.6,False,False,False,False
105.84,1305,18,4,False,164.98,127.83916666666666,2025-01-17 18:00:00-05:00,2025-01-17 23:00:00+00:00,2025-01-17 18:00:00-05:00,61758,HUD VL,EST,HUD VL,61758,USW00014714,NYISO,HUD VL,actual_integrated,2025-01-15 07:45:04-05:00,2025-01-16 05:00:00-05:00,21.24888888888889,20250101isolf_csv.zip,20250116isolf.csv,zip_entry_last_modified,True,58.24888888888889,2025-01-17 00:00:00-05:00,False,2025-01-16 18:00:00-05:00,164.98,2025-01-16 00:00:00-05:00,True,5.93,-29.34,129.25,1373.3673,2025-01-17 18:45:00,FM-15,2.0,-5.0,60.0,2.1,False,False,False,False
96.2,1286,19,4,False,149.9,128.75625,2025-01-17 19:00:00-05:00,2025-01-18 00:00:00+00:00,2025-01-17 19:00:00-05:00,61758,HUD VL,EST,HUD VL,61758,USW00014714,NYISO,HUD VL,actual_integrated,2025-01-15 07:45:04-05:00,2025-01-16 05:00:00-05:00,21.24888888888889,20250101isolf_csv.zip,20250116isolf.csv,zip_entry_last_modified,True,59.24888888888889,2025-01-17 00:00:00-05:00,False,2025-01-16 19:00:00-05:00,149.9,2025-01-16 00:00:00-05:00,True,5.93,-19.72,109.99,1350.5448,2025-01-17 19:45:00,FM-15,-1.0,-4.0,80.0,0.0,False,False,False,False
96.83,1263,20,4,False,137.4,129.36041666666668,2025-01-17 20:00:00-05:00,2025-01-18 01:00:00+00:00,2025-01-17 20:00:00-05:00,61758,HUD VL,EST,HUD VL,61758,USW00014714,NYISO,HUD VL,actual_integrated,2025-01-15 07:45:04-05:00,2025-01-16 05:00:00-05:00,21.24888888888889,20250101isolf_csv.zip,20250116isolf.csv,zip_entry_last_modified,True,60.24888888888889,2025-01-17 00:00:00-05:00,False,2025-01-16 20:00:00-05:00,137.4,2025-01-16 00:00:00-05:00,True,6.08,-20.05,110.8,1327.4167,2025-01-17 20:45:00,FM-15,1.0,-5.0,65.0,2.6,False,False,False,False
90.23,1232,21,4,False,121.09,129.5875,2025-01-17 21:00:00-05:00,2025-01-18 02:00:00+00:00,2025-01-17 21:00:00-05:00,61758,HUD VL,EST,HUD VL,61758,USW00014714,NYISO,HUD VL,actual_integrated,2025-01-15 07:45:04-05:00,2025-01-16 05:00:00-05:00,21.24888888888889,20250101isolf_csv.zip,20250116isolf.csv,zip_entry_last_modified,True,61.24888888888889,2025-01-17 00:00:00-05:00,False,2025-01-16 21:00:00-05:00,121.09,2025-01-16 00:00:00-05:00,True,5.83,-14.15,98.55,1285.8417,2025-01-17 21:45:00,FM-15,1.0,-5.0,65.0,2.6,False,False,False,False
85.13,1180,22,4,False,120.01,129.73958333333334,2025-01-17 22:00:00-05:00,2025-01-18 03:00:00+00:00,2025-01-17 22:00:00-05:00,61758,HUD VL,EST,HUD VL,61758,USW00014714,NYISO,HUD VL,actual_integrated,2025-01-15 07:45:04-05:00,2025-01-16 05:00:00-05:00,21.24888888888889,20250101isolf_csv.zip,20250116isolf.csv,zip_entry_last_modified,True,62.24888888888889,2025-01-17 00:00:00-05:00,False,2025-01-16 22:00:00-05:00,120.01,2025-01-16 00:00:00-05:00,True,5.84,-8.88,88.16999999999999,1227.2728,2025-01-17 22:45:00,FM-15,0.0,-4.0,75.0,0.0,False,False,False,False
90.29,1125,23,4,False,110.9,129.87041666666667,2025-01-17 23:00:00-05:00,2025-01-18 04:00:00+00:00,2025-01-17 23:00:00-05:00,61758,HUD VL,EST,HUD VL,61758,USW00014714,NYISO,HUD VL,actual_integrated,2025-01-15 07:45:04-05:00,2025-01-16 05:00:00-05:00,21.24888888888889,20250101isolf_csv.zip,20250116isolf.csv,zip_entry_last_modified,True,63.24888888888889,2025-01-17 00:00:00-05:00,False,2025-01-16 23:00:00-05:00,110.9,2025-01-16 00:00:00-05:00,True,5.26,-14.92,99.95,1168.9131,2025-01-17 23:45:00,FM-15,1.0,-4.0,70.0,0.0,False,False,False,False
74.03,1070,0,5,True,122.15,130.02916666666667,2025-01-18 00:00:00-05:00,2025-01-18 05:00:00+00:00,2025-01-18 00:00:00-05:00,61758,HUD VL,EST,HUD VL,61758,USW00014714,NYISO,HUD VL,actual_integrated,2025-01-16 08:30:06-05:00,2025-01-17 05:00:00-05:00,20.498333333333335,20250101isolf_csv.zip,20250117isolf.csv,zip_entry_last_modified,True,39.498333333333335,2025-01-18 00:00:00-05:00,False,2025-01-17 00:00:00-05:00,122.15,2025-01-17 00:00:00-05:00,True,3.99,0.0,70.04,1127.9145,2025-01-18 00:45:00,FM-15,0.0,-5.0,69.0,2.6,False,False,False,False
73.44,1038,1,5,True,102.65,129.78708333333333,2025-01-18 01:00:00-05:00,2025-01-18 06:00:00+00:00,2025-01-18 01:00:00-05:00,61758,HUD VL,EST,HUD VL,61758,USW00014714,NYISO,HUD VL,actual_integrated,2025-01-16 08:30:06-05:00,2025-01-17 05:00:00-05:00,20.498333333333335,20250101isolf_csv.zip,20250117isolf.csv,zip_entry_last_modified,True,40.498333333333335,2025-01-18 00:00:00-05:00,False,2025-01-17 01:00:00-05:00,102.65,2025-01-17 00:00:00-05:00,True,3.76,0.0,69.67999999999999,1093.6881,2025-01-18 01:45:00,FM-15,0.0,-5.0,69.0,0.0,False,False,False,False
72.06,1021,2,5,True,96.79,129.34416666666667,2025-01-18 02:00:00-05:00,2025-01-18 07:00:00+00:00,2025-01-18 02:00:00-05:00,61758,HUD VL,EST,HUD VL,61758,USW00014714,NYISO,HUD VL,actual_integrated,2025-01-16 08:30:06-05:00,2025-01-17 05:00:00-05:00,20.498333333333335,20250101isolf_csv.zip,20250117isolf.csv,zip_entry_last_modified,True,41.498333333333335,2025-01-18 00:00:00-05:00,False,2025-01-17 02:00:00-05:00,96.79,2025-01-17 00:00:00-05:00,True,3.62,0.0,68.44,1070.1396,2025-01-18 02:45:00,FM-15,0.0,-6.0,64.0,1.5,False,False,False,False
73.38,1015,3,5,True,98.05,129.15916666666666,2025-01-18 03:00:00-05:00,2025-01-18 08:00:00+00:00,2025-01-18 03:00:00-05:00,61758,HUD VL,EST,HUD VL,61758,USW00014714,NYISO,HUD VL,actual_integrated,2025-01-16 08:30:06-05:00,2025-01-17 05:00:00-05:00,20.498333333333335,20250101isolf_csv.zip,20250117isolf.csv,zip_entry_last_modified,True,42.498333333333335,2025-01-18 00:00:00-05:00,False,2025-01-17 03:00:00-05:00,98.05,2025-01-17 00:00:00-05:00,True,3.69,0.0,69.69,1064.8132,2025-01-18 03:45:00,FM-15,-1.0,-6.0,69.0,0.0,False,False,False,False
73.52,1018,4,5,True,100.05,128.89791666666667,2025-01-18 04:00:00-05:00,2025-01-18 09:00:00+00:00,2025-01-18 04:00:00-05:00,61758,HUD VL,EST,HUD VL,61758,USW00014714,NYISO,HUD VL,actual_integrated,2025-01-16 08:30:06-05:00,2025-01-17 05:00:00-05:00,20.498333333333335,20250101isolf_csv.zip,20250117isolf.csv,zip_entry_last_modified,True,43.498333333333335,2025-01-18 00:00:00-05:00,False,2025-01-17 04:00:00-05:00,100.05,2025-01-17 00:00:00-05:00,True,3.76,0.0,69.75999999999999,1067.7068,2025-01-18 04:45:00,FM-15,0.0,-6.0,64.0,4.1,False,False,False,False
74.41,1032,5,5,True,106.01,128.68791666666667,2025-01-18 05:00:00-05:00,2025-01-18 10:00:00+00:00,2025-01-18 05:00:00-05:00,61758,HUD VL,EST,HUD VL,61758,USW00014714,NYISO,HUD VL,actual_integrated,2025-01-16 08:30:06-05:00,2025-01-17 05:00:00-05:00,20.498333333333335,20250101isolf_csv.zip,20250117isolf.csv,zip_entry_last_modified,True,44.498333333333335,2025-01-18 00:00:00-05:00,False,2025-01-17 05:00:00-05:00,106.01,2025-01-17 00:00:00-05:00,True,4.08,0.0,70.33,1086.1371,2025-01-18 05:45:00,FM-15,0.0,-5.0,69.0,3.6,False,False,False,False
70.4,1071,6,5,True,115.68,127.49666666666667,2025-01-18 06:00:00-05:00,2025-01-18 11:00:00+00:00,2025-01-18 06:00:00-05:00,61758,HUD VL,EST,HUD VL,61758,USW00014714,NYISO,HUD VL,actual_integrated,2025-01-16 08:30:06-05:00,2025-01-17 05:00:00-05:00,20.498333333333335,20250101isolf_csv.zip,20250117isolf.csv,zip_entry_last_modified,True,45.498333333333335,2025-01-18 00:00:00-05:00,False,2025-01-17 06:00:00-05:00,115.68,2025-01-17 00:00:00-05:00,True,3.79,0.0,66.61,1126.8518,2025-01-18 06:45:00,FM-15,0.0,-5.0,69.0,3.6,False,False,False,False
66.81,1124,7,5,True,152.87,126.85291666666667,2025-01-18 07:00:00-05:00,2025-01-18 12:00:00+00:00,2025-01-18 07:00:00-05:00,61758,HUD VL,EST,HUD VL,61758,USW00014714,NYISO,HUD VL,actual_integrated,2025-01-16 08:30:06-05:00,2025-01-17 05:00:00-05:00,20.498333333333335,20250101isolf_csv.zip,20250117isolf.csv,zip_entry_last_modified,True,46.498333333333335,2025-01-18 00:00:00-05:00,False,2025-01-17 07:00:00-05:00,152.87,2025-01-17 00:00:00-05:00,True,3.28,-8.88,72.41,1172.2612,2025-01-18 07:45:00,FM-15,1.0,-5.0,65.0,3.6,False,False,False,False
70.44,1135,8,5,True,143.15,126.65000000000002,2025-01-18 08:00:00-05:00,2025-01-18 13:00:00+00:00,2025-01-18 08:00:00-05:00,61758,HUD VL,EST,HUD VL,61758,USW00014714,NYISO,HUD VL,actual_integrated,2025-01-16 08:30:06-05:00,2025-01-17 05:00:00-05:00,20.498333333333335,20250101isolf_csv.zip,20250117isolf.csv,zip_entry_last_modified,True,47.498333333333335,2025-01-18 00:00:00-05:00,False,2025-01-17 08:00:00-05:00,143.15,2025-01-17 00:00:00-05:00,True,3.7,-8.03,74.77,1185.9634,2025-01-18 08:45:00,FM-15,3.0,-3.0,65.0,3.6,False,False,False,False
88.95,1120,9,5,True,113.59,125.96541666666666,2025-01-18 09:00:00-05:00,2025-01-18 14:00:00+00:00,2025-01-18 09:00:00-05:00,61758,HUD VL,EST,HUD VL,61758,USW00014714,NYISO,HUD VL,actual_integrated,2025-01-16 08:30:06-05:00,2025-01-17 05:00:00-05:00,20.498333333333335,20250101isolf_csv.zip,20250117isolf.csv,zip_entry_last_modified,True,48.498333333333335,2025-01-18 00:00:00-05:00,False,2025-01-17 09:00:00-05:00,113.59,2025-01-17 00:00:00-05:00,True,4.68,-14.51,98.78000000000002,1205.0145,2025-01-18 09:45:00,FM-15,3.0,-2.0,70.0,4.1,False,False,False,False
106.27,1104,10,5,True,95.59,124.81375000000001,2025-01-18 10:00:00-05:00,2025-01-18 15:00:00+00:00,2025-01-18 10:00:00-05:00,61758,HUD VL,EST,HUD VL,61758,USW00014714,NYISO,HUD VL,actual_integrated,2025-01-16 08:30:06-05:00,2025-01-17 05:00:00-05:00,20.498333333333335,20250101isolf_csv.zip,20250117isolf.csv,zip_entry_last_modified,True,49.498333333333335,2025-01-18 00:00:00-05:00,False,2025-01-17 10:00:00-05:00,95.59,2025-01-17 00:00:00-05:00,True,5.55,-25.65,126.37,1218.2612,2025-01-18 10:45:00,FM-15,4.0,-2.0,65.0,4.1,False,False,False,False
111.81,1104,11,5,True,90.29,123.67,2025-01-18 11:00:00-05:00,2025-01-18 16:00:00+00:00,2025-01-18 11:00:00-05:00,61758,HUD VL,EST,HUD VL,61758,USW00014714,NYISO,HUD VL,actual_integrated,2025-01-16 08:30:06-05:00,2025-01-17 05:00:00-05:00,20.498333333333335,20250101isolf_csv.zip,20250117isolf.csv,zip_entry_last_modified,True,50.498333333333335,2025-01-18 00:00:00-05:00,False,2025-01-17 11:00:00-05:00,90.29,2025-01-17 00:00:00-05:00,True,5.25,-35.59,142.15,1223.8817,2025-01-18 11:45:00,FM-15,5.0,-2.0,61.0,3.6,False,False,False,False
110.24,1110,12,5,True,89.17,122.50833333333333,2025-01-18 12:00:00-05:00,2025-01-18 17:00:00+00:00,2025-01-18 12:00:00-05:00,61758,HUD VL,EST,HUD VL,61758,USW00014714,NYISO,HUD VL,actual_integrated,2025-01-16 08:30:06-05:00,2025-01-17 05:00:00-05:00,20.498333333333335,20250101isolf_csv.zip,20250117isolf.csv,zip_entry_last_modified,True,51.498333333333335,2025-01-18 00:00:00-05:00,False,2025-01-17 12:00:00-05:00,89.17,2025-01-17 00:00:00-05:00,True,5.09,-34.46,139.61,1245.8019,2025-01-18 12:45:00,FM-15,5.0,1.0,76.0,5.1,False,False,False,False
105.86,1109,13,5,True,88.08,121.20583333333333,2025-01-18 13:00:00-05:00,2025-01-18 18:00:00+00:00,2025-01-18 13:00:00-05:00,61758,HUD VL,EST,HUD VL,61758,USW00014714,NYISO,HUD VL,actual_integrated,2025-01-16 08:30:06-05:00,2025-01-17 05:00:00-05:00,20.498333333333335,20250101isolf_csv.zip,20250117isolf.csv,zip_entry_last_modified,True,52.498333333333335,2025-01-18 00:00:00-05:00,False,2025-01-17 13:00:00-05:00,88.08,2025-01-17 00:00:00-05:00,True,4.94,-30.31,131.23,1261.6617,2025-01-18 13:45:00,FM-15,5.0,2.0,81.0,7.7,False,False,False,False
102.72,1130,14,5,True,92.42,119.88583333333334,2025-01-18 14:00:00-05:00,2025-01-18 19:00:00+00:00,2025-01-18 14:00:00-05:00,61758,HUD VL,EST,HUD VL,61758,USW00014714,NYISO,HUD VL,actual_integrated,2025-01-16 08:30:06-05:00,2025-01-17 05:00:00-05:00,20.498333333333335,20250101isolf_csv.zip,20250117isolf.csv,zip_entry_last_modified,True,53.498333333333335,2025-01-18 00:00:00-05:00,False,2025-01-17 14:00:00-05:00,92.42,2025-01-17 00:00:00-05:00,True,5.23,-26.8,124.29,1275.1633,2025-01-18 14:45:00,FM-15,4.0,3.0,93.0,2.6,False,False,False,False
105.75,1155,15,5,True,98.29,118.48125,2025-01-18 15:00:00-05:00,2025-01-18 20:00:00+00:00,2025-01-18 15:00:00-05:00,61758,HUD VL,EST,HUD VL,61758,USW00014714,NYISO,HUD VL,actual_integrated,2025-01-16 08:30:06-05:00,2025-01-17 05:00:00-05:00,20.498333333333335,20250101isolf_csv.zip,20250117isolf.csv,zip_entry_last_modified,True,54.498333333333335,2025-01-18 00:00:00-05:00,False,2025-01-17 15:00:00-05:00,98.29,2025-01-17 00:00:00-05:00,True,5.31,-29.68,130.12,1278.8662,2025-01-18 15:45:00,FM-15,3.0,3.0,100.0,2.1,False,False,False,False
118.39,1190,16,5,True,92.73,116.11625,2025-01-18 16:00:00-05:00,2025-01-18 21:00:00+00:00,2025-01-18 16:00:00-05:00,61758,HUD VL,EST,HUD VL,61758,USW00014714,NYISO,HUD VL,actual_integrated,2025-01-16 08:30:06-05:00,2025-01-17 05:00:00-05:00,20.498333333333335,20250101isolf_csv.zip,20250117isolf.csv,zip_entry_last_modified,True,55.498333333333335,2025-01-18 00:00:00-05:00,False,2025-01-17 16:00:00-05:00,92.73,2025-01-17 00:00:00-05:00,True,5.51,-41.27,154.15,1304.6355,2025-01-18 16:45:00,FM-15,3.0,3.0,100.0,2.1,False,False,False,False
146.43,1238,17,5,True,122.52,113.515,2025-01-18 17:00:00-05:00,2025-01-18 22:00:00+00:00,2025-01-18 17:00:00-05:00,61758,HUD VL,EST,HUD VL,61758,USW00014714,NYISO,HUD VL,actual_integrated,2025-01-16 08:30:06-05:00,2025-01-17 05:00:00-05:00,20.498333333333335,20250101isolf_csv.zip,20250117isolf.csv,zip_entry_last_modified,True,56.498333333333335,2025-01-18 00:00:00-05:00,False,2025-01-17 17:00:00-05:00,122.52,2025-01-17 00:00:00-05:00,True,5.35,-69.78,210.86,1340.761,2025-01-18 17:45:00,FM-15,3.0,3.0,100.0,0.0,False,False,False,False
141.89,1239,18,5,True,105.84,111.05083333333334,2025-01-18 18:00:00-05:00,2025-01-18 23:00:00+00:00,2025-01-18 18:00:00-05:00,61758,HUD VL,EST,HUD VL,61758,USW00014714,NYISO,HUD VL,actual_integrated,2025-01-16 08:30:06-05:00,2025-01-17 05:00:00-05:00,20.498333333333335,20250101isolf_csv.zip,20250117isolf.csv,zip_entry_last_modified,True,57.498333333333335,2025-01-18 00:00:00-05:00,False,2025-01-17 18:00:00-05:00,105.84,2025-01-17 00:00:00-05:00,True,5.54,-61.52,197.87,1328.1063,2025-01-18 18:05:00,FM-15,3.0,2.0,93.0,5.7,False,False,False,False
133.57,1213,19,5,True,96.2,108.81333333333333,2025-01-18 19:00:00-05:00,2025-01-19 00:00:00+00:00,2025-01-18 19:00:00-05:00,61758,HUD VL,EST,HUD VL,61758,USW00014714,NYISO,HUD VL,actual_integrated,2025-01-16 08:30:06-05:00,2025-01-17 05:00:00-05:00,20.498333333333335,20250101isolf_csv.zip,20250117isolf.csv,zip_entry_last_modified,True,58.498333333333335,2025-01-18 00:00:00-05:00,False,2025-01-17 19:00:00-05:00,96.2,2025-01-17 00:00:00-05:00,True,5.05,-57.44,185.96,1294.4116,2025-01-18 19:45:00,FM-15,2.0,2.0,100.0,0.0,False,False,False,False
127.54,1186,20,5,True,96.83,107.12291666666665,2025-01-18 20:00:00-05:00,2025-01-19 01:00:00+00:00,2025-01-18 20:00:00-05:00,61758,HUD VL,EST,HUD VL,61758,USW00014714,NYISO,HUD VL,actual_integrated,2025-01-16 08:30:06-05:00,2025-01-17 05:00:00-05:00,20.498333333333335,20250101isolf_csv.zip,20250117isolf.csv,zip_entry_last_modified,True,59.498333333333335,2025-01-18 00:00:00-05:00,False,2025-01-17 20:00:00-05:00,96.83,2025-01-17 00:00:00-05:00,True,4.82,-51.86,174.57999999999998,1258.8509,2025-01-18 20:45:00,FM-15,2.0,2.0,100.0,0.0,False,False,False,False
113.99,1151,21,5,True,90.23,105.83708333333333,2025-01-18 21:00:00-05:00,2025-01-19 02:00:00+00:00,2025-01-18 21:00:00-05:00,61758,HUD VL,EST,HUD VL,61758,USW00014714,NYISO,HUD VL,actual_integrated,2025-01-16 08:30:06-05:00,2025-01-17 05:00:00-05:00,20.498333333333335,20250101isolf_csv.zip,20250117isolf.csv,zip_entry_last_modified,True,60.498333333333335,2025-01-18 00:00:00-05:00,False,2025-01-17 21:00:00-05:00,90.23,2025-01-17 00:00:00-05:00,True,4.81,-38.46,147.64,1210.3521,2025-01-18 21:45:00,FM-15,2.0,2.0,100.0,0.0,False,False,False,False
96.85,1098,22,5,True,85.13,104.38375,2025-01-18 22:00:00-05:00,2025-01-19 03:00:00+00:00,2025-01-18 22:00:00-05:00,61758,HUD VL,EST,HUD VL,61758,USW00014714,NYISO,HUD VL,actual_integrated,2025-01-16 08:30:06-05:00,2025-01-17 05:00:00-05:00,20.498333333333335,20250101isolf_csv.zip,20250117isolf.csv,zip_entry_last_modified,True,61.498333333333335,2025-01-18 00:00:00-05:00,False,2025-01-17 22:00:00-05:00,85.13,2025-01-17 00:00:00-05:00,True,4.89,-21.03,112.99,1162.5588,2025-01-18 22:45:00,FM-15,2.0,2.0,100.0,0.0,False,False,False,False
103.87,1044,23,5,True,90.29,103.52499999999999,2025-01-18 23:00:00-05:00,2025-01-19 04:00:00+00:00,2025-01-18 23:00:00-05:00,61758,HUD VL,EST,HUD VL,61758,USW00014714,NYISO,HUD VL,actual_integrated,2025-01-16 08:30:06-05:00,2025-01-17 05:00:00-05:00,20.498333333333335,20250101isolf_csv.zip,20250117isolf.csv,zip_entry_last_modified,True,62.498333333333335,2025-01-18 00:00:00-05:00,False,2025-01-17 23:00:00-05:00,90.29,2025-01-17 00:00:00-05:00,True,4.46,-28.7,128.11,1111.7631,2025-01-18 23:45:00,FM-15,2.0,2.0,100.0,0.0,False,False,False,False
140.58,1007,0,6,True,74.03,101.52,2025-01-19 00:00:00-05:00,2025-01-19 05:00:00+00:00,2025-01-19 00:00:00-05:00,61758,HUD VL,EST,HUD VL,61758,USW00014714,NYISO,HUD VL,actual_integrated,2025-01-17 07:55:06-05:00,2025-01-18 05:00:00-05:00,21.081666666666667,20250101isolf_csv.zip,20250118isolf.csv,zip_entry_last_modified,True,40.08166666666666,2025-01-19 00:00:00-05:00,False,2025-01-18 00:00:00-05:00,74.03,2025-01-18 00:00:00-05:00,True,5.18,-53.14,188.54,1069.9695,2025-01-19 00:45:00,FM-15,2.0,2.0,100.0,5.1,False,False,False,False
141.31,978,1,6,True,73.44,100.30291666666669,2025-01-19 01:00:00-05:00,2025-01-19 06:00:00+00:00,2025-01-19 01:00:00-05:00,61758,HUD VL,EST,HUD VL,61758,USW00014714,NYISO,HUD VL,actual_integrated,2025-01-17 07:55:06-05:00,2025-01-18 05:00:00-05:00,21.081666666666667,20250101isolf_csv.zip,20250118isolf.csv,zip_entry_last_modified,True,41.08166666666666,2025-01-19 00:00:00-05:00,False,2025-01-18 01:00:00-05:00,73.44,2025-01-18 00:00:00-05:00,True,5.17,-51.44,187.58,1033.7336,2025-01-19 01:45:00,FM-15,0.0,0.0,100.0,5.1,False,False,False,False
144.58,963,2,6,True,72.06,99.2725,2025-01-19 02:00:00-05:00,2025-01-19 07:00:00+00:00,2025-01-19 02:00:00-05:00,61758,HUD VL,EST,HUD VL,61758,USW00014714,NYISO,HUD VL,actual_integrated,2025-01-17 07:55:06-05:00,2025-01-18 05:00:00-05:00,21.081666666666667,20250101isolf_csv.zip,20250118isolf.csv,zip_entry_last_modified,True,42.08166666666666,2025-01-19 00:00:00-05:00,False,2025-01-18 02:00:00-05:00,72.06,2025-01-18 00:00:00-05:00,True,4.89,-56.71,196.40000000000003,1017.9102,2025-01-19 02:45:00,FM-15,0.0,0.0,100.0,5.1,False,False,False,False
136.28,958,3,6,True,73.38,98.24458333333332,2025-01-19 03:00:00-05:00,2025-01-19 08:00:00+00:00,2025-01-19 03:00:00-05:00,61758,HUD VL,EST,HUD VL,61758,USW00014714,NYISO,HUD VL,actual_integrated,2025-01-17 07:55:06-05:00,2025-01-18 05:00:00-05:00,21.081666666666667,20250101isolf_csv.zip,20250118isolf.csv,zip_entry_last_modified,True,43.08166666666666,2025-01-19 00:00:00-05:00,False,2025-01-18 03:00:00-05:00,73.38,2025-01-18 00:00:00-05:00,True,4.93,-46.34,177.69,1006.6638,2025-01-19 03:45:00,FM-15,-1.0,-1.0,100.0,0.0,False,False,False,False
131.0,962,4,6,True,73.52,97.13916666666667,2025-01-19 04:00:00-05:00,2025-01-19 09:00:00+00:00,2025-01-19 04:00:00-05:00,61758,HUD VL,EST,HUD VL,61758,USW00014714,NYISO,HUD VL,actual_integrated,2025-01-17 07:55:06-05:00,2025-01-18 05:00:00-05:00,21.081666666666667,20250101isolf_csv.zip,20250118isolf.csv,zip_entry_last_modified,True,44.08166666666666,2025-01-19 00:00:00-05:00,False,2025-01-18 04:00:00-05:00,73.52,2025-01-18 00:00:00-05:00,True,4.93,-41.07,167.14,1022.6391,2025-01-19 04:20:00,FM-15,-2.0,-2.0,100.0,0.0,False,False,False,False
131.28,976,5,6,True,74.41,95.8225,2025-01-19 05:00:00-05:00,2025-01-19 10:00:00+00:00,2025-01-19 05:00:00-05:00,61758,HUD VL,EST,HUD VL,61758,USW00014714,NYISO,HUD VL,actual_integrated,2025-01-17 07:55:06-05:00,2025-01-18 05:00:00-05:00,21.081666666666667,20250101isolf_csv.zip,20250118isolf.csv,zip_entry_last_modified,True,45.08166666666666,2025-01-19 00:00:00-05:00,False,2025-01-18 05:00:00-05:00,74.41,2025-01-18 00:00:00-05:00,True,5.29,-40.63,166.62,1026.6994,2025-01-19 05:45:00,FM-15,-2.0,-2.0,100.0,0.0,False,False,False,False
140.96,1004,6,6,True,70.4,93.93583333333333,2025-01-19 06:00:00-05:00,2025-01-19 11:00:00+00:00,2025-01-19 06:00:00-05:00,61758,HUD VL,EST,HUD VL,61758,USW00014714,NYISO,HUD VL,actual_integrated,2025-01-17 07:55:06-05:00,2025-01-18 05:00:00-05:00,21.081666666666667,20250101isolf_csv.zip,20250118isolf.csv,zip_entry_last_modified,True,46.08166666666666,2025-01-19 00:00:00-05:00,False,2025-01-18 06:00:00-05:00,70.4,2025-01-18 00:00:00-05:00,True,5.38,-50.32,185.9,1059.745,2025-01-19 06:45:00,FM-15,0.0,0.0,100.0,0.0,False,False,False,False
143.1,1052,7,6,True,66.81,90.35000000000001,2025-01-19 07:00:00-05:00,2025-01-19 12:00:00+00:00,2025-01-19 07:00:00-05:00,61758,HUD VL,EST,HUD VL,61758,USW00014714,NYISO,HUD VL,actual_integrated,2025-01-17 07:55:06-05:00,2025-01-18 05:00:00-05:00,21.081666666666667,20250101isolf_csv.zip,20250118isolf.csv,zip_entry_last_modified,True,47.08166666666666,2025-01-19 00:00:00-05:00,False,2025-01-18 07:00:00-05:00,66.81,2025-01-18 00:00:00-05:00,True,5.97,-51.78,188.91,1105.2919,2025-01-19 07:45:00,FM-15,1.0,0.0,93.0,0.0,False,False,False,False
140.71,1070,8,6,True,70.44,87.32041666666667,2025-01-19 08:00:00-05:00,2025-01-19 13:00:00+00:00,2025-01-19 08:00:00-05:00,61758,HUD VL,EST,HUD VL,61758,USW00014714,NYISO,HUD VL,actual_integrated,2025-01-17 07:55:06-05:00,2025-01-18 05:00:00-05:00,21.081666666666667,20250101isolf_csv.zip,20250118isolf.csv,zip_entry_last_modified,True,48.08166666666666,2025-01-19 00:00:00-05:00,False,2025-01-18 08:00:00-05:00,70.44,2025-01-18 00:00:00-05:00,True,6.82,-45.28,179.17000000000002,1131.869,2025-01-19 08:45:00,FM-15,0.0,0.0,100.0,3.6,False,False,False,False
149.86,1065,9,6,True,88.95,86.29375,2025-01-19 09:00:00-05:00,2025-01-19 14:00:00+00:00,2025-01-19 09:00:00-05:00,61758,HUD VL,EST,HUD VL,61758,USW00014714,NYISO,HUD VL,actual_integrated,2025-01-17 07:55:06-05:00,2025-01-18 05:00:00-05:00,21.081666666666667,20250101isolf_csv.zip,20250118isolf.csv,zip_entry_last_modified,True,49.08166666666666,2025-01-19 00:00:00-05:00,False,2025-01-18 09:00:00-05:00,88.95,2025-01-18 00:00:00-05:00,True,6.9,-53.32,196.28,1150.9932,2025-01-19 09:45:00,FM-15,0.0,-1.0,93.0,2.6,False,False,False,False
167.89,1055,10,6,True,106.27,86.73875,2025-01-19 10:00:00-05:00,2025-01-19 15:00:00+00:00,2025-01-19 10:00:00-05:00,61758,HUD VL,EST,HUD VL,61758,USW00014714,NYISO,HUD VL,actual_integrated,2025-01-17 07:55:06-05:00,2025-01-18 05:00:00-05:00,21.081666666666667,20250101isolf_csv.zip,20250118isolf.csv,zip_entry_last_modified,True,50.08166666666666,2025-01-19 00:00:00-05:00,False,2025-01-18 10:00:00-05:00,106.27,2025-01-18 00:00:00-05:00,True,6.83,-72.37,233.43,1128.6226,2025-01-19 10:45:00,FM-15,1.0,-2.0,81.0,3.6,False,False,False,False
158.71,1062,11,6,True,111.81,87.63541666666667,2025-01-19 11:00:00-05:00,2025-01-19 16:00:00+00:00,2025-01-19 11:00:00-05:00,61758,HUD VL,EST,HUD VL,61758,USW00014714,NYISO,HUD VL,actual_integrated,2025-01-17 07:55:06-05:00,2025-01-18 05:00:00-05:00,21.081666666666667,20250101isolf_csv.zip,20250118isolf.csv,zip_entry_last_modified,True,51.08166666666666,2025-01-19 00:00:00-05:00,False,2025-01-18 11:00:00-05:00,111.81,2025-01-18 00:00:00-05:00,True,6.93,-63.0,214.78,1143.2762,2025-01-19 11:45:00,FM-15,2.0,-3.0,70.0,2.6,False,False,False,False
155.65,1079,12,6,True,110.24,88.51333333333334,2025-01-19 12:00:00-05:00,2025-01-19 17:00:00+00:00,2025-01-19 12:00:00-05:00,61758,HUD VL,EST,HUD VL,61758,USW00014714,NYISO,HUD VL,actual_integrated,2025-01-17 07:55:06-05:00,2025-01-18 05:00:00-05:00,21.081666666666667,20250101isolf_csv.zip,20250118isolf.csv,zip_entry_last_modified,True,52.08166666666666,2025-01-19 00:00:00-05:00,False,2025-01-18 12:00:00-05:00,110.24,2025-01-18 00:00:00-05:00,True,6.92,-60.13,208.86,1200.0522,2025-01-19 12:45:00,FM-15,2.0,-3.0,70.0,3.6,False,False,False,False
156.58,1090,13,6,True,105.86,89.25416666666666,2025-01-19 13:00:00-05:00,2025-01-19 18:00:00+00:00,2025-01-19 13:00:00-05:00,61758,HUD VL,EST,HUD VL,61758,USW00014714,NYISO,HUD VL,actual_integrated,2025-01-17 07:55:06-05:00,2025-01-18 05:00:00-05:00,21.081666666666667,20250101isolf_csv.zip,20250118isolf.csv,zip_entry_last_modified,True,53.08166666666666,2025-01-19 00:00:00-05:00,False,2025-01-18 13:00:00-05:00,105.86,2025-01-18 00:00:00-05:00,True,6.73,-62.43,212.28000000000003,1263.1047,2025-01-19 13:45:00,FM-15,0.0,-2.0,87.0,2.6,False,False,False,False
160.54,1140,14,6,True,102.72,89.68333333333334,2025-01-19 14:00:00-05:00,2025-01-19 19:00:00+00:00,2025-01-19 14:00:00-05:00,61758,HUD VL,EST,HUD VL,61758,USW00014714,NYISO,HUD VL,actual_integrated,2025-01-17 07:55:06-05:00,2025-01-18 05:00:00-05:00,21.081666666666667,20250101isolf_csv.zip,20250118isolf.csv,zip_entry_last_modified,True,54.08166666666666,2025-01-19 00:00:00-05:00,False,2025-01-18 14:00:00-05:00,102.72,2025-01-18 00:00:00-05:00,True,7.05,-64.18,217.67,1311.9363,2025-01-19 14:15:00,FM-15,-1.0,-2.0,93.0,3.1,False,False,False,False
175.33,1195,15,6,True,105.75,89.99416666666667,2025-01-19 15:00:00-05:00,2025-01-19 20:00:00+00:00,2025-01-19 15:00:00-05:00,61758,HUD VL,EST,HUD VL,61758,USW00014714,NYISO,HUD VL,actual_integrated,2025-01-17 07:55:06-05:00,2025-01-18 05:00:00-05:00,21.081666666666667,20250101isolf_csv.zip,20250118isolf.csv,zip_entry_last_modified,True,55.08166666666666,2025-01-19 00:00:00-05:00,False,2025-01-18 15:00:00-05:00,105.75,2025-01-18 00:00:00-05:00,True,9.74,-28.49,194.08,1352.1464,2025-01-19 15:45:00,FM-15,,,,,False,True,True,False
192.72,1260,16,6,True,118.39,91.06333333333333,2025-01-19 16:00:00-05:00,2025-01-19 21:00:00+00:00,2025-01-19 16:00:00-05:00,61758,HUD VL,EST,HUD VL,61758,USW00014714,NYISO,HUD VL,actual_integrated,2025-01-17 07:55:06-05:00,2025-01-18 05:00:00-05:00,21.081666666666667,20250101isolf_csv.zip,20250118isolf.csv,zip_entry_last_modified,True,56.08166666666666,2025-01-19 00:00:00-05:00,False,2025-01-18 16:00:00-05:00,118.39,2025-01-18 00:00:00-05:00,True,11.04,-26.17,207.85,1402.4416,2025-01-19 16:45:00,FM-15,-2.0,-2.0,100.0,4.1,False,False,False,False
244.2,1327,17,6,True,146.43,92.05958333333335,2025-01-19 17:00:00-05:00,2025-01-19 22:00:00+00:00,2025-01-19 17:00:00-05:00,61758,HUD VL,EST,HUD VL,61758,USW00014714,NYISO,HUD VL,actual_integrated,2025-01-17 07:55:06-05:00,2025-01-18 05:00:00-05:00,21.081666666666667,20250101isolf_csv.zip,20250118isolf.csv,zip_entry_last_modified,True,57.08166666666666,2025-01-19 00:00:00-05:00,False,2025-01-18 17:00:00-05:00,146.43,2025-01-18 00:00:00-05:00,True,15.51,-0.68,229.37,1457.459,2025-01-19 17:45:00,FM-15,-3.0,-3.0,100.0,4.1,False,False,False,False
225.84,1329,18,6,True,141.89,93.56166666666667,2025-01-19 18:00:00-05:00,2025-01-19 23:00:00+00:00,2025-01-19 18:00:00-05:00,61758,HUD VL,EST,HUD VL,61758,USW00014714,NYISO,HUD VL,actual_integrated,2025-01-17 07:55:06-05:00,2025-01-18 05:00:00-05:00,21.081666666666667,20250101isolf_csv.zip,20250118isolf.csv,zip_entry_last_modified,True,58.08166666666666,2025-01-19 00:00:00-05:00,False,2025-01-18 18:00:00-05:00,141.89,2025-01-18 00:00:00-05:00,True,14.05,-2.15,213.94,1449.269,2025-01-19 18:45:00,FM-15,-3.0,-3.0,100.0,4.1,False,False,False,False
221.75,1302,19,6,True,133.57,95.11874999999999,2025-01-19 19:00:00-05:00,2025-01-20 00:00:00+00:00,2025-01-19 19:00:00-05:00,61758,HUD VL,EST,HUD VL,61758,USW00014714,NYISO,HUD VL,actual_integrated,2025-01-17 07:55:06-05:00,2025-01-18 05:00:00-05:00,21.081666666666667,20250101isolf_csv.zip,20250118isolf.csv,zip_entry_last_modified,True,59.08166666666666,2025-01-19 00:00:00-05:00,False,2025-01-18 19:00:00-05:00,133.57,2025-01-18 00:00:00-05:00,True,13.75,-2.83,210.83,1411.8797,2025-01-19 19:45:00,FM-15,-3.0,-4.0,93.0,7.2,False,False,False,False
193.63,1272,20,6,True,127.54,96.39833333333333,2025-01-19 20:00:00-05:00,2025-01-20 01:00:00+00:00,2025-01-19 20:00:00-05:00,61758,HUD VL,EST,HUD VL,61758,USW00014714,NYISO,HUD VL,actual_integrated,2025-01-17 07:55:06-05:00,2025-01-18 05:00:00-05:00,21.081666666666667,20250101isolf_csv.zip,20250118isolf.csv,zip_entry_last_modified,True,60.08166666666666,2025-01-19 00:00:00-05:00,False,2025-01-18 20:00:00-05:00,127.54,2025-01-18 00:00:00-05:00,True,10.95,-16.71,199.39,1368.5595,2025-01-19 20:45:00,FM-15,-4.0,-5.0,93.0,5.1,False,False,False,False
169.45,1227,21,6,True,113.99,97.38833333333334,2025-01-19 21:00:00-05:00,2025-01-20 02:00:00+00:00,2025-01-19 21:00:00-05:00,61758,HUD VL,EST,HUD VL,61758,USW00014714,NYISO,HUD VL,actual_integrated,2025-01-17 07:55:06-05:00,2025-01-18 05:00:00-05:00,21.081666666666667,20250101isolf_csv.zip,20250118isolf.csv,zip_entry_last_modified,True,61.08166666666666,2025-01-19 00:00:00-05:00,False,2025-01-18 21:00:00-05:00,113.99,2025-01-18 00:00:00-05:00,True,9.24,-22.39,182.6,1325.0449,2025-01-19 21:45:00,FM-15,-5.0,-6.0,93.0,7.2,False,False,False,False
175.62,1163,22,6,True,96.85,97.87666666666667,2025-01-19 22:00:00-05:00,2025-01-20 03:00:00+00:00,2025-01-19 22:00:00-05:00,61758,HUD VL,EST,HUD VL,61758,USW00014714,NYISO,HUD VL,actual_integrated,2025-01-17 07:55:06-05:00,2025-01-18 05:00:00-05:00,21.081666666666667,20250101isolf_csv.zip,20250118isolf.csv,zip_entry_last_modified,True,62.08166666666666,2025-01-19 00:00:00-05:00,False,2025-01-18 22:00:00-05:00,96.85,2025-01-18 00:00:00-05:00,True,9.57,-16.71,182.76,1264.2114,2025-01-19 22:45:00,FM-15,-5.0,-7.0,86.0,5.1,False,False,False,False
171.91,1107,23,6,True,103.87,98.4425,2025-01-19 23:00:00-05:00,2025-01-20 04:00:00+00:00,2025-01-19 23:00:00-05:00,61758,HUD VL,EST,HUD VL,61758,USW00014714,NYISO,HUD VL,actual_integrated,2025-01-17 07:55:06-05:00,2025-01-18 05:00:00-05:00,21.081666666666667,20250101isolf_csv.zip,20250118isolf.csv,zip_entry_last_modified,True,63.08166666666666,2025-01-19 00:00:00-05:00,False,2025-01-18 23:00:00-05:00,103.87,2025-01-18 00:00:00-05:00,True,10.04,0.0,161.87,1205.5326,2025-01-19 23:45:00,FM-15,-6.0,-7.0,93.0,3.1,False,False,False,False
184.74,1103,0,0,False,140.58,101.21541666666667,2025-01-20 00:00:00-05:00,2025-01-20 05:00:00+00:00,2025-01-20 00:00:00-05:00,61758,HUD VL,EST,HUD VL,61758,USW00014714,NYISO,HUD VL,actual_integrated,2025-01-18 07:45:04-05:00,2025-01-19 05:00:00-05:00,21.24888888888889,20250101isolf_csv.zip,20250119isolf.csv,zip_entry_last_modified,True,40.24888888888889,2025-01-20 00:00:00-05:00,False,2025-01-19 00:00:00-05:00,140.58,2025-01-19 00:00:00-05:00,True,10.62,0.0,174.12,1166.8864,2025-01-20 00:45:00,FM-15,-6.0,-8.0,86.0,2.1,False,False,False,False
172.69,1085,1,0,False,141.31,104.04333333333334,2025-01-20 01:00:00-05:00,2025-01-20 06:00:00+00:00,2025-01-20 01:00:00-05:00,61758,HUD VL,EST,HUD VL,61758,USW00014714,NYISO,HUD VL,actual_integrated,2025-01-18 07:45:04-05:00,2025-01-19 05:00:00-05:00,21.24888888888889,20250101isolf_csv.zip,20250119isolf.csv,zip_entry_last_modified,True,41.24888888888889,2025-01-20 00:00:00-05:00,False,2025-01-19 01:00:00-05:00,141.31,2025-01-19 00:00:00-05:00,True,9.93,0.0,162.76,1139.0738,2025-01-20 01:55:00,FM-15,-7.0,-8.0,93.0,3.1,False,False,False,False
166.35,1079,2,0,False,144.58,107.065,2025-01-20 02:00:00-05:00,2025-01-20 07:00:00+00:00,2025-01-20 02:00:00-05:00,61758,HUD VL,EST,HUD VL,61758,USW00014714,NYISO,HUD VL,actual_integrated,2025-01-18 07:45:04-05:00,2025-01-19 05:00:00-05:00,21.24888888888889,20250101isolf_csv.zip,20250119isolf.csv,zip_entry_last_modified,True,42.24888888888889,2025-01-20 00:00:00-05:00,False,2025-01-19 02:00:00-05:00,144.58,2025-01-19 00:00:00-05:00,True,9.86,0.0,156.49,1128.5505,2025-01-20 02:45:00,FM-15,-7.0,-9.0,86.0,3.1,False,False,False,False
166.33,1077,3,0,False,136.28,109.68583333333333,2025-01-20 03:00:00-05:00,2025-01-20 08:00:00+00:00,2025-01-20 03:00:00-05:00,61758,HUD VL,EST,HUD VL,61758,USW00014714,NYISO,HUD VL,actual_integrated,2025-01-18 07:45:04-05:00,2025-01-19 05:00:00-05:00,21.24888888888889,20250101isolf_csv.zip,20250119isolf.csv,zip_entry_last_modified,True,43.24888888888889,2025-01-20 00:00:00-05:00,False,2025-01-19 03:00:00-05:00,136.28,2025-01-19 00:00:00-05:00,True,8.97,0.0,157.36,1136.7506,2025-01-20 03:55:00,FM-15,-8.0,-11.0,79.0,5.1,False,False,False,False
176.73,1094,4,0,False,131.0,112.08083333333332,2025-01-20 04:00:00-05:00,2025-01-20 09:00:00+00:00,2025-01-20 04:00:00-05:00,61758,HUD VL,EST,HUD VL,61758,USW00014714,NYISO,HUD VL,actual_integrated,2025-01-18 07:45:04-05:00,2025-01-19 05:00:00-05:00,21.24888888888889,20250101isolf_csv.zip,20250119isolf.csv,zip_entry_last_modified,True,44.24888888888889,2025-01-20 00:00:00-05:00,False,2025-01-19 04:00:00-05:00,131.0,2025-01-19 00:00:00-05:00,True,8.73,0.0,168.0,1156.121,2025-01-20 04:45:00,FM-15,-10.0,-13.0,79.0,6.2,False,False,False,False
199.22,1139,5,0,False,131.28,114.45041666666667,2025-01-20 05:00:00-05:00,2025-01-20 10:00:00+00:00,2025-01-20 05:00:00-05:00,61758,HUD VL,EST,HUD VL,61758,USW00014714,NYISO,HUD VL,actual_integrated,2025-01-18 07:45:04-05:00,2025-01-19 05:00:00-05:00,21.24888888888889,20250101isolf_csv.zip,20250119isolf.csv,zip_entry_last_modified,True,45.24888888888889,2025-01-20 00:00:00-05:00,False,2025-01-19 05:00:00-05:00,131.28,2025-01-19 00:00:00-05:00,True,8.21,0.0,191.01,1200.8284,2025-01-20 05:45:00,FM-15,-11.0,-14.0,79.0,6.7,False,False,False,False
239.47,1193,6,0,False,140.96,117.39041666666667,2025-01-20 06:00:00-05:00,2025-01-20 11:00:00+00:00,2025-01-20 06:00:00-05:00,61758,HUD VL,EST,HUD VL,61758,USW00014714,NYISO,HUD VL,actual_integrated,2025-01-18 07:45:04-05:00,2025-01-19 05:00:00-05:00,21.24888888888889,20250101isolf_csv.zip,20250119isolf.csv,zip_entry_last_modified,True,46.24888888888889,2025-01-20 00:00:00-05:00,False,2025-01-19 06:00:00-05:00,140.96,2025-01-19 00:00:00-05:00,True,10.08,0.0,229.39,1261.0005,2025-01-20 06:45:00,FM-15,-12.0,-15.0,79.0,6.7,False,False,False,False
262.65,1240,7,0,False,143.1,120.56916666666666,2025-01-20 07:00:00-05:00,2025-01-20 12:00:00+00:00,2025-01-20 07:00:00-05:00,61758,HUD VL,EST,HUD VL,61758,USW00014714,NYISO,HUD VL,actual_integrated,2025-01-18 07:45:04-05:00,2025-01-19 05:00:00-05:00,21.24888888888889,20250101isolf_csv.zip,20250119isolf.csv,zip_entry_last_modified,True,47.24888888888889,2025-01-20 00:00:00-05:00,False,2025-01-19 07:00:00-05:00,143.1,2025-01-19 00:00:00-05:00,True,11.14,-9.38,260.89,1325.683,2025-01-20 07:45:00,FM-15,-12.0,-15.0,79.0,5.1,False,False,False,False
235.62,1223,8,0,False,140.71,123.49708333333332,2025-01-20 08:00:00-05:00,2025-01-20 13:00:00+00:00,2025-01-20 08:00:00-05:00,61758,HUD VL,EST,HUD VL,61758,USW00014714,NYISO,HUD VL,actual_integrated,2025-01-18 07:45:04-05:00,2025-01-19 05:00:00-05:00,21.24888888888889,20250101isolf_csv.zip,20250119isolf.csv,zip_entry_last_modified,True,48.24888888888889,2025-01-20 00:00:00-05:00,False,2025-01-19 08:00:00-05:00,140.71,2025-01-19 00:00:00-05:00,True,9.18,-12.88,239.32,1374.8004,2025-01-20 08:45:00,FM-15,-12.0,-15.0,79.0,7.7,False,False,False,False
241.31,1132,9,0,False,149.86,126.03500000000001,2025-01-20 09:00:00-05:00,2025-01-20 14:00:00+00:00,2025-01-20 09:00:00-05:00,61758,HUD VL,EST,HUD VL,61758,USW00014714,NYISO,HUD VL,actual_integrated,2025-01-18 07:45:04-05:00,2025-01-19 05:00:00-05:00,21.24888888888889,20250101isolf_csv.zip,20250119isolf.csv,zip_entry_last_modified,True,49.24888888888889,2025-01-20 00:00:00-05:00,False,2025-01-19 09:00:00-05:00,149.86,2025-01-19 00:00:00-05:00,True,10.56,-1.22,231.97,1392.0687,2025-01-20 09:45:00,FM-15,-10.0,-14.0,73.0,5.1,False,False,False,False
220.2,1062,10,0,False,167.89,128.6025,2025-01-20 10:00:00-05:00,2025-01-20 15:00:00+00:00,2025-01-20 10:00:00-05:00,61758,HUD VL,EST,HUD VL,61758,USW00014714,NYISO,HUD VL,actual_integrated,2025-01-18 07:45:04-05:00,2025-01-19 05:00:00-05:00,21.24888888888889,20250101isolf_csv.zip,20250119isolf.csv,zip_entry_last_modified,True,50.24888888888889,2025-01-20 00:00:00-05:00,False,2025-01-19 10:00:00-05:00,167.89,2025-01-19 00:00:00-05:00,True,9.89,0.0,210.31,1401.6408,2025-01-20 10:45:00,FM-15,-8.0,-14.0,62.0,6.7,False,False,False,False
218.23,1079,11,0,False,158.71,130.55666666666667,2025-01-20 11:00:00-05:00,2025-01-20 16:00:00+00:00,2025-01-20 11:00:00-05:00,61758,HUD VL,EST,HUD VL,61758,USW00014714,NYISO,HUD VL,actual_integrated,2025-01-18 07:45:04-05:00,2025-01-19 05:00:00-05:00,21.24888888888889,20250101isolf_csv.zip,20250119isolf.csv,zip_entry_last_modified,True,51.24888888888889,2025-01-20 00:00:00-05:00,False,2025-01-19 11:00:00-05:00,158.71,2025-01-19 00:00:00-05:00,True,9.99,0.0,208.24,1413.9972,2025-01-20 11:45:00,FM-15,-7.0,-14.0,58.0,9.3,False,False,False,False
218.62,1132,12,0,False,155.65,132.44875,2025-01-20 12:00:00-05:00,2025-01-20 17:00:00+00:00,2025-01-20 12:00:00-05:00,61758,HUD VL,EST,HUD VL,61758,USW00014714,NYISO,HUD VL,actual_integrated,2025-01-18 07:45:04-05:00,2025-01-19 05:00:00-05:00,21.24888888888889,20250101isolf_csv.zip,20250119isolf.csv,zip_entry_last_modified,True,52.24888888888889,2025-01-20 00:00:00-05:00,False,2025-01-19 12:00:00-05:00,155.65,2025-01-19 00:00:00-05:00,True,10.6,0.0,208.02,1420.136,2025-01-20 12:45:00,FM-15,-6.0,-14.0,54.0,5.1,False,False,False,False
219.65,1158,13,0,False,156.58,134.56208333333333,2025-01-20 13:00:00-05:00,2025-01-20 18:00:00+00:00,2025-01-20 13:00:00-05:00,61758,HUD VL,EST,HUD VL,61758,USW00014714,NYISO,HUD VL,actual_integrated,2025-01-18 07:45:04-05:00,2025-01-19 05:00:00-05:00,21.24888888888889,20250101isolf_csv.zip,20250119isolf.csv,zip_entry_last_modified,True,53.24888888888889,2025-01-20 00:00:00-05:00,False,2025-01-19 13:00:00-05:00,156.58,2025-01-19 00:00:00-05:00,True,10.65,0.0,209.0,1426.7227,2025-01-20 13:45:00,FM-15,-6.0,-15.0,49.0,5.1,False,False,False,False
228.92,1208,14,0,False,160.54,136.97125,2025-01-20 14:00:00-05:00,2025-01-20 19:00:00+00:00,2025-01-20 14:00:00-05:00,61758,HUD VL,EST,HUD VL,61758,USW00014714,NYISO,HUD VL,actual_integrated,2025-01-18 07:45:04-05:00,2025-01-19 05:00:00-05:00,21.24888888888889,20250101isolf_csv.zip,20250119isolf.csv,zip_entry_last_modified,True,54.24888888888889,2025-01-20 00:00:00-05:00,False,2025-01-19 14:00:00-05:00,160.54,2025-01-19 00:00:00-05:00,True,11.31,0.0,217.61,1436.3566,2025-01-20 14:45:00,FM-15,-6.0,-15.0,49.0,5.1,False,False,False,False
234.52,1286,15,0,False,175.33,139.87041666666667,2025-01-20 15:00:00-05:00,2025-01-20 20:00:00+00:00,2025-01-20 15:00:00-05:00,61758,HUD VL,EST,HUD VL,61758,USW00014714,NYISO,HUD VL,actual_integrated,2025-01-18 07:45:04-05:00,2025-01-19 05:00:00-05:00,21.24888888888889,20250101isolf_csv.zip,20250119isolf.csv,zip_entry_last_modified,True,55.24888888888889,2025-01-20 00:00:00-05:00,False,2025-01-19 15:00:00-05:00,175.33,2025-01-19 00:00:00-05:00,True,11.8,-0.01,222.73,1438.128,2025-01-20 15:45:00,FM-15,-6.0,-17.0,42.0,5.1,False,False,False,False
252.91,1382,16,0,False,192.72,142.9675,2025-01-20 16:00:00-05:00,2025-01-20 21:00:00+00:00,2025-01-20 16:00:00-05:00,61758,HUD VL,EST,HUD VL,61758,USW00014714,NYISO,HUD VL,actual_integrated,2025-01-18 07:45:04-05:00,2025-01-19 05:00:00-05:00,21.24888888888889,20250101isolf_csv.zip,20250119isolf.csv,zip_entry_last_modified,True,56.24888888888889,2025-01-20 00:00:00-05:00,False,2025-01-19 16:00:00-05:00,192.72,2025-01-19 00:00:00-05:00,True,11.85,-12.97,254.03,1484.9097,2025-01-20 16:45:00,FM-15,-6.0,-17.0,42.0,5.1,False,False,False,False
308.91,1475,17,0,False,244.2,147.04125,2025-01-20 17:00:00-05:00,2025-01-20 22:00:00+00:00,2025-01-20 17:00:00-05:00,61758,HUD VL,EST,HUD VL,61758,USW00014714,NYISO,HUD VL,actual_integrated,2025-01-18 07:45:04-05:00,2025-01-19 05:00:00-05:00,21.24888888888889,20250101isolf_csv.zip,20250119isolf.csv,zip_entry_last_modified,True,57.24888888888889,2025-01-20 00:00:00-05:00,False,2025-01-19 17:00:00-05:00,244.2,2025-01-19 00:00:00-05:00,True,12.76,-12.79,308.94000000000005,1564.7325,2025-01-20 17:45:00,FM-15,-8.0,-17.0,49.0,5.1,False,False,False,False
295.19,1476,18,0,False,225.84,150.53916666666666,2025-01-20 18:00:00-05:00,2025-01-20 23:00:00+00:00,2025-01-20 18:00:00-05:00,61758,HUD VL,EST,HUD VL,61758,USW00014714,NYISO,HUD VL,actual_integrated,2025-01-18 07:45:04-05:00,2025-01-19 05:00:00-05:00,21.24888888888889,20250101isolf_csv.zip,20250119isolf.csv,zip_entry_last_modified,True,58.24888888888889,2025-01-20 00:00:00-05:00,False,2025-01-19 18:00:00-05:00,225.84,2025-01-19 00:00:00-05:00,True,12.05,-9.06,292.2,1571.1335,2025-01-20 18:45:00,FM-15,-9.0,-17.0,53.0,4.1,False,False,False,False
272.36,1449,19,0,False,221.75,154.21333333333334,2025-01-20 19:00:00-05:00,2025-01-21 00:00:00+00:00,2025-01-20 19:00:00-05:00,61758,HUD VL,EST,HUD VL,61758,USW00014714,NYISO,HUD VL,actual_integrated,2025-01-18 07:45:04-05:00,2025-01-19 05:00:00-05:00,21.24888888888889,20250101isolf_csv.zip,20250119isolf.csv,zip_entry_last_modified,True,59.24888888888889,2025-01-20 00:00:00-05:00,False,2025-01-19 19:00:00-05:00,221.75,2025-01-19 00:00:00-05:00,True,11.26,-11.09,272.19,1550.752,2025-01-20 19:45:00,FM-15,-10.0,-17.0,57.0,3.6,False,False,False,False
252.45,1416,20,0,False,193.63,156.96708333333333,2025-01-20 20:00:00-05:00,2025-01-21 01:00:00+00:00,2025-01-20 20:00:00-05:00,61758,HUD VL,EST,HUD VL,61758,USW00014714,NYISO,HUD VL,actual_integrated,2025-01-18 07:45:04-05:00,2025-01-19 05:00:00-05:00,21.24888888888889,20250101isolf_csv.zip,20250119isolf.csv,zip_entry_last_modified,True,60.24888888888889,2025-01-20 00:00:00-05:00,False,2025-01-19 20:00:00-05:00,193.63,2025-01-19 00:00:00-05:00,True,10.81,-6.83,248.47,1512.5483,2025-01-20 20:45:00,FM-15,-13.0,-17.0,72.0,2.6,False,False,False,False
232.16,1375,21,0,False,169.45,159.27791666666667,2025-01-20 21:00:00-05:00,2025-01-21 02:00:00+00:00,2025-01-20 21:00:00-05:00,61758,HUD VL,EST,HUD VL,61758,USW00014714,NYISO,HUD VL,actual_integrated,2025-01-18 07:45:04-05:00,2025-01-19 05:00:00-05:00,21.24888888888889,20250101isolf_csv.zip,20250119isolf.csv,zip_entry_last_modified,True,61.24888888888889,2025-01-20 00:00:00-05:00,False,2025-01-19 21:00:00-05:00,169.45,2025-01-19 00:00:00-05:00,True,9.88,-2.91,225.19,1463.1732,2025-01-20 21:45:00,FM-15,-13.0,-17.0,72.0,2.6,False,False,False,False
232.15,1308,22,0,False,175.62,162.56,2025-01-20 22:00:00-05:00,2025-01-21 03:00:00+00:00,2025-01-20 22:00:00-05:00,61758,HUD VL,EST,HUD VL,61758,USW00014714,NYISO,HUD VL,actual_integrated,2025-01-18 07:45:04-05:00,2025-01-19 05:00:00-05:00,21.24888888888889,20250101isolf_csv.zip,20250119isolf.csv,zip_entry_last_modified,True,62.24888888888889,2025-01-20 00:00:00-05:00,False,2025-01-19 22:00:00-05:00,175.62,2025-01-19 00:00:00-05:00,True,9.77,0.0,222.38,1390.2248,2025-01-20 22:45:00,FM-15,-14.0,-18.0,72.0,3.1,False,False,False,False
219.88,1247,23,0,False,171.91,165.395,2025-01-20 23:00:00-05:00,2025-01-21 04:00:00+00:00,2025-01-20 23:00:00-05:00,61758,HUD VL,EST,HUD VL,61758,USW00014714,NYISO,HUD VL,actual_integrated,2025-01-18 07:45:04-05:00,2025-01-19 05:00:00-05:00,21.24888888888889,20250101isolf_csv.zip,20250119isolf.csv,zip_entry_last_modified,True,63.24888888888889,2025-01-20 00:00:00-05:00,False,2025-01-19 23:00:00-05:00,171.91,2025-01-19 00:00:00-05:00,True,8.66,0.0,211.22,1325.6982,2025-01-20 23:45:00,FM-15,-14.0,-19.0,66.0,3.1,False,False,False,False
212.14,1188,0,1,False,184.74,167.23499999999999,2025-01-21 00:00:00-05:00,2025-01-21 05:00:00+00:00,2025-01-21 00:00:00-05:00,61758,HUD VL,EST,HUD VL,61758,USW00014714,NYISO,HUD VL,actual_integrated,2025-01-19 07:20:04-05:00,2025-01-20 05:00:00-05:00,21.665555555555557,20250101isolf_csv.zip,20250120isolf.csv,zip_entry_last_modified,True,40.66555555555556,2025-01-21 00:00:00-05:00,False,2025-01-20 00:00:00-05:00,184.74,2025-01-20 00:00:00-05:00,True,8.36,0.0,203.78,1287.894,2025-01-21 00:45:00,FM-15,-14.0,-19.0,66.0,3.1,False,False,False,False
194.51,1172,1,1,False,172.69,168.5425,2025-01-21 01:00:00-05:00,2025-01-21 06:00:00+00:00,2025-01-21 01:00:00-05:00,61758,HUD VL,EST,HUD VL,61758,USW00014714,NYISO,HUD VL,actual_integrated,2025-01-19 07:20:04-05:00,2025-01-20 05:00:00-05:00,21.665555555555557,20250101isolf_csv.zip,20250120isolf.csv,zip_entry_last_modified,True,41.66555555555556,2025-01-21 00:00:00-05:00,False,2025-01-20 01:00:00-05:00,172.69,2025-01-20 00:00:00-05:00,True,7.84,0.0,186.67,1270.1001,2025-01-21 01:45:00,FM-15,-14.0,-19.0,66.0,3.1,False,False,False,False
205.41,1168,2,1,False,166.35,169.44958333333332,2025-01-21 02:00:00-05:00,2025-01-21 07:00:00+00:00,2025-01-21 02:00:00-05:00,61758,HUD VL,EST,HUD VL,61758,USW00014714,NYISO,HUD VL,actual_integrated,2025-01-19 07:20:04-05:00,2025-01-20 05:00:00-05:00,21.665555555555557,20250101isolf_csv.zip,20250120isolf.csv,zip_entry_last_modified,True,42.66555555555556,2025-01-21 00:00:00-05:00,False,2025-01-20 02:00:00-05:00,166.35,2025-01-20 00:00:00-05:00,True,7.91,0.0,197.5,1263.4459,2025-01-21 02:45:00,FM-15,-15.0,-19.0,72.0,2.1,False,False,False,False
203.33,1170,3,1,False,166.33,170.70166666666668,2025-01-21 03:00:00-05:00,2025-01-21 08:00:00+00:00,2025-01-21 03:00:00-05:00,61758,HUD VL,EST,HUD VL,61758,USW00014714,NYISO,HUD VL,actual_integrated,2025-01-19 07:20:04-05:00,2025-01-20 05:00:00-05:00,21.665555555555557,20250101isolf_csv.zip,20250120isolf.csv,zip_entry_last_modified,True,43.66555555555556,2025-01-21 00:00:00-05:00,False,2025-01-20 03:00:00-05:00,166.33,2025-01-20 00:00:00-05:00,True,8.01,0.0,195.32,1267.8724,2025-01-21 03:45:00,FM-15,-15.0,-20.0,66.0,2.6,False,False,False,False
208.45,1188,4,1,False,176.73,172.60708333333335,2025-01-21 04:00:00-05:00,2025-01-21 09:00:00+00:00,2025-01-21 04:00:00-05:00,61758,HUD VL,EST,HUD VL,61758,USW00014714,NYISO,HUD VL,actual_integrated,2025-01-19 07:20:04-05:00,2025-01-20 05:00:00-05:00,21.665555555555557,20250101isolf_csv.zip,20250120isolf.csv,zip_entry_last_modified,True,44.66555555555556,2025-01-21 00:00:00-05:00,False,2025-01-20 04:00:00-05:00,176.73,2025-01-20 00:00:00-05:00,True,8.21,0.0,200.24,1283.6993,2025-01-21 04:45:00,FM-15,-15.0,-20.0,66.0,3.6,False,False,False,False
217.76,1242,5,1,False,199.22,175.43791666666667,2025-01-21 05:00:00-05:00,2025-01-21 10:00:00+00:00,2025-01-21 05:00:00-05:00,61758,HUD VL,EST,HUD VL,61758,USW00014714,NYISO,HUD VL,actual_integrated,2025-01-19 07:20:04-05:00,2025-01-20 05:00:00-05:00,21.665555555555557,20250101isolf_csv.zip,20250120isolf.csv,zip_entry_last_modified,True,45.66555555555556,2025-01-21 00:00:00-05:00,False,2025-01-20 05:00:00-05:00,199.22,2025-01-20 00:00:00-05:00,True,8.38,0.0,209.38,1343.7979,2025-01-21 05:45:00,FM-15,-16.0,-20.0,72.0,2.6,False,False,False,False
266.3,1319,6,1,False,239.47,179.54250000000002,2025-01-21 06:00:00-05:00,2025-01-21 11:00:00+00:00,2025-01-21 06:00:00-05:00,61758,HUD VL,EST,HUD VL,61758,USW00014714,NYISO,HUD VL,actual_integrated,2025-01-19 07:20:04-05:00,2025-01-20 05:00:00-05:00,21.665555555555557,20250101isolf_csv.zip,20250120isolf.csv,zip_entry_last_modified,True,46.66555555555556,2025-01-21 00:00:00-05:00,False,2025-01-20 06:00:00-05:00,239.47,2025-01-20 00:00:00-05:00,True,10.73,0.0,255.57,1449.9246,2025-01-21 06:45:00,FM-15,-16.0,-21.0,66.0,3.1,False,False,False,False
313.41,1371,7,1,False,262.65,184.52374999999998,2025-01-21 07:00:00-05:00,2025-01-21 12:00:00+00:00,2025-01-21 07:00:00-05:00,61758,HUD VL,EST,HUD VL,61758,USW00014714,NYISO,HUD VL,actual_integrated,2025-01-19 07:20:04-05:00,2025-01-20 05:00:00-05:00,21.665555555555557,20250101isolf_csv.zip,20250120isolf.csv,zip_entry_last_modified,True,47.66555555555556,2025-01-21 00:00:00-05:00,False,2025-01-20 07:00:00-05:00,262.65,2025-01-20 00:00:00-05:00,True,14.07,0.0,299.34000000000003,1525.8057,2025-01-21 07:45:00,FM-15,-16.0,-21.0,66.0,4.1,False,False,False,False
274.78,1355,8,1,False,235.62,188.47833333333332,2025-01-21 08:00:00-05:00,2025-01-21 13:00:00+00:00,2025-01-21 08:00:00-05:00,61758,HUD VL,EST,HUD VL,61758,USW00014714,NYISO,HUD VL,actual_integrated,2025-01-19 07:20:04-05:00,2025-01-20 05:00:00-05:00,21.665555555555557,20250101isolf_csv.zip,20250120isolf.csv,zip_entry_last_modified,True,48.66555555555556,2025-01-21 00:00:00-05:00,False,2025-01-20 08:00:00-05:00,235.62,2025-01-20 00:00:00-05:00,True,12.58,0.0,262.2,1554.6402,2025-01-21 08:45:00,FM-15,-14.0,-20.0,61.0,3.1,False,False,False,False
260.76,1294,9,1,False,241.31,192.28875000000002,2025-01-21 09:00:00-05:00,2025-01-21 14:00:00+00:00,2025-01-21 09:00:00-05:00,61758,HUD VL,EST,HUD VL,61758,USW00014714,NYISO,HUD VL,actual_integrated,2025-01-19 07:20:04-05:00,2025-01-20 05:00:00-05:00,21.665555555555557,20250101isolf_csv.zip,20250120isolf.csv,zip_entry_last_modified,True,49.66555555555556,2025-01-21 00:00:00-05:00,False,2025-01-20 09:00:00-05:00,241.31,2025-01-20 00:00:00-05:00,True,12.41,0.0,248.35,1552.8193,2025-01-21 09:45:00,FM-15,-13.0,-20.0,56.0,5.1,False,False,False,False
247.35,1254,10,1,False,220.2,194.46833333333333,2025-01-21 10:00:00-05:00,2025-01-21 15:00:00+00:00,2025-01-21 10:00:00-05:00,61758,HUD VL,EST,HUD VL,61758,USW00014714,NYISO,HUD VL,actual_integrated,2025-01-19 07:20:04-05:00,2025-01-20 05:00:00-05:00,21.665555555555557,20250101isolf_csv.zip,20250120isolf.csv,zip_entry_last_modified,True,50.66555555555556,2025-01-21 00:00:00-05:00,False,2025-01-20 10:00:00-05:00,220.2,2025-01-20 00:00:00-05:00,True,12.44,0.0,234.91,1537.8571,2025-01-21 10:45:00,FM-15,-12.0,-19.0,56.0,3.1,False,False,False,False
234.69,1249,11,1,False,218.23,196.94833333333335,2025-01-21 11:00:00-05:00,2025-01-21 16:00:00+00:00,2025-01-21 11:00:00-05:00,61758,HUD VL,EST,HUD VL,61758,USW00014714,NYISO,HUD VL,actual_integrated,2025-01-19 07:20:04-05:00,2025-01-20 05:00:00-05:00,21.665555555555557,20250101isolf_csv.zip,20250120isolf.csv,zip_entry_last_modified,True,51.66555555555556,2025-01-21 00:00:00-05:00,False,2025-01-20 11:00:00-05:00,218.23,2025-01-20 00:00:00-05:00,True,11.8,0.0,222.89,1514.7654,2025-01-21 11:45:00,FM-15,-11.0,-19.0,52.0,2.6,False,False,False,False
230.0,1268,12,1,False,218.62,199.57208333333332,2025-01-21 12:00:00-05:00,2025-01-21 17:00:00+00:00,2025-01-21 12:00:00-05:00,61758,HUD VL,EST,HUD VL,61758,USW00014714,NYISO,HUD VL,actual_integrated,2025-01-19 07:20:04-05:00,2025-01-20 05:00:00-05:00,21.665555555555557,20250101isolf_csv.zip,20250120isolf.csv,zip_entry_last_modified,True,52.66555555555556,2025-01-21 00:00:00-05:00,False,2025-01-20 12:00:00-05:00,218.62,2025-01-20 00:00:00-05:00,True,11.57,0.0,218.43,1480.682,2025-01-21 12:45:00,FM-15,-10.0,-19.0,48.0,3.1,False,False,False,False
235.88,1289,13,1,False,219.65,202.20000000000002,2025-01-21 13:00:00-05:00,2025-01-21 18:00:00+00:00,2025-01-21 13:00:00-05:00,61758,HUD VL,EST,HUD VL,61758,USW00014714,NYISO,HUD VL,actual_integrated,2025-01-19 07:20:04-05:00,2025-01-20 05:00:00-05:00,21.665555555555557,20250101isolf_csv.zip,20250120isolf.csv,zip_entry_last_modified,True,53.66555555555556,2025-01-21 00:00:00-05:00,False,2025-01-20 13:00:00-05:00,219.65,2025-01-20 00:00:00-05:00,True,12.08,0.0,223.8,1475.718,2025-01-21 13:45:00,FM-15,-9.0,-19.0,45.0,0.0,False,False,False,False
244.74,1322,14,1,False,228.92,205.04916666666668,2025-01-21 14:00:00-05:00,2025-01-21 19:00:00+00:00,2025-01-21 14:00:00-05:00,61758,HUD VL,EST,HUD VL,61758,USW00014714,NYISO,HUD VL,actual_integrated,2025-01-19 07:20:04-05:00,2025-01-20 05:00:00-05:00,21.665555555555557,20250101isolf_csv.zip,20250120isolf.csv,zip_entry_last_modified,True,54.66555555555556,2025-01-21 00:00:00-05:00,False,2025-01-20 14:00:00-05:00,228.92,2025-01-20 00:00:00-05:00,True,12.31,0.0,232.43,1494.3733,2025-01-21 14:45:00,FM-15,-9.0,-20.0,41.0,2.1,False,False,False,False
258.52,1381,15,1,False,234.52,207.51541666666665,2025-01-21 15:00:00-05:00,2025-01-21 20:00:00+00:00,2025-01-21 15:00:00-05:00,61758,HUD VL,EST,HUD VL,61758,USW00014714,NYISO,HUD VL,actual_integrated,2025-01-19 07:20:04-05:00,2025-01-20 05:00:00-05:00,21.665555555555557,20250101isolf_csv.zip,20250120isolf.csv,zip_entry_last_modified,True,55.66555555555556,2025-01-21 00:00:00-05:00,False,2025-01-20 15:00:00-05:00,234.52,2025-01-20 00:00:00-05:00,True,12.54,0.0,245.98,1512.0331,2025-01-21 15:45:00,FM-15,-9.0,-20.0,41.0,3.6,False,False,False,False
271.41,1458,16,1,False,252.91,210.0233333333333,2025-01-21 16:00:00-05:00,2025-01-21 21:00:00+00:00,2025-01-21 16:00:00-05:00,61758,HUD VL,EST,HUD VL,61758,USW00014714,NYISO,HUD VL,actual_integrated,2025-01-19 07:20:04-05:00,2025-01-20 05:00:00-05:00,21.665555555555557,20250101isolf_csv.zip,20250120isolf.csv,zip_entry_last_modified,True,56.66555555555556,2025-01-21 00:00:00-05:00,False,2025-01-20 16:00:00-05:00,252.91,2025-01-20 00:00:00-05:00,True,12.43,0.0,258.98,1549.5291,2025-01-21 16:45:00,FM-15,-10.0,-20.0,44.0,3.1,False,False,False,False
338.56,1537,17,1,False,308.91,212.71958333333336,2025-01-21 17:00:00-05:00,2025-01-21 22:00:00+00:00,2025-01-21 17:00:00-05:00,61758,HUD VL,EST,HUD VL,61758,USW00014714,NYISO,HUD VL,actual_integrated,2025-01-19 07:20:04-05:00,2025-01-20 05:00:00-05:00,21.665555555555557,20250101isolf_csv.zip,20250120isolf.csv,zip_entry_last_modified,True,57.66555555555556,2025-01-21 00:00:00-05:00,False,2025-01-20 17:00:00-05:00,308.91,2025-01-20 00:00:00-05:00,True,15.6,-4.5,327.46,1625.5212,2025-01-21 17:45:00,FM-15,-11.0,-20.0,48.0,3.1,False,False,False,False
328.71,1547,18,1,False,295.19,215.60916666666665,2025-01-21 18:00:00-05:00,2025-01-21 23:00:00+00:00,2025-01-21 18:00:00-05:00,61758,HUD VL,EST,HUD VL,61758,USW00014714,NYISO,HUD VL,actual_integrated,2025-01-19 07:20:04-05:00,2025-01-20 05:00:00-05:00,21.665555555555557,20250101isolf_csv.zip,20250120isolf.csv,zip_entry_last_modified,True,58.66555555555556,2025-01-21 00:00:00-05:00,False,2025-01-20 18:00:00-05:00,295.19,2025-01-20 00:00:00-05:00,True,14.52,-5.43,319.62,1627.3799,2025-01-21 18:45:00,FM-15,-11.0,-20.0,48.0,2.6,False,False,False,False
295.31,1520,19,1,False,272.36,217.71791666666664,2025-01-21 19:00:00-05:00,2025-01-22 00:00:00+00:00,2025-01-21 19:00:00-05:00,61758,HUD VL,EST,HUD VL,61758,USW00014714,NYISO,HUD VL,actual_integrated,2025-01-19 07:20:04-05:00,2025-01-20 05:00:00-05:00,21.665555555555557,20250101isolf_csv.zip,20250120isolf.csv,zip_entry_last_modified,True,59.66555555555556,2025-01-21 00:00:00-05:00,False,2025-01-20 19:00:00-05:00,272.36,2025-01-20 00:00:00-05:00,True,13.96,-2.08,283.43,1602.7341,2025-01-21 19:45:00,FM-15,-11.0,-19.0,52.0,2.1,False,False,False,False
263.66,1487,20,1,False,252.45,220.16874999999996,2025-01-21 20:00:00-05:00,2025-01-22 01:00:00+00:00,2025-01-21 20:00:00-05:00,61758,HUD VL,EST,HUD VL,61758,USW00014714,NYISO,HUD VL,actual_integrated,2025-01-19 07:20:04-05:00,2025-01-20 05:00:00-05:00,21.665555555555557,20250101isolf_csv.zip,20250120isolf.csv,zip_entry_last_modified,True,60.66555555555556,2025-01-21 00:00:00-05:00,False,2025-01-20 20:00:00-05:00,252.45,2025-01-20 00:00:00-05:00,True,12.55,0.02,251.09,1567.64,2025-01-21 20:45:00,FM-15,-12.0,-19.0,56.0,2.1,False,False,False,False
251.4,1439,21,1,False,232.16,222.78166666666667,2025-01-21 21:00:00-05:00,2025-01-22 02:00:00+00:00,2025-01-21 21:00:00-05:00,61758,HUD VL,EST,HUD VL,61758,USW00014714,NYISO,HUD VL,actual_integrated,2025-01-19 07:20:04-05:00,2025-01-20 05:00:00-05:00,21.665555555555557,20250101isolf_csv.zip,20250120isolf.csv,zip_entry_last_modified,True,61.66555555555556,2025-01-21 00:00:00-05:00,False,2025-01-20 21:00:00-05:00,232.16,2025-01-20 00:00:00-05:00,True,11.51,0.0,239.89,1515.3188,2025-01-21 21:45:00,FM-15,-14.0,-20.0,61.0,2.6,False,False,False,False
238.86,1365,22,1,False,232.15,225.13708333333332,2025-01-21 22:00:00-05:00,2025-01-22 03:00:00+00:00,2025-01-21 22:00:00-05:00,61758,HUD VL,EST,HUD VL,61758,USW00014714,NYISO,HUD VL,actual_integrated,2025-01-19 07:20:04-05:00,2025-01-20 05:00:00-05:00,21.665555555555557,20250101isolf_csv.zip,20250120isolf.csv,zip_entry_last_modified,True,62.66555555555556,2025-01-21 00:00:00-05:00,False,2025-01-20 22:00:00-05:00,232.15,2025-01-20 00:00:00-05:00,True,10.29,0.0,228.57,1449.7195,2025-01-21 22:45:00,FM-15,-15.0,-20.0,66.0,2.6,False,False,False,False
234.53,1298,23,1,False,219.88,227.13583333333335,2025-01-21 23:00:00-05:00,2025-01-22 04:00:00+00:00,2025-01-21 23:00:00-05:00,61758,HUD VL,EST,HUD VL,61758,USW00014714,NYISO,HUD VL,actual_integrated,2025-01-19 07:20:04-05:00,2025-01-20 05:00:00-05:00,21.665555555555557,20250101isolf_csv.zip,20250120isolf.csv,zip_entry_last_modified,True,63.66555555555556,2025-01-21 00:00:00-05:00,False,2025-01-20 23:00:00-05:00,219.88,2025-01-20 00:00:00-05:00,True,9.24,0.0,225.29,1391.4648,2025-01-21 23:45:00,FM-15,-16.0,-21.0,66.0,2.6,False,False,False,False
212.34,1243,0,2,False,212.14,228.27750000000003,2025-01-22 00:00:00-05:00,2025-01-22 05:00:00+00:00,2025-01-22 00:00:00-05:00,61758,HUD VL,EST,HUD VL,61758,USW00014714,NYISO,HUD VL,actual_integrated,2025-01-20 07:30:04-05:00,2025-01-21 05:00:00-05:00,21.49888888888889,20250101isolf_csv.zip,20250121isolf.csv,zip_entry_last_modified,True,40.49888888888889,2025-01-22 00:00:00-05:00,False,2025-01-21 00:00:00-05:00,212.14,2025-01-21 00:00:00-05:00,True,8.56,0.0,203.78,1354.0618,2025-01-22 00:45:00,FM-15,-16.0,-21.0,66.0,3.6,False,False,False,False
208.15,1225,1,2,False,194.51,229.18666666666664,2025-01-22 01:00:00-05:00,2025-01-22 06:00:00+00:00,2025-01-22 01:00:00-05:00,61758,HUD VL,EST,HUD VL,61758,USW00014714,NYISO,HUD VL,actual_integrated,2025-01-20 07:30:04-05:00,2025-01-21 05:00:00-05:00,21.49888888888889,20250101isolf_csv.zip,20250121isolf.csv,zip_entry_last_modified,True,41.49888888888889,2025-01-22 00:00:00-05:00,False,2025-01-21 01:00:00-05:00,194.51,2025-01-21 00:00:00-05:00,True,8.97,0.0,199.18,1328.565,2025-01-22 01:45:00,FM-15,-18.0,-21.0,78.0,2.6,False,False,False,False
203.45,1220,2,2,False,205.41,230.81416666666664,2025-01-22 02:00:00-05:00,2025-01-22 07:00:00+00:00,2025-01-22 02:00:00-05:00,61758,HUD VL,EST,HUD VL,61758,USW00014714,NYISO,HUD VL,actual_integrated,2025-01-20 07:30:04-05:00,2025-01-21 05:00:00-05:00,21.49888888888889,20250101isolf_csv.zip,20250121isolf.csv,zip_entry_last_modified,True,42.49888888888889,2025-01-22 00:00:00-05:00,False,2025-01-21 02:00:00-05:00,205.41,2025-01-21 00:00:00-05:00,True,8.38,0.0,195.07,1322.6212,2025-01-22 02:45:00,FM-15,-18.0,-21.0,78.0,2.6,False,False,False,False
202.76,1222,3,2,False,203.33,232.35583333333332,2025-01-22 03:00:00-05:00,2025-01-22 08:00:00+00:00,2025-01-22 03:00:00-05:00,61758,HUD VL,EST,HUD VL,61758,USW00014714,NYISO,HUD VL,actual_integrated,2025-01-20 07:30:04-05:00,2025-01-21 05:00:00-05:00,21.49888888888889,20250101isolf_csv.zip,20250121isolf.csv,zip_entry_last_modified,True,43.49888888888889,2025-01-22 00:00:00-05:00,False,2025-01-21 03:00:00-05:00,203.33,2025-01-21 00:00:00-05:00,True,8.74,0.0,194.02,1328.1795,2025-01-22 03:45:00,FM-15,-20.0,-22.0,84.0,0.0,False,False,False,False
215.69,1238,4,2,False,208.45,233.6775,2025-01-22 04:00:00-05:00,2025-01-22 09:00:00+00:00,2025-01-22 04:00:00-05:00,61758,HUD VL,EST,HUD VL,61758,USW00014714,NYISO,HUD VL,actual_integrated,2025-01-20 07:30:04-05:00,2025-01-21 05:00:00-05:00,21.49888888888889,20250101isolf_csv.zip,20250121isolf.csv,zip_entry_last_modified,True,44.49888888888889,2025-01-22 00:00:00-05:00,False,2025-01-21 04:00:00-05:00,208.45,2025-01-21 00:00:00-05:00,True,8.5,0.0,207.19,1347.3264,2025-01-22 04:45:00,FM-15,-21.0,-24.0,77.0,2.1,False,False,False,False
225.39,1288,5,2,False,217.76,234.44999999999996,2025-01-22 05:00:00-05:00,2025-01-22 10:00:00+00:00,2025-01-22 05:00:00-05:00,61758,HUD VL,EST,HUD VL,61758,USW00014714,NYISO,HUD VL,actual_integrated,2025-01-20 07:30:04-05:00,2025-01-21 05:00:00-05:00,21.49888888888889,20250101isolf_csv.zip,20250121isolf.csv,zip_entry_last_modified,True,45.49888888888889,2025-01-22 00:00:00-05:00,False,2025-01-21 05:00:00-05:00,217.76,2025-01-21 00:00:00-05:00,True,9.08,0.0,216.31,1404.6371,2025-01-22 05:45:00,FM-15,-19.0,-23.0,71.0,3.6,False,False,False,False
294.21,1364,6,2,False,266.3,235.56791666666666,2025-01-22 06:00:00-05:00,2025-01-22 11:00:00+00:00,2025-01-22 06:00:00-05:00,61758,HUD VL,EST,HUD VL,61758,USW00014714,NYISO,HUD VL,actual_integrated,2025-01-20 07:30:04-05:00,2025-01-21 05:00:00-05:00,21.49888888888889,20250101isolf_csv.zip,20250121isolf.csv,zip_entry_last_modified,True,46.49888888888889,2025-01-22 00:00:00-05:00,False,2025-01-21 06:00:00-05:00,266.3,2025-01-21 00:00:00-05:00,True,11.86,0.0,282.35,1507.991,2025-01-22 06:45:00,FM-15,-18.0,-21.0,78.0,0.0,False,False,False,False
315.4,1419,7,2,False,313.41,237.68291666666664,2025-01-22 07:00:00-05:00,2025-01-22 12:00:00+00:00,2025-01-22 07:00:00-05:00,61758,HUD VL,EST,HUD VL,61758,USW00014714,NYISO,HUD VL,actual_integrated,2025-01-20 07:30:04-05:00,2025-01-21 05:00:00-05:00,21.49888888888889,20250101isolf_csv.zip,20250121isolf.csv,zip_entry_last_modified,True,47.49888888888889,2025-01-22 00:00:00-05:00,False,2025-01-21 07:00:00-05:00,313.41,2025-01-21 00:00:00-05:00,True,13.88,0.0,301.52,1587.2825,2025-01-22 07:45:00,FM-15,-21.0,-23.0,84.0,0.0,False,False,False,False
288.94,1413,8,2,False,274.78,239.31458333333333,2025-01-22 08:00:00-05:00,2025-01-22 13:00:00+00:00,2025-01-22 08:00:00-05:00,61758,HUD VL,EST,HUD VL,61758,USW00014714,NYISO,HUD VL,actual_integrated,2025-01-20 07:30:04-05:00,2025-01-21 05:00:00-05:00,21.49888888888889,20250101isolf_csv.zip,20250121isolf.csv,zip_entry_last_modified,True,48.49888888888889,2025-01-22 00:00:00-05:00,False,2025-01-21 08:00:00-05:00,274.78,2025-01-21 00:00:00-05:00,True,13.49,0.0,275.45,1608.6492,2025-01-22 08:45:00,FM-15,-18.0,-21.0,78.0,4.1,False,False,False,False
259.58,1338,9,2,False,260.76,240.125,2025-01-22 09:00:00-05:00,2025-01-22 14:00:00+00:00,2025-01-22 09:00:00-05:00,61758,HUD VL,EST,HUD VL,61758,USW00014714,NYISO,HUD VL,actual_integrated,2025-01-20 07:30:04-05:00,2025-01-21 05:00:00-05:00,21.49888888888889,20250101isolf_csv.zip,20250121isolf.csv,zip_entry_last_modified,True,49.49888888888889,2025-01-22 00:00:00-05:00,False,2025-01-21 09:00:00-05:00,260.76,2025-01-21 00:00:00-05:00,True,13.06,0.0,246.52,1586.6508,2025-01-22 09:45:00,FM-15,-14.0,-20.0,61.0,0.0,False,False,False,False
233.03,1267,10,2,False,247.35,241.25625,2025-01-22 10:00:00-05:00,2025-01-22 15:00:00+00:00,2025-01-22 10:00:00-05:00,61758,HUD VL,EST,HUD VL,61758,USW00014714,NYISO,HUD VL,actual_integrated,2025-01-20 07:30:04-05:00,2025-01-21 05:00:00-05:00,21.49888888888889,20250101isolf_csv.zip,20250121isolf.csv,zip_entry_last_modified,True,50.49888888888889,2025-01-22 00:00:00-05:00,False,2025-01-21 10:00:00-05:00,247.35,2025-01-21 00:00:00-05:00,True,12.77,0.0,220.26,1560.4439,2025-01-22 10:45:00,FM-15,-13.0,-20.0,56.0,0.0,False,False,False,False
219.93,1229,11,2,False,234.69,241.94208333333336,2025-01-22 11:00:00-05:00,2025-01-22 16:00:00+00:00,2025-01-22 11:00:00-05:00,61758,HUD VL,EST,HUD VL,61758,USW00014714,NYISO,HUD VL,actual_integrated,2025-01-20 07:30:04-05:00,2025-01-21 05:00:00-05:00,21.49888888888889,20250101isolf_csv.zip,20250121isolf.csv,zip_entry_last_modified,True,51.49888888888889,2025-01-22 00:00:00-05:00,False,2025-01-21 11:00:00-05:00,234.69,2025-01-21 00:00:00-05:00,True,11.46,0.0,208.47,1537.1521,2025-01-22 11:45:00,FM-15,-10.0,-19.0,48.0,0.0,False,False,False,False
216.79,1222,12,2,False,230.0,242.41625000000002,2025-01-22 12:00:00-05:00,2025-01-22 17:00:00+00:00,2025-01-22 12:00:00-05:00,61758,HUD VL,EST,HUD VL,61758,USW00014714,NYISO,HUD VL,actual_integrated,2025-01-20 07:30:04-05:00,2025-01-21 05:00:00-05:00,21.49888888888889,20250101isolf_csv.zip,20250121isolf.csv,zip_entry_last_modified,True,52.49888888888889,2025-01-22 00:00:00-05:00,False,2025-01-21 12:00:00-05:00,230.0,2025-01-21 00:00:00-05:00,True,11.1,0.0,205.69,1504.0574,2025-01-22 12:45:00,FM-15,-10.0,-19.0,48.0,1.5,False,False,False,False
217.11,1223,13,2,False,235.88,243.09249999999997,2025-01-22 13:00:00-05:00,2025-01-22 18:00:00+00:00,2025-01-22 13:00:00-05:00,61758,HUD VL,EST,HUD VL,61758,USW00014714,NYISO,HUD VL,actual_integrated,2025-01-20 07:30:04-05:00,2025-01-21 05:00:00-05:00,21.49888888888889,20250101isolf_csv.zip,20250121isolf.csv,zip_entry_last_modified,True,53.49888888888889,2025-01-22 00:00:00-05:00,False,2025-01-21 13:00:00-05:00,235.88,2025-01-21 00:00:00-05:00,True,11.12,0.0,205.99,1474.8036,2025-01-22 13:45:00,FM-15,-9.0,-20.0,41.0,0.0,False,False,False,False
219.88,1259,14,2,False,244.74,243.75166666666667,2025-01-22 14:00:00-05:00,2025-01-22 19:00:00+00:00,2025-01-22 14:00:00-05:00,61758,HUD VL,EST,HUD VL,61758,USW00014714,NYISO,HUD VL,actual_integrated,2025-01-20 07:30:04-05:00,2025-01-21 05:00:00-05:00,21.49888888888889,20250101isolf_csv.zip,20250121isolf.csv,zip_entry_last_modified,True,54.49888888888889,2025-01-22 00:00:00-05:00,False,2025-01-21 14:00:00-05:00,244.74,2025-01-21 00:00:00-05:00,True,11.26,0.0,208.62,1468.5298,2025-01-22 14:45:00,FM-15,-8.0,-19.0,41.0,0.0,False,False,False,False
243.49,1338,15,2,False,258.52,244.75166666666667,2025-01-22 15:00:00-05:00,2025-01-22 20:00:00+00:00,2025-01-22 15:00:00-05:00,61758,HUD VL,EST,HUD VL,61758,USW00014714,NYISO,HUD VL,actual_integrated,2025-01-20 07:30:04-05:00,2025-01-21 05:00:00-05:00,21.49888888888889,20250101isolf_csv.zip,20250121isolf.csv,zip_entry_last_modified,True,55.49888888888889,2025-01-22 00:00:00-05:00,False,2025-01-21 15:00:00-05:00,258.52,2025-01-21 00:00:00-05:00,True,13.78,0.0,229.71,1485.6467,2025-01-22 15:55:00,FM-15,-8.0,-19.0,41.0,0.0,False,False,False,False
257.4,1428,16,2,False,271.41,245.5225,2025-01-22 16:00:00-05:00,2025-01-22 21:00:00+00:00,2025-01-22 16:00:00-05:00,61758,HUD VL,EST,HUD VL,61758,USW00014714,NYISO,HUD VL,actual_integrated,2025-01-20 07:30:04-05:00,2025-01-21 05:00:00-05:00,21.49888888888889,20250101isolf_csv.zip,20250121isolf.csv,zip_entry_last_modified,True,56.49888888888889,2025-01-22 00:00:00-05:00,False,2025-01-21 16:00:00-05:00,271.41,2025-01-21 00:00:00-05:00,True,14.11,0.0,243.29,1512.3935,2025-01-22 16:45:00,FM-15,-10.0,-20.0,44.0,0.0,False,False,False,False
311.47,1523,17,2,False,338.56,246.75791666666666,2025-01-22 17:00:00-05:00,2025-01-22 22:00:00+00:00,2025-01-22 17:00:00-05:00,61758,HUD VL,EST,HUD VL,61758,USW00014714,NYISO,HUD VL,actual_integrated,2025-01-20 07:30:04-05:00,2025-01-21 05:00:00-05:00,21.49888888888889,20250101isolf_csv.zip,20250121isolf.csv,zip_entry_last_modified,True,57.49888888888889,2025-01-22 00:00:00-05:00,False,2025-01-21 17:00:00-05:00,338.56,2025-01-21 00:00:00-05:00,True,17.07,-0.05,294.45000000000005,1615.2704,2025-01-22 17:45:00,FM-15,-10.0,-20.0,44.0,0.0,False,False,False,False
302.09,1536,18,2,False,328.71,248.15458333333333,2025-01-22 18:00:00-05:00,2025-01-22 23:00:00+00:00,2025-01-22 18:00:00-05:00,61758,HUD VL,EST,HUD VL,61758,USW00014714,NYISO,HUD VL,actual_integrated,2025-01-20 07:30:04-05:00,2025-01-21 05:00:00-05:00,21.49888888888889,20250101isolf_csv.zip,20250121isolf.csv,zip_entry_last_modified,True,58.49888888888889,2025-01-22 00:00:00-05:00,False,2025-01-21 18:00:00-05:00,328.71,2025-01-21 00:00:00-05:00,True,16.23,-0.98,286.84,1646.4478,2025-01-22 18:45:00,FM-15,-10.0,-20.0,44.0,0.0,False,False,False,False
274.4,1508,19,2,False,295.31,249.11083333333332,2025-01-22 19:00:00-05:00,2025-01-23 00:00:00+00:00,2025-01-22 19:00:00-05:00,61758,HUD VL,EST,HUD VL,61758,USW00014714,NYISO,HUD VL,actual_integrated,2025-01-20 07:30:04-05:00,2025-01-21 05:00:00-05:00,21.49888888888889,20250101isolf_csv.zip,20250121isolf.csv,zip_entry_last_modified,True,59.49888888888889,2025-01-22 00:00:00-05:00,False,2025-01-21 19:00:00-05:00,295.31,2025-01-21 00:00:00-05:00,True,15.04,0.0,259.36,1621.2994,2025-01-22 19:45:00,FM-15,-11.0,-18.0,57.0,0.0,False,False,False,False
257.3,1477,20,2,False,263.66,249.57791666666665,2025-01-22 20:00:00-05:00,2025-01-23 01:00:00+00:00,2025-01-22 20:00:00-05:00,61758,HUD VL,EST,HUD VL,61758,USW00014714,NYISO,HUD VL,actual_integrated,2025-01-20 07:30:04-05:00,2025-01-21 05:00:00-05:00,21.49888888888889,20250101isolf_csv.zip,20250121isolf.csv,zip_entry_last_modified,True,60.49888888888889,2025-01-22 00:00:00-05:00,False,2025-01-21 20:00:00-05:00,263.66,2025-01-21 00:00:00-05:00,True,13.87,0.0,243.43,1574.0581,2025-01-22 20:45:00,FM-15,-11.0,-18.0,57.0,0.0,False,False,False,False
239.27,1432,21,2,False,251.4,250.37958333333333,2025-01-22 21:00:00-05:00,2025-01-23 02:00:00+00:00,2025-01-22 21:00:00-05:00,61758,HUD VL,EST,HUD VL,61758,USW00014714,NYISO,HUD VL,actual_integrated,2025-01-20 07:30:04-05:00,2025-01-21 05:00:00-05:00,21.49888888888889,20250101isolf_csv.zip,20250121isolf.csv,zip_entry_last_modified,True,61.49888888888889,2025-01-22 00:00:00-05:00,False,2025-01-21 21:00:00-05:00,251.4,2025-01-21 00:00:00-05:00,True,12.25,0.0,227.02,1520.7868,2025-01-22 21:45:00,FM-15,-11.0,-18.0,57.0,0.0,False,False,False,False
225.54,1359,22,2,False,238.86,250.65916666666666,2025-01-22 22:00:00-05:00,2025-01-23 03:00:00+00:00,2025-01-22 22:00:00-05:00,61758,HUD VL,EST,HUD VL,61758,USW00014714,NYISO,HUD VL,actual_integrated,2025-01-20 07:30:04-05:00,2025-01-21 05:00:00-05:00,21.49888888888889,20250101isolf_csv.zip,20250121isolf.csv,zip_entry_last_modified,True,62.49888888888889,2025-01-22 00:00:00-05:00,False,2025-01-21 22:00:00-05:00,238.86,2025-01-21 00:00:00-05:00,True,10.74,0.0,214.8,1448.0866,2025-01-22 22:45:00,FM-15,-14.0,-18.0,72.0,0.0,False,False,False,False
217.61,1291,23,2,False,234.53,251.26958333333334,2025-01-22 23:00:00-05:00,2025-01-23 04:00:00+00:00,2025-01-22 23:00:00-05:00,61758,HUD VL,EST,HUD VL,61758,USW00014714,NYISO,HUD VL,actual_integrated,2025-01-20 07:30:04-05:00,2025-01-21 05:00:00-05:00,21.49888888888889,20250101isolf_csv.zip,20250121isolf.csv,zip_entry_last_modified,True,63.49888888888889,2025-01-22 00:00:00-05:00,False,2025-01-21 23:00:00-05:00,234.53,2025-01-21 00:00:00-05:00,True,9.38,0.0,208.23,1375.7115,2025-01-22 23:45:00,FM-15,-11.0,-20.0,48.0,0.0,False,False,False,False
172.0,1233,0,3,False,212.34,251.27791666666664,2025-01-23 00:00:00-05:00,2025-01-23 05:00:00+00:00,2025-01-23 00:00:00-05:00,61758,HUD VL,EST,HUD VL,61758,USW00014714,NYISO,HUD VL,actual_integrated,2025-01-21 07:05:04-05:00,2025-01-22 05:00:00-05:00,21.915555555555557,20250101isolf_csv.zip,20250122isolf.csv,zip_entry_last_modified,True,40.91555555555556,2025-01-23 00:00:00-05:00,False,2025-01-22 00:00:00-05:00,212.34,2025-01-22 00:00:00-05:00,True,9.74,0.0,162.26,1332.0811,2025-01-23 00:45:00,FM-15,-10.0,-20.0,44.0,0.0,False,False,False,False
165.44,1208,1,3,False,208.15,251.84625000000003,2025-01-23 01:00:00-05:00,2025-01-23 06:00:00+00:00,2025-01-23 01:00:00-05:00,61758,HUD VL,EST,HUD VL,61758,USW00014714,NYISO,HUD VL,actual_integrated,2025-01-21 07:05:04-05:00,2025-01-22 05:00:00-05:00,21.915555555555557,20250101isolf_csv.zip,20250122isolf.csv,zip_entry_last_modified,True,41.91555555555556,2025-01-23 00:00:00-05:00,False,2025-01-22 01:00:00-05:00,208.15,2025-01-22 00:00:00-05:00,True,9.51,0.0,155.93,1312.5431,2025-01-23 01:45:00,FM-15,-10.0,-20.0,44.0,0.0,False,False,False,False
162.98,1199,2,3,False,203.45,251.76458333333335,2025-01-23 02:00:00-05:00,2025-01-23 07:00:00+00:00,2025-01-23 02:00:00-05:00,61758,HUD VL,EST,HUD VL,61758,USW00014714,NYISO,HUD VL,actual_integrated,2025-01-21 07:05:04-05:00,2025-01-22 05:00:00-05:00,21.915555555555557,20250101isolf_csv.zip,20250122isolf.csv,zip_entry_last_modified,True,42.91555555555556,2025-01-23 00:00:00-05:00,False,2025-01-22 02:00:00-05:00,203.45,2025-01-22 00:00:00-05:00,True,9.52,0.0,153.45999999999998,1303.9005,2025-01-23 02:45:00,FM-15,-9.0,-20.0,41.0,0.0,False,False,False,False
161.05,1198,3,3,False,202.76,251.7408333333333,2025-01-23 03:00:00-05:00,2025-01-23 08:00:00+00:00,2025-01-23 03:00:00-05:00,61758,HUD VL,EST,HUD VL,61758,USW00014714,NYISO,HUD VL,actual_integrated,2025-01-21 07:05:04-05:00,2025-01-22 05:00:00-05:00,21.915555555555557,20250101isolf_csv.zip,20250122isolf.csv,zip_entry_last_modified,True,43.91555555555556,2025-01-23 00:00:00-05:00,False,2025-01-22 03:00:00-05:00,202.76,2025-01-22 00:00:00-05:00,True,9.12,0.0,151.93,1294.5391,2025-01-23 03:45:00,FM-15,-9.0,-20.0,41.0,0.0,False,False,False,False
165.35,1209,4,3,False,215.69,252.0425,2025-01-23 04:00:00-05:00,2025-01-23 09:00:00+00:00,2025-01-23 04:00:00-05:00,61758,HUD VL,EST,HUD VL,61758,USW00014714,NYISO,HUD VL,actual_integrated,2025-01-21 07:05:04-05:00,2025-01-22 05:00:00-05:00,21.915555555555557,20250101isolf_csv.zip,20250122isolf.csv,zip_entry_last_modified,True,44.91555555555556,2025-01-23 00:00:00-05:00,False,2025-01-22 04:00:00-05:00,215.69,2025-01-22 00:00:00-05:00,True,9.21,0.0,156.14,1299.9435,2025-01-23 04:45:00,FM-15,-12.0,-18.0,61.0,5.1,False,False,False,False
172.67,1257,5,3,False,225.39,252.36041666666668,2025-01-23 05:00:00-05:00,2025-01-23 10:00:00+00:00,2025-01-23 05:00:00-05:00,61758,HUD VL,EST,HUD VL,61758,USW00014714,NYISO,HUD VL,actual_integrated,2025-01-21 07:05:04-05:00,2025-01-22 05:00:00-05:00,21.915555555555557,20250101isolf_csv.zip,20250122isolf.csv,zip_entry_last_modified,True,45.91555555555556,2025-01-23 00:00:00-05:00,False,2025-01-22 05:00:00-05:00,225.39,2025-01-22 00:00:00-05:00,True,10.39,0.0,162.27999999999997,1343.4341,2025-01-23 05:45:00,FM-15,-12.0,-18.0,61.0,5.1,False,False,False,False
205.0,1330,6,3,False,294.21,253.52333333333334,2025-01-23 06:00:00-05:00,2025-01-23 11:00:00+00:00,2025-01-23 06:00:00-05:00,61758,HUD VL,EST,HUD VL,61758,USW00014714,NYISO,HUD VL,actual_integrated,2025-01-21 07:05:04-05:00,2025-01-22 05:00:00-05:00,21.915555555555557,20250101isolf_csv.zip,20250122isolf.csv,zip_entry_last_modified,True,46.91555555555556,2025-01-23 00:00:00-05:00,False,2025-01-22 06:00:00-05:00,294.21,2025-01-22 00:00:00-05:00,True,11.93,-15.0,208.07,1429.0234,2025-01-23 06:45:00,FM-15,-12.0,-18.0,61.0,3.1,False,False,False,False
215.44,1389,7,3,False,315.4,253.60624999999996,2025-01-23 07:00:00-05:00,2025-01-23 12:00:00+00:00,2025-01-23 07:00:00-05:00,61758,HUD VL,EST,HUD VL,61758,USW00014714,NYISO,HUD VL,actual_integrated,2025-01-21 07:05:04-05:00,2025-01-22 05:00:00-05:00,21.915555555555557,20250101isolf_csv.zip,20250122isolf.csv,zip_entry_last_modified,True,47.91555555555556,2025-01-23 00:00:00-05:00,False,2025-01-22 07:00:00-05:00,315.4,2025-01-22 00:00:00-05:00,True,12.93,-20.37,222.88,1509.8714,2025-01-23 07:45:00,FM-15,-12.0,-18.0,61.0,1.5,False,False,False,False
203.97,1401,8,3,False,288.94,254.19625,2025-01-23 08:00:00-05:00,2025-01-23 13:00:00+00:00,2025-01-23 08:00:00-05:00,61758,HUD VL,EST,HUD VL,61758,USW00014714,NYISO,HUD VL,actual_integrated,2025-01-21 07:05:04-05:00,2025-01-22 05:00:00-05:00,21.915555555555557,20250101isolf_csv.zip,20250122isolf.csv,zip_entry_last_modified,True,48.91555555555556,2025-01-23 00:00:00-05:00,False,2025-01-22 08:00:00-05:00,288.94,2025-01-22 00:00:00-05:00,True,13.28,-15.8,206.49,1541.2294,2025-01-23 08:45:00,FM-15,-14.0,-19.0,66.0,2.1,False,False,False,False
196.02,1349,9,3,False,259.58,254.14708333333337,2025-01-23 09:00:00-05:00,2025-01-23 14:00:00+00:00,2025-01-23 09:00:00-05:00,61758,HUD VL,EST,HUD VL,61758,USW00014714,NYISO,HUD VL,actual_integrated,2025-01-21 07:05:04-05:00,2025-01-22 05:00:00-05:00,21.915555555555557,20250101isolf_csv.zip,20250122isolf.csv,zip_entry_last_modified,True,49.91555555555556,2025-01-23 00:00:00-05:00,False,2025-01-22 09:00:00-05:00,259.58,2025-01-22 00:00:00-05:00,True,13.68,0.0,182.34,1510.9116,2025-01-23 09:45:00,FM-15,-11.0,-18.0,57.0,1.5,False,False,False,False
167.22,1294,10,3,False,233.03,253.55041666666668,2025-01-23 10:00:00-05:00,2025-01-23 15:00:00+00:00,2025-01-23 10:00:00-05:00,61758,HUD VL,EST,HUD VL,61758,USW00014714,NYISO,HUD VL,actual_integrated,2025-01-21 07:05:04-05:00,2025-01-22 05:00:00-05:00,21.915555555555557,20250101isolf_csv.zip,20250122isolf.csv,zip_entry_last_modified,True,50.91555555555556,2025-01-23 00:00:00-05:00,False,2025-01-22 10:00:00-05:00,233.03,2025-01-22 00:00:00-05:00,True,10.5,0.0,156.72,1484.5481,2025-01-23 10:45:00,FM-15,-8.0,-18.0,45.0,3.6,False,False,False,False
153.37,1266,11,3,False,219.93,252.93541666666667,2025-01-23 11:00:00-05:00,2025-01-23 16:00:00+00:00,2025-01-23 11:00:00-05:00,61758,HUD VL,EST,HUD VL,61758,USW00014714,NYISO,HUD VL,actual_integrated,2025-01-21 07:05:04-05:00,2025-01-22 05:00:00-05:00,21.915555555555557,20250101isolf_csv.zip,20250122isolf.csv,zip_entry_last_modified,True,51.91555555555556,2025-01-23 00:00:00-05:00,False,2025-01-22 11:00:00-05:00,219.93,2025-01-22 00:00:00-05:00,True,9.63,0.0,143.74,1437.8873,2025-01-23 11:45:00,FM-15,-6.0,-18.0,38.0,5.1,False,False,False,False
153.48,1250,12,3,False,216.79,252.385,2025-01-23 12:00:00-05:00,2025-01-23 17:00:00+00:00,2025-01-23 12:00:00-05:00,61758,HUD VL,EST,HUD VL,61758,USW00014714,NYISO,HUD VL,actual_integrated,2025-01-21 07:05:04-05:00,2025-01-22 05:00:00-05:00,21.915555555555557,20250101isolf_csv.zip,20250122isolf.csv,zip_entry_last_modified,True,52.91555555555556,2025-01-23 00:00:00-05:00,False,2025-01-22 12:00:00-05:00,216.79,2025-01-22 00:00:00-05:00,True,9.36,0.0,144.12,1404.3335,2025-01-23 12:45:00,FM-15,-4.0,-17.0,36.0,5.1,False,False,False,False
147.24,1227,13,3,False,217.11,251.6029166666667,2025-01-23 13:00:00-05:00,2025-01-23 18:00:00+00:00,2025-01-23 13:00:00-05:00,61758,HUD VL,EST,HUD VL,61758,USW00014714,NYISO,HUD VL,actual_integrated,2025-01-21 07:05:04-05:00,2025-01-22 05:00:00-05:00,21.915555555555557,20250101isolf_csv.zip,20250122isolf.csv,zip_entry_last_modified,True,53.91555555555556,2025-01-23 00:00:00-05:00,False,2025-01-22 13:00:00-05:00,217.11,2025-01-22 00:00:00-05:00,True,8.86,0.0,138.38,1374.4325,2025-01-23 13:45:00,FM-15,-3.0,-17.0,33.0,0.0,False,False,False,False
146.23,1243,14,3,False,219.88,250.56708333333333,2025-01-23 14:00:00-05:00,2025-01-23 19:00:00+00:00,2025-01-23 14:00:00-05:00,61758,HUD VL,EST,HUD VL,61758,USW00014714,NYISO,HUD VL,actual_integrated,2025-01-21 07:05:04-05:00,2025-01-22 05:00:00-05:00,21.915555555555557,20250101isolf_csv.zip,20250122isolf.csv,zip_entry_last_modified,True,54.91555555555556,2025-01-23 00:00:00-05:00,False,2025-01-22 14:00:00-05:00,219.88,2025-01-22 00:00:00-05:00,True,8.92,0.0,137.31,1366.0619,2025-01-23 14:45:00,FM-15,-3.0,-16.0,36.0,4.1,False,False,False,False
157.23,1279,15,3,False,243.49,249.94083333333333,2025-01-23 15:00:00-05:00,2025-01-23 20:00:00+00:00,2025-01-23 15:00:00-05:00,61758,HUD VL,EST,HUD VL,61758,USW00014714,NYISO,HUD VL,actual_integrated,2025-01-21 07:05:04-05:00,2025-01-22 05:00:00-05:00,21.915555555555557,20250101isolf_csv.zip,20250122isolf.csv,zip_entry_last_modified,True,55.91555555555556,2025-01-23 00:00:00-05:00,False,2025-01-22 15:00:00-05:00,243.49,2025-01-22 00:00:00-05:00,True,9.73,0.0,147.5,1403.8684,2025-01-23 15:45:00,FM-15,-3.0,-16.0,36.0,4.1,False,False,False,False
172.75,1362,16,3,False,257.4,249.35708333333335,2025-01-23 16:00:00-05:00,2025-01-23 21:00:00+00:00,2025-01-23 16:00:00-05:00,61758,HUD VL,EST,HUD VL,61758,USW00014714,NYISO,HUD VL,actual_integrated,2025-01-21 07:05:04-05:00,2025-01-22 05:00:00-05:00,21.915555555555557,20250101isolf_csv.zip,20250122isolf.csv,zip_entry_last_modified,True,56.91555555555556,2025-01-23 00:00:00-05:00,False,2025-01-22 16:00:00-05:00,257.4,2025-01-22 00:00:00-05:00,True,11.0,0.0,161.75,1466.5078,2025-01-23 16:45:00,FM-15,-5.0,-14.0,50.0,4.1,False,False,False,False
197.03,1449,17,3,False,311.47,248.22833333333332,2025-01-23 17:00:00-05:00,2025-01-23 22:00:00+00:00,2025-01-23 17:00:00-05:00,61758,HUD VL,EST,HUD VL,61758,USW00014714,NYISO,HUD VL,actual_integrated,2025-01-21 07:05:04-05:00,2025-01-22 05:00:00-05:00,21.915555555555557,20250101isolf_csv.zip,20250122isolf.csv,zip_entry_last_modified,True,57.91555555555556,2025-01-23 00:00:00-05:00,False,2025-01-22 17:00:00-05:00,311.47,2025-01-22 00:00:00-05:00,True,12.78,-1.57,185.82,1555.7743,2025-01-23 17:45:00,FM-15,-5.0,-15.0,46.0,2.6,False,False,False,False
193.57,1466,18,3,False,302.09,247.11916666666664,2025-01-23 18:00:00-05:00,2025-01-23 23:00:00+00:00,2025-01-23 18:00:00-05:00,61758,HUD VL,EST,HUD VL,61758,USW00014714,NYISO,HUD VL,actual_integrated,2025-01-21 07:05:04-05:00,2025-01-22 05:00:00-05:00,21.915555555555557,20250101isolf_csv.zip,20250122isolf.csv,zip_entry_last_modified,True,58.91555555555556,2025-01-23 00:00:00-05:00,False,2025-01-22 18:00:00-05:00,302.09,2025-01-22 00:00:00-05:00,True,12.41,-3.85,185.01,1576.4513,2025-01-23 18:45:00,FM-15,-8.0,-15.0,58.0,3.6,False,False,False,False
178.16,1442,19,3,False,274.4,246.2479166666667,2025-01-23 19:00:00-05:00,2025-01-24 00:00:00+00:00,2025-01-23 19:00:00-05:00,61758,HUD VL,EST,HUD VL,61758,USW00014714,NYISO,HUD VL,actual_integrated,2025-01-21 07:05:04-05:00,2025-01-22 05:00:00-05:00,21.915555555555557,20250101isolf_csv.zip,20250122isolf.csv,zip_entry_last_modified,True,59.91555555555556,2025-01-23 00:00:00-05:00,False,2025-01-22 19:00:00-05:00,274.4,2025-01-22 00:00:00-05:00,True,11.49,0.0,166.67,1562.5393,2025-01-23 19:45:00,FM-15,-8.0,-15.0,58.0,2.1,False,False,False,False
172.41,1417,20,3,False,257.3,245.98291666666663,2025-01-23 20:00:00-05:00,2025-01-24 01:00:00+00:00,2025-01-23 20:00:00-05:00,61758,HUD VL,EST,HUD VL,61758,USW00014714,NYISO,HUD VL,actual_integrated,2025-01-21 07:05:04-05:00,2025-01-22 05:00:00-05:00,21.915555555555557,20250101isolf_csv.zip,20250122isolf.csv,zip_entry_last_modified,True,60.91555555555556,2025-01-23 00:00:00-05:00,False,2025-01-22 20:00:00-05:00,257.3,2025-01-22 00:00:00-05:00,True,11.12,0.0,161.29,1537.5106,2025-01-23 20:45:00,FM-15,-9.0,-15.0,62.0,0.0,False,False,False,False
164.68,1381,21,3,False,239.27,245.4775,2025-01-23 21:00:00-05:00,2025-01-24 02:00:00+00:00,2025-01-23 21:00:00-05:00,61758,HUD VL,EST,HUD VL,61758,USW00014714,NYISO,HUD VL,actual_integrated,2025-01-21 07:05:04-05:00,2025-01-22 05:00:00-05:00,21.915555555555557,20250101isolf_csv.zip,20250122isolf.csv,zip_entry_last_modified,True,61.91555555555556,2025-01-23 00:00:00-05:00,False,2025-01-22 21:00:00-05:00,239.27,2025-01-22 00:00:00-05:00,True,10.49,0.0,154.19,1478.5723,2025-01-23 21:45:00,FM-15,-11.0,-15.0,73.0,2.1,False,False,False,False
158.36,1315,22,3,False,225.54,244.9225,2025-01-23 22:00:00-05:00,2025-01-24 03:00:00+00:00,2025-01-23 22:00:00-05:00,61758,HUD VL,EST,HUD VL,61758,USW00014714,NYISO,HUD VL,actual_integrated,2025-01-21 07:05:04-05:00,2025-01-22 05:00:00-05:00,21.915555555555557,20250101isolf_csv.zip,20250122isolf.csv,zip_entry_last_modified,True,62.91555555555556,2025-01-23 00:00:00-05:00,False,2025-01-22 22:00:00-05:00,225.54,2025-01-22 00:00:00-05:00,True,9.8,0.0,148.56,1404.8422,2025-01-23 22:45:00,FM-15,-10.0,-15.0,67.0,2.6,False,False,False,False
157.2,1251,23,3,False,217.61,244.21749999999997,2025-01-23 23:00:00-05:00,2025-01-24 04:00:00+00:00,2025-01-23 23:00:00-05:00,61758,HUD VL,EST,HUD VL,61758,USW00014714,NYISO,HUD VL,actual_integrated,2025-01-21 07:05:04-05:00,2025-01-22 05:00:00-05:00,21.915555555555557,20250101isolf_csv.zip,20250122isolf.csv,zip_entry_last_modified,True,63.91555555555556,2025-01-23 00:00:00-05:00,False,2025-01-22 23:00:00-05:00,217.61,2025-01-22 00:00:00-05:00,True,9.32,0.0,147.88,1329.9198,2025-01-23 23:45:00,FM-15,-9.0,-15.0,62.0,2.6,False,False,False,False
149.02,1190,0,4,False,172.0,242.53666666666666,2025-01-24 00:00:00-05:00,2025-01-24 05:00:00+00:00,2025-01-24 00:00:00-05:00,61758,HUD VL,EST,HUD VL,61758,USW00014714,NYISO,HUD VL,actual_integrated,2025-01-22 07:20:06-05:00,2025-01-23 05:00:00-05:00,21.665,20250101isolf_csv.zip,20250123isolf.csv,zip_entry_last_modified,True,40.665,2025-01-24 00:00:00-05:00,False,2025-01-23 00:00:00-05:00,172.0,2025-01-23 00:00:00-05:00,True,6.84,-41.68,183.86,1297.0769,2025-01-24 00:45:00,FM-15,-10.0,-15.0,67.0,4.6,False,False,False,False
140.63,1168,1,4,False,165.44,240.75708333333333,2025-01-24 01:00:00-05:00,2025-01-24 06:00:00+00:00,2025-01-24 01:00:00-05:00,61758,HUD VL,EST,HUD VL,61758,USW00014714,NYISO,HUD VL,actual_integrated,2025-01-22 07:20:06-05:00,2025-01-23 05:00:00-05:00,21.665,20250101isolf_csv.zip,20250123isolf.csv,zip_entry_last_modified,True,41.665,2025-01-24 00:00:00-05:00,False,2025-01-23 01:00:00-05:00,165.44,2025-01-23 00:00:00-05:00,True,6.48,-37.37,171.52,1278.8952,2025-01-24 01:45:00,FM-15,-10.0,-15.0,67.0,3.1,False,False,False,False
125.08,1159,2,4,False,162.98,239.07083333333333,2025-01-24 02:00:00-05:00,2025-01-24 07:00:00+00:00,2025-01-24 02:00:00-05:00,61758,HUD VL,EST,HUD VL,61758,USW00014714,NYISO,HUD VL,actual_integrated,2025-01-22 07:20:06-05:00,2025-01-23 05:00:00-05:00,21.665,20250101isolf_csv.zip,20250123isolf.csv,zip_entry_last_modified,True,42.665,2025-01-24 00:00:00-05:00,False,2025-01-23 02:00:00-05:00,162.98,2025-01-23 00:00:00-05:00,True,6.54,-20.99,139.53,1266.4054,2025-01-24 02:45:00,FM-15,-10.0,-15.0,67.0,2.6,False,False,False,False
130.8,1157,3,4,False,161.05,237.33291666666665,2025-01-24 03:00:00-05:00,2025-01-24 08:00:00+00:00,2025-01-24 03:00:00-05:00,61758,HUD VL,EST,HUD VL,61758,USW00014714,NYISO,HUD VL,actual_integrated,2025-01-22 07:20:06-05:00,2025-01-23 05:00:00-05:00,21.665,20250101isolf_csv.zip,20250123isolf.csv,zip_entry_last_modified,True,43.665,2025-01-24 00:00:00-05:00,False,2025-01-23 03:00:00-05:00,161.05,2025-01-23 00:00:00-05:00,True,7.54,-10.76,134.02,1262.6064,2025-01-24 03:45:00,FM-15,-10.0,-15.0,67.0,3.1,False,False,False,False
135.89,1169,4,4,False,165.35,235.23541666666668,2025-01-24 04:00:00-05:00,2025-01-24 09:00:00+00:00,2025-01-24 04:00:00-05:00,61758,HUD VL,EST,HUD VL,61758,USW00014714,NYISO,HUD VL,actual_integrated,2025-01-22 07:20:06-05:00,2025-01-23 05:00:00-05:00,21.665,20250101isolf_csv.zip,20250123isolf.csv,zip_entry_last_modified,True,44.665,2025-01-24 00:00:00-05:00,False,2025-01-23 04:00:00-05:00,165.35,2025-01-23 00:00:00-05:00,True,7.56,-17.16,145.48999999999998,1283.1544,2025-01-24 04:45:00,FM-15,-10.0,-15.0,67.0,2.6,False,False,False,False
149.77,1215,5,4,False,172.67,233.03874999999996,2025-01-24 05:00:00-05:00,2025-01-24 10:00:00+00:00,2025-01-24 05:00:00-05:00,61758,HUD VL,EST,HUD VL,61758,USW00014714,NYISO,HUD VL,actual_integrated,2025-01-22 07:20:06-05:00,2025-01-23 05:00:00-05:00,21.665,20250101isolf_csv.zip,20250123isolf.csv,zip_entry_last_modified,True,45.665,2025-01-24 00:00:00-05:00,False,2025-01-23 05:00:00-05:00,172.67,2025-01-23 00:00:00-05:00,True,8.84,-10.99,151.92000000000002,1335.1745,2025-01-24 05:45:00,FM-15,-12.0,-15.0,79.0,2.1,False,False,False,False
177.73,1300,6,4,False,205.0,229.32166666666663,2025-01-24 06:00:00-05:00,2025-01-24 11:00:00+00:00,2025-01-24 06:00:00-05:00,61758,HUD VL,EST,HUD VL,61758,USW00014714,NYISO,HUD VL,actual_integrated,2025-01-22 07:20:06-05:00,2025-01-23 05:00:00-05:00,21.665,20250101isolf_csv.zip,20250123isolf.csv,zip_entry_last_modified,True,46.665,2025-01-24 00:00:00-05:00,False,2025-01-23 06:00:00-05:00,205.0,2025-01-23 00:00:00-05:00,True,10.38,0.0,167.35,1428.7703,2025-01-24 06:45:00,FM-15,-10.0,-15.0,67.0,3.1,False,False,False,False
190.26,1354,7,4,False,215.44,225.15666666666667,2025-01-24 07:00:00-05:00,2025-01-24 12:00:00+00:00,2025-01-24 07:00:00-05:00,61758,HUD VL,EST,HUD VL,61758,USW00014714,NYISO,HUD VL,actual_integrated,2025-01-22 07:20:06-05:00,2025-01-23 05:00:00-05:00,21.665,20250101isolf_csv.zip,20250123isolf.csv,zip_entry_last_modified,True,47.665,2025-01-24 00:00:00-05:00,False,2025-01-23 07:00:00-05:00,215.44,2025-01-23 00:00:00-05:00,True,10.62,-5.57,185.21,1490.7524,2025-01-24 07:45:00,FM-15,-11.0,-15.0,73.0,4.6,False,False,False,False
183.4,1305,8,4,False,203.97,221.61625,2025-01-24 08:00:00-05:00,2025-01-24 13:00:00+00:00,2025-01-24 08:00:00-05:00,61758,HUD VL,EST,HUD VL,61758,USW00014714,NYISO,HUD VL,actual_integrated,2025-01-22 07:20:06-05:00,2025-01-23 05:00:00-05:00,21.665,20250101isolf_csv.zip,20250123isolf.csv,zip_entry_last_modified,True,48.665,2025-01-24 00:00:00-05:00,False,2025-01-23 08:00:00-05:00,203.97,2025-01-23 00:00:00-05:00,True,11.19,0.0,172.21,1502.3758,2025-01-24 08:45:00,FM-15,-10.0,-14.0,73.0,4.6,False,False,False,False
162.74,1207,9,4,False,196.02,218.96791666666664,2025-01-24 09:00:00-05:00,2025-01-24 14:00:00+00:00,2025-01-24 09:00:00-05:00,61758,HUD VL,EST,HUD VL,61758,USW00014714,NYISO,HUD VL,actual_integrated,2025-01-22 07:20:06-05:00,2025-01-23 05:00:00-05:00,21.665,20250101isolf_csv.zip,20250123isolf.csv,zip_entry_last_modified,True,49.665,2025-01-24 00:00:00-05:00,False,2025-01-23 09:00:00-05:00,196.02,2025-01-23 00:00:00-05:00,True,9.61,-23.23,176.36,1453.9681,2025-01-24 09:45:00,FM-15,-7.0,-11.0,73.0,5.1,False,False,False,False
128.12,1147,10,4,False,167.22,216.22583333333333,2025-01-24 10:00:00-05:00,2025-01-24 15:00:00+00:00,2025-01-24 10:00:00-05:00,61758,HUD VL,EST,HUD VL,61758,USW00014714,NYISO,HUD VL,actual_integrated,2025-01-22 07:20:06-05:00,2025-01-23 05:00:00-05:00,21.665,20250101isolf_csv.zip,20250123isolf.csv,zip_entry_last_modified,True,50.665,2025-01-24 00:00:00-05:00,False,2025-01-23 10:00:00-05:00,167.22,2025-01-23 00:00:00-05:00,True,7.63,-11.46,131.95000000000002,1410.842,2025-01-24 10:45:00,FM-15,-4.0,-10.0,63.0,5.1,False,False,False,False
125.0,1128,11,4,False,153.37,213.4525,2025-01-24 11:00:00-05:00,2025-01-24 16:00:00+00:00,2025-01-24 11:00:00-05:00,61758,HUD VL,EST,HUD VL,61758,USW00014714,NYISO,HUD VL,actual_integrated,2025-01-22 07:20:06-05:00,2025-01-23 05:00:00-05:00,21.665,20250101isolf_csv.zip,20250123isolf.csv,zip_entry_last_modified,True,51.665,2025-01-24 00:00:00-05:00,False,2025-01-23 11:00:00-05:00,153.37,2025-01-23 00:00:00-05:00,True,6.89,-18.18,136.29,1364.9149,2025-01-24 11:45:00,FM-15,-3.0,-10.0,59.0,5.1,False,False,False,False
121.26,1130,12,4,False,153.48,210.8145833333333,2025-01-24 12:00:00-05:00,2025-01-24 17:00:00+00:00,2025-01-24 12:00:00-05:00,61758,HUD VL,EST,HUD VL,61758,USW00014714,NYISO,HUD VL,actual_integrated,2025-01-22 07:20:06-05:00,2025-01-23 05:00:00-05:00,21.665,20250101isolf_csv.zip,20250123isolf.csv,zip_entry_last_modified,True,52.665,2025-01-24 00:00:00-05:00,False,2025-01-23 12:00:00-05:00,153.48,2025-01-23 00:00:00-05:00,True,6.94,-13.6,127.92,1310.1236,2025-01-24 12:45:00,FM-15,-3.0,-10.0,59.0,7.2,False,False,False,False
118.78,1148,13,4,False,147.24,207.90333333333334,2025-01-24 13:00:00-05:00,2025-01-24 18:00:00+00:00,2025-01-24 13:00:00-05:00,61758,HUD VL,EST,HUD VL,61758,USW00014714,NYISO,HUD VL,actual_integrated,2025-01-22 07:20:06-05:00,2025-01-23 05:00:00-05:00,21.665,20250101isolf_csv.zip,20250123isolf.csv,zip_entry_last_modified,True,53.665,2025-01-24 00:00:00-05:00,False,2025-01-23 13:00:00-05:00,147.24,2025-01-23 00:00:00-05:00,True,6.72,-14.63,126.69,1272.6311,2025-01-24 13:45:00,FM-15,-2.0,-10.0,55.0,7.2,False,False,False,False
119.12,1200,14,4,False,146.23,204.8345833333333,2025-01-24 14:00:00-05:00,2025-01-24 19:00:00+00:00,2025-01-24 14:00:00-05:00,61758,HUD VL,EST,HUD VL,61758,USW00014714,NYISO,HUD VL,actual_integrated,2025-01-22 07:20:06-05:00,2025-01-23 05:00:00-05:00,21.665,20250101isolf_csv.zip,20250123isolf.csv,zip_entry_last_modified,True,54.665,2025-01-24 00:00:00-05:00,False,2025-01-23 14:00:00-05:00,146.23,2025-01-23 00:00:00-05:00,True,7.16,-11.14,123.1,1272.8463,2025-01-24 14:45:00,FM-15,-2.0,-10.0,55.0,7.2,False,False,False,False
131.53,1242,15,4,False,157.23,201.24041666666668,2025-01-24 15:00:00-05:00,2025-01-24 20:00:00+00:00,2025-01-24 15:00:00-05:00,61758,HUD VL,EST,HUD VL,61758,USW00014714,NYISO,HUD VL,actual_integrated,2025-01-22 07:20:06-05:00,2025-01-23 05:00:00-05:00,21.665,20250101isolf_csv.zip,20250123isolf.csv,zip_entry_last_modified,True,55.665,2025-01-24 00:00:00-05:00,False,2025-01-23 15:00:00-05:00,157.23,2025-01-23 00:00:00-05:00,True,7.52,-19.57,143.58,1323.5199,2025-01-24 15:45:00,FM-15,-2.0,-11.0,51.0,7.2,False,False,False,False
148.39,1308,16,4,False,172.75,197.71333333333334,2025-01-24 16:00:00-05:00,2025-01-24 21:00:00+00:00,2025-01-24 16:00:00-05:00,61758,HUD VL,EST,HUD VL,61758,USW00014714,NYISO,HUD VL,actual_integrated,2025-01-22 07:20:06-05:00,2025-01-23 05:00:00-05:00,21.665,20250101isolf_csv.zip,20250123isolf.csv,zip_entry_last_modified,True,56.665,2025-01-24 00:00:00-05:00,False,2025-01-23 16:00:00-05:00,172.75,2025-01-23 00:00:00-05:00,True,8.23,-28.93,169.09,1402.59,2025-01-24 16:45:00,FM-15,-2.0,-11.0,51.0,5.1,False,False,False,False
178.85,1380,17,4,False,197.03,192.94500000000002,2025-01-24 17:00:00-05:00,2025-01-24 22:00:00+00:00,2025-01-24 17:00:00-05:00,61758,HUD VL,EST,HUD VL,61758,USW00014714,NYISO,HUD VL,actual_integrated,2025-01-22 07:20:06-05:00,2025-01-23 05:00:00-05:00,21.665,20250101isolf_csv.zip,20250123isolf.csv,zip_entry_last_modified,True,57.665,2025-01-24 00:00:00-05:00,False,2025-01-23 17:00:00-05:00,197.03,2025-01-23 00:00:00-05:00,True,10.48,-35.73,204.1,1479.291,2025-01-24 17:45:00,FM-15,-4.0,-12.0,54.0,4.6,False,False,False,False
175.66,1392,18,4,False,193.57,188.42333333333332,2025-01-24 18:00:00-05:00,2025-01-24 23:00:00+00:00,2025-01-24 18:00:00-05:00,61758,HUD VL,EST,HUD VL,61758,USW00014714,NYISO,HUD VL,actual_integrated,2025-01-22 07:20:06-05:00,2025-01-23 05:00:00-05:00,21.665,20250101isolf_csv.zip,20250123isolf.csv,zip_entry_last_modified,True,58.665,2025-01-24 00:00:00-05:00,False,2025-01-23 18:00:00-05:00,193.57,2025-01-23 00:00:00-05:00,True,10.33,-32.96,198.29,1501.175,2025-01-24 18:45:00,FM-15,-5.0,-13.0,54.0,3.1,False,False,False,False
164.84,1376,19,4,False,178.16,184.41333333333333,2025-01-24 19:00:00-05:00,2025-01-25 00:00:00+00:00,2025-01-24 19:00:00-05:00,61758,HUD VL,EST,HUD VL,61758,USW00014714,NYISO,HUD VL,actual_integrated,2025-01-22 07:20:06-05:00,2025-01-23 05:00:00-05:00,21.665,20250101isolf_csv.zip,20250123isolf.csv,zip_entry_last_modified,True,59.665,2025-01-24 00:00:00-05:00,False,2025-01-23 19:00:00-05:00,178.16,2025-01-23 00:00:00-05:00,True,8.19,-47.46,204.11,1487.4419,2025-01-24 19:45:00,FM-15,-7.0,-13.0,63.0,3.1,False,False,False,False
155.27,1362,20,4,False,172.41,180.87625000000003,2025-01-24 20:00:00-05:00,2025-01-25 01:00:00+00:00,2025-01-24 20:00:00-05:00,61758,HUD VL,EST,HUD VL,61758,USW00014714,NYISO,HUD VL,actual_integrated,2025-01-22 07:20:06-05:00,2025-01-23 05:00:00-05:00,21.665,20250101isolf_csv.zip,20250123isolf.csv,zip_entry_last_modified,True,60.665,2025-01-24 00:00:00-05:00,False,2025-01-23 20:00:00-05:00,172.41,2025-01-23 00:00:00-05:00,True,7.6,-44.95,192.62,1464.5558,2025-01-24 20:45:00,FM-15,-6.0,-13.0,58.0,2.1,False,False,False,False
134.79,1337,21,4,False,164.68,177.76833333333332,2025-01-24 21:00:00-05:00,2025-01-25 02:00:00+00:00,2025-01-24 21:00:00-05:00,61758,HUD VL,EST,HUD VL,61758,USW00014714,NYISO,HUD VL,actual_integrated,2025-01-22 07:20:06-05:00,2025-01-23 05:00:00-05:00,21.665,20250101isolf_csv.zip,20250123isolf.csv,zip_entry_last_modified,True,61.665,2025-01-24 00:00:00-05:00,False,2025-01-23 21:00:00-05:00,164.68,2025-01-23 00:00:00-05:00,True,8.07,-16.06,142.78,1423.3841,2025-01-24 21:45:00,FM-15,-9.0,-13.0,73.0,2.1,False,False,False,False
124.37,1293,22,4,False,158.36,174.96916666666667,2025-01-24 22:00:00-05:00,2025-01-25 03:00:00+00:00,2025-01-24 22:00:00-05:00,61758,HUD VL,EST,HUD VL,61758,USW00014714,NYISO,HUD VL,actual_integrated,2025-01-22 07:20:06-05:00,2025-01-23 05:00:00-05:00,21.665,20250101isolf_csv.zip,20250123isolf.csv,zip_entry_last_modified,True,62.665,2025-01-24 00:00:00-05:00,False,2025-01-23 22:00:00-05:00,158.36,2025-01-23 00:00:00-05:00,True,7.24,-16.62,133.75,1392.0715,2025-01-24 22:45:00,FM-15,-10.0,-13.0,79.0,0.0,False,False,False,False
133.86,1247,23,4,False,157.2,172.45208333333335,2025-01-24 23:00:00-05:00,2025-01-25 04:00:00+00:00,2025-01-24 23:00:00-05:00,61758,HUD VL,EST,HUD VL,61758,USW00014714,NYISO,HUD VL,actual_integrated,2025-01-22 07:20:06-05:00,2025-01-23 05:00:00-05:00,21.665,20250101isolf_csv.zip,20250123isolf.csv,zip_entry_last_modified,True,63.665,2025-01-24 00:00:00-05:00,False,2025-01-23 23:00:00-05:00,157.2,2025-01-23 00:00:00-05:00,True,6.82,-26.73,153.77,1335.818,2025-01-24 23:45:00,FM-15,-11.0,-14.0,79.0,0.0,False,False,False,False
157.15,1189,0,5,True,149.02,171.49458333333334,2025-01-25 00:00:00-05:00,2025-01-25 05:00:00+00:00,2025-01-25 00:00:00-05:00,61758,HUD VL,EST,HUD VL,61758,USW00014714,NYISO,HUD VL,actual_integrated,2025-01-23 07:55:06-05:00,2025-01-24 05:00:00-05:00,21.081666666666667,20250101isolf_csv.zip,20250124isolf.csv,zip_entry_last_modified,True,40.08166666666666,2025-01-25 00:00:00-05:00,False,2025-01-24 00:00:00-05:00,149.02,2025-01-24 00:00:00-05:00,True,6.71,-53.09,203.53,1302.436,2025-01-25 00:45:00,FM-15,-13.0,-16.0,78.0,2.6,False,False,False,False
150.24,1160,1,5,True,140.63,170.46083333333334,2025-01-25 01:00:00-05:00,2025-01-25 06:00:00+00:00,2025-01-25 01:00:00-05:00,61758,HUD VL,EST,HUD VL,61758,USW00014714,NYISO,HUD VL,actual_integrated,2025-01-23 07:55:06-05:00,2025-01-24 05:00:00-05:00,21.081666666666667,20250101isolf_csv.zip,20250124isolf.csv,zip_entry_last_modified,True,41.08166666666666,2025-01-25 00:00:00-05:00,False,2025-01-24 01:00:00-05:00,140.63,2025-01-24 00:00:00-05:00,True,7.82,-25.71,168.13000000000002,1283.8071,2025-01-25 01:45:00,FM-15,-12.0,-15.0,79.0,0.0,False,False,False,False
146.68,1147,2,5,True,125.08,168.8816666666667,2025-01-25 02:00:00-05:00,2025-01-25 07:00:00+00:00,2025-01-25 02:00:00-05:00,61758,HUD VL,EST,HUD VL,61758,USW00014714,NYISO,HUD VL,actual_integrated,2025-01-23 07:55:06-05:00,2025-01-24 05:00:00-05:00,21.081666666666667,20250101isolf_csv.zip,20250124isolf.csv,zip_entry_last_modified,True,42.08166666666666,2025-01-25 00:00:00-05:00,False,2025-01-24 02:00:00-05:00,125.08,2025-01-24 00:00:00-05:00,True,8.05,-16.64,155.26999999999998,1272.6824,2025-01-25 02:45:00,FM-15,-13.0,-15.0,85.0,2.1,False,False,False,False
146.61,1144,3,5,True,130.8,167.62125,2025-01-25 03:00:00-05:00,2025-01-25 08:00:00+00:00,2025-01-25 03:00:00-05:00,61758,HUD VL,EST,HUD VL,61758,USW00014714,NYISO,HUD VL,actual_integrated,2025-01-23 07:55:06-05:00,2025-01-24 05:00:00-05:00,21.081666666666667,20250101isolf_csv.zip,20250124isolf.csv,zip_entry_last_modified,True,43.08166666666666,2025-01-25 00:00:00-05:00,False,2025-01-24 03:00:00-05:00,130.8,2025-01-24 00:00:00-05:00,True,9.08,0.0,137.53,1264.8156,2025-01-25 03:45:00,FM-15,-11.0,-13.0,85.0,2.1,False,False,False,False
150.71,1150,4,5,True,135.89,166.39374999999998,2025-01-25 04:00:00-05:00,2025-01-25 09:00:00+00:00,2025-01-25 04:00:00-05:00,61758,HUD VL,EST,HUD VL,61758,USW00014714,NYISO,HUD VL,actual_integrated,2025-01-23 07:55:06-05:00,2025-01-24 05:00:00-05:00,21.081666666666667,20250101isolf_csv.zip,20250124isolf.csv,zip_entry_last_modified,True,44.08166666666666,2025-01-25 00:00:00-05:00,False,2025-01-24 04:00:00-05:00,135.89,2025-01-24 00:00:00-05:00,True,9.19,0.0,141.52,1263.9039,2025-01-25 04:45:00,FM-15,-10.0,-13.0,79.0,0.0,False,False,False,False
159.27,1167,5,5,True,149.77,165.43958333333333,2025-01-25 05:00:00-05:00,2025-01-25 10:00:00+00:00,2025-01-25 05:00:00-05:00,61758,HUD VL,EST,HUD VL,61758,USW00014714,NYISO,HUD VL,actual_integrated,2025-01-23 07:55:06-05:00,2025-01-24 05:00:00-05:00,21.081666666666667,20250101isolf_csv.zip,20250124isolf.csv,zip_entry_last_modified,True,45.08166666666666,2025-01-25 00:00:00-05:00,False,2025-01-24 05:00:00-05:00,149.77,2025-01-24 00:00:00-05:00,True,9.59,0.0,149.68,1278.3737,2025-01-25 05:45:00,FM-15,-11.0,-14.0,79.0,3.1,False,False,False,False
172.91,1210,6,5,True,177.73,164.3033333333333,2025-01-25 06:00:00-05:00,2025-01-25 11:00:00+00:00,2025-01-25 06:00:00-05:00,61758,HUD VL,EST,HUD VL,61758,USW00014714,NYISO,HUD VL,actual_integrated,2025-01-23 07:55:06-05:00,2025-01-24 05:00:00-05:00,21.081666666666667,20250101isolf_csv.zip,20250124isolf.csv,zip_entry_last_modified,True,46.08166666666666,2025-01-25 00:00:00-05:00,False,2025-01-24 06:00:00-05:00,177.73,2025-01-24 00:00:00-05:00,True,8.64,-31.24,195.51,1333.563,2025-01-25 06:45:00,FM-15,-11.0,-14.0,79.0,2.6,False,False,False,False
190.12,1250,7,5,True,190.26,163.25416666666666,2025-01-25 07:00:00-05:00,2025-01-25 12:00:00+00:00,2025-01-25 07:00:00-05:00,61758,HUD VL,EST,HUD VL,61758,USW00014714,NYISO,HUD VL,actual_integrated,2025-01-23 07:55:06-05:00,2025-01-24 05:00:00-05:00,21.081666666666667,20250101isolf_csv.zip,20250124isolf.csv,zip_entry_last_modified,True,47.08166666666666,2025-01-25 00:00:00-05:00,False,2025-01-24 07:00:00-05:00,190.26,2025-01-24 00:00:00-05:00,True,8.6,-51.18,232.7,1381.7771,2025-01-25 07:45:00,FM-15,-11.0,-14.0,79.0,2.6,False,False,False,False
177.97,1208,8,5,True,183.4,162.39708333333334,2025-01-25 08:00:00-05:00,2025-01-25 13:00:00+00:00,2025-01-25 08:00:00-05:00,61758,HUD VL,EST,HUD VL,61758,USW00014714,NYISO,HUD VL,actual_integrated,2025-01-23 07:55:06-05:00,2025-01-24 05:00:00-05:00,21.081666666666667,20250101isolf_csv.zip,20250124isolf.csv,zip_entry_last_modified,True,48.08166666666666,2025-01-25 00:00:00-05:00,False,2025-01-24 08:00:00-05:00,183.4,2025-01-24 00:00:00-05:00,True,9.6,-31.22,199.59,1388.6248,2025-01-25 08:45:00,FM-15,-8.0,-13.0,68.0,3.6,False,False,False,False
156.9,1112,9,5,True,162.74,161.01041666666666,2025-01-25 09:00:00-05:00,2025-01-25 14:00:00+00:00,2025-01-25 09:00:00-05:00,61758,HUD VL,EST,HUD VL,61758,USW00014714,NYISO,HUD VL,actual_integrated,2025-01-23 07:55:06-05:00,2025-01-24 05:00:00-05:00,21.081666666666667,20250101isolf_csv.zip,20250124isolf.csv,zip_entry_last_modified,True,49.08166666666666,2025-01-25 00:00:00-05:00,False,2025-01-24 09:00:00-05:00,162.74,2025-01-24 00:00:00-05:00,True,7.99,-39.35,188.26,1297.7158,2025-01-25 09:45:00,FM-15,-7.0,-13.0,63.0,3.6,False,False,False,False
129.85,1063,10,5,True,128.12,159.38125,2025-01-25 10:00:00-05:00,2025-01-25 15:00:00+00:00,2025-01-25 10:00:00-05:00,61758,HUD VL,EST,HUD VL,61758,USW00014714,NYISO,HUD VL,actual_integrated,2025-01-23 07:55:06-05:00,2025-01-24 05:00:00-05:00,21.081666666666667,20250101isolf_csv.zip,20250124isolf.csv,zip_entry_last_modified,True,50.08166666666666,2025-01-25 00:00:00-05:00,False,2025-01-24 10:00:00-05:00,128.12,2025-01-24 00:00:00-05:00,True,6.83,-22.67,145.69,1238.4524,2025-01-25 10:45:00,FM-15,-5.0,-11.0,63.0,5.1,False,False,False,False
115.77,1062,11,5,True,125.0,158.19916666666668,2025-01-25 11:00:00-05:00,2025-01-25 16:00:00+00:00,2025-01-25 11:00:00-05:00,61758,HUD VL,EST,HUD VL,61758,USW00014714,NYISO,HUD VL,actual_integrated,2025-01-23 07:55:06-05:00,2025-01-24 05:00:00-05:00,21.081666666666667,20250101isolf_csv.zip,20250124isolf.csv,zip_entry_last_modified,True,51.08166666666666,2025-01-25 00:00:00-05:00,False,2025-01-24 11:00:00-05:00,125.0,2025-01-24 00:00:00-05:00,True,5.88,-22.09,131.98,1222.0591,2025-01-25 11:45:00,FM-15,-5.0,-12.0,58.0,7.2,False,False,False,False
111.8,1081,12,5,True,121.26,156.85666666666665,2025-01-25 12:00:00-05:00,2025-01-25 17:00:00+00:00,2025-01-25 12:00:00-05:00,61758,HUD VL,EST,HUD VL,61758,USW00014714,NYISO,HUD VL,actual_integrated,2025-01-23 07:55:06-05:00,2025-01-24 05:00:00-05:00,21.081666666666667,20250101isolf_csv.zip,20250124isolf.csv,zip_entry_last_modified,True,52.08166666666666,2025-01-25 00:00:00-05:00,False,2025-01-24 12:00:00-05:00,121.26,2025-01-24 00:00:00-05:00,True,5.78,-18.49,124.51,1236.9888,2025-01-25 12:45:00,FM-15,-5.0,-12.0,58.0,6.2,False,False,False,False
110.91,1112,13,5,True,118.78,155.67083333333335,2025-01-25 13:00:00-05:00,2025-01-25 18:00:00+00:00,2025-01-25 13:00:00-05:00,61758,HUD VL,EST,HUD VL,61758,USW00014714,NYISO,HUD VL,actual_integrated,2025-01-23 07:55:06-05:00,2025-01-24 05:00:00-05:00,21.081666666666667,20250101isolf_csv.zip,20250124isolf.csv,zip_entry_last_modified,True,53.08166666666666,2025-01-25 00:00:00-05:00,False,2025-01-24 13:00:00-05:00,118.78,2025-01-24 00:00:00-05:00,True,5.59,-18.04,123.36,1228.7554,2025-01-25 13:45:00,FM-15,-3.0,-11.0,54.0,6.2,False,False,False,False
116.46,1176,14,5,True,119.12,154.54125000000002,2025-01-25 14:00:00-05:00,2025-01-25 19:00:00+00:00,2025-01-25 14:00:00-05:00,61758,HUD VL,EST,HUD VL,61758,USW00014714,NYISO,HUD VL,actual_integrated,2025-01-23 07:55:06-05:00,2025-01-24 05:00:00-05:00,21.081666666666667,20250101isolf_csv.zip,20250124isolf.csv,zip_entry_last_modified,True,54.08166666666666,2025-01-25 00:00:00-05:00,False,2025-01-24 14:00:00-05:00,119.12,2025-01-24 00:00:00-05:00,True,5.6,-23.42,134.28,1248.2801,2025-01-25 14:45:00,FM-15,-3.0,-13.0,46.0,4.6,False,False,False,False
125.2,1211,15,5,True,131.53,153.47041666666667,2025-01-25 15:00:00-05:00,2025-01-25 20:00:00+00:00,2025-01-25 15:00:00-05:00,61758,HUD VL,EST,HUD VL,61758,USW00014714,NYISO,HUD VL,actual_integrated,2025-01-23 07:55:06-05:00,2025-01-24 05:00:00-05:00,21.081666666666667,20250101isolf_csv.zip,20250124isolf.csv,zip_entry_last_modified,True,55.08166666666666,2025-01-25 00:00:00-05:00,False,2025-01-24 15:00:00-05:00,131.53,2025-01-24 00:00:00-05:00,True,5.69,-31.89,151.4,1330.7671,2025-01-25 15:45:00,FM-15,-3.0,-12.0,50.0,3.6,False,False,False,False
140.18,1274,16,5,True,148.39,152.45541666666668,2025-01-25 16:00:00-05:00,2025-01-25 21:00:00+00:00,2025-01-25 16:00:00-05:00,61758,HUD VL,EST,HUD VL,61758,USW00014714,NYISO,HUD VL,actual_integrated,2025-01-23 07:55:06-05:00,2025-01-24 05:00:00-05:00,21.081666666666667,20250101isolf_csv.zip,20250124isolf.csv,zip_entry_last_modified,True,56.08166666666666,2025-01-25 00:00:00-05:00,False,2025-01-24 16:00:00-05:00,148.39,2025-01-24 00:00:00-05:00,True,6.05,-46.31,180.44,1382.6586,2025-01-25 16:45:00,FM-15,-3.0,-12.0,50.0,4.1,False,False,False,False
158.88,1333,17,5,True,178.85,151.69791666666666,2025-01-25 17:00:00-05:00,2025-01-25 22:00:00+00:00,2025-01-25 17:00:00-05:00,61758,HUD VL,EST,HUD VL,61758,USW00014714,NYISO,HUD VL,actual_integrated,2025-01-23 07:55:06-05:00,2025-01-24 05:00:00-05:00,21.081666666666667,20250101isolf_csv.zip,20250124isolf.csv,zip_entry_last_modified,True,57.08166666666666,2025-01-25 00:00:00-05:00,False,2025-01-24 17:00:00-05:00,178.85,2025-01-24 00:00:00-05:00,True,6.35,-64.36,216.89,1450.4412,2025-01-25 17:45:00,FM-15,-4.0,-12.0,54.0,4.1,False,False,False,False
156.34,1344,18,5,True,175.66,150.95166666666668,2025-01-25 18:00:00-05:00,2025-01-25 23:00:00+00:00,2025-01-25 18:00:00-05:00,61758,HUD VL,EST,HUD VL,61758,USW00014714,NYISO,HUD VL,actual_integrated,2025-01-23 07:55:06-05:00,2025-01-24 05:00:00-05:00,21.081666666666667,20250101isolf_csv.zip,20250124isolf.csv,zip_entry_last_modified,True,58.08166666666666,2025-01-25 00:00:00-05:00,False,2025-01-24 18:00:00-05:00,175.66,2025-01-24 00:00:00-05:00,True,6.44,-61.64,211.54,1457.9797,2025-01-25 18:45:00,FM-15,-4.0,-12.0,54.0,2.6,False,False,False,False
143.93,1324,19,5,True,164.84,150.39666666666668,2025-01-25 19:00:00-05:00,2025-01-26 00:00:00+00:00,2025-01-25 19:00:00-05:00,61758,HUD VL,EST,HUD VL,61758,USW00014714,NYISO,HUD VL,actual_integrated,2025-01-23 07:55:06-05:00,2025-01-24 05:00:00-05:00,21.081666666666667,20250101isolf_csv.zip,20250124isolf.csv,zip_entry_last_modified,True,59.08166666666666,2025-01-25 00:00:00-05:00,False,2025-01-24 19:00:00-05:00,164.84,2025-01-24 00:00:00-05:00,True,5.64,-56.49,194.78000000000003,1430.6824,2025-01-25 19:45:00,FM-15,-4.0,-12.0,54.0,2.1,False,False,False,False
141.81,1302,20,5,True,155.27,149.6825,2025-01-25 20:00:00-05:00,2025-01-26 01:00:00+00:00,2025-01-25 20:00:00-05:00,61758,HUD VL,EST,HUD VL,61758,USW00014714,NYISO,HUD VL,actual_integrated,2025-01-23 07:55:06-05:00,2025-01-24 05:00:00-05:00,21.081666666666667,20250101isolf_csv.zip,20250124isolf.csv,zip_entry_last_modified,True,60.08166666666666,2025-01-25 00:00:00-05:00,False,2025-01-24 20:00:00-05:00,155.27,2025-01-24 00:00:00-05:00,True,5.22,-59.91,196.5,1407.1583,2025-01-25 20:45:00,FM-15,-7.0,-12.0,68.0,0.0,False,False,False,False
125.21,1264,21,5,True,134.79,148.43708333333333,2025-01-25 21:00:00-05:00,2025-01-26 02:00:00+00:00,2025-01-25 21:00:00-05:00,61758,HUD VL,EST,HUD VL,61758,USW00014714,NYISO,HUD VL,actual_integrated,2025-01-23 07:55:06-05:00,2025-01-24 05:00:00-05:00,21.081666666666667,20250101isolf_csv.zip,20250124isolf.csv,zip_entry_last_modified,True,61.08166666666666,2025-01-25 00:00:00-05:00,False,2025-01-24 21:00:00-05:00,134.79,2025-01-24 00:00:00-05:00,True,4.9,-47.2,167.51,1374.1973,2025-01-25 21:45:00,FM-15,-6.0,-12.0,63.0,0.0,False,False,False,False
122.8,1213,22,5,True,124.37,147.02083333333334,2025-01-25 22:00:00-05:00,2025-01-26 03:00:00+00:00,2025-01-25 22:00:00-05:00,61758,HUD VL,EST,HUD VL,61758,USW00014714,NYISO,HUD VL,actual_integrated,2025-01-23 07:55:06-05:00,2025-01-24 05:00:00-05:00,21.081666666666667,20250101isolf_csv.zip,20250124isolf.csv,zip_entry_last_modified,True,62.08166666666666,2025-01-25 00:00:00-05:00,False,2025-01-24 22:00:00-05:00,124.37,2025-01-24 00:00:00-05:00,True,4.77,-45.74,163.77,1315.6816,2025-01-25 22:45:00,FM-15,-5.0,-12.0,58.0,2.6,False,False,False,False
126.03,1161,23,5,True,133.86,146.04833333333332,2025-01-25 23:00:00-05:00,2025-01-26 04:00:00+00:00,2025-01-25 23:00:00-05:00,61758,HUD VL,EST,HUD VL,61758,USW00014714,NYISO,HUD VL,actual_integrated,2025-01-23 07:55:06-05:00,2025-01-24 05:00:00-05:00,21.081666666666667,20250101isolf_csv.zip,20250124isolf.csv,zip_entry_last_modified,True,63.08166666666666,2025-01-25 00:00:00-05:00,False,2025-01-24 23:00:00-05:00,133.86,2025-01-24 00:00:00-05:00,True,4.33,-49.54,171.24,1261.544,2025-01-25 23:45:00,FM-15,-4.0,-12.0,54.0,2.6,False,False,False,False
127.73,1122,0,6,True,157.15,146.38708333333332,2025-01-26 00:00:00-05:00,2025-01-26 05:00:00+00:00,2025-01-26 00:00:00-05:00,61758,HUD VL,EST,HUD VL,61758,USW00014714,NYISO,HUD VL,actual_integrated,2025-01-24 07:15:04-05:00,2025-01-25 05:00:00-05:00,21.74888888888889,20250101isolf_csv.zip,20250125isolf.csv,zip_entry_last_modified,True,40.74888888888889,2025-01-26 00:00:00-05:00,False,2025-01-25 00:00:00-05:00,157.15,2025-01-25 00:00:00-05:00,True,5.43,-34.68,156.98000000000002,1216.1243,2025-01-26 00:45:00,FM-15,-4.0,-10.0,63.0,0.0,False,False,False,False
106.85,1085,1,6,True,150.24,146.7875,2025-01-26 01:00:00-05:00,2025-01-26 06:00:00+00:00,2025-01-26 01:00:00-05:00,61758,HUD VL,EST,HUD VL,61758,USW00014714,NYISO,HUD VL,actual_integrated,2025-01-24 07:15:04-05:00,2025-01-25 05:00:00-05:00,21.74888888888889,20250101isolf_csv.zip,20250125isolf.csv,zip_entry_last_modified,True,41.74888888888889,2025-01-26 00:00:00-05:00,False,2025-01-25 01:00:00-05:00,150.24,2025-01-25 00:00:00-05:00,True,5.2,-16.4,118.04999999999998,1180.5643,2025-01-26 01:45:00,FM-15,-3.0,-9.0,64.0,2.1,False,False,False,False
106.91,1065,2,6,True,146.68,147.6875,2025-01-26 02:00:00-05:00,2025-01-26 07:00:00+00:00,2025-01-26 02:00:00-05:00,61758,HUD VL,EST,HUD VL,61758,USW00014714,NYISO,HUD VL,actual_integrated,2025-01-24 07:15:04-05:00,2025-01-25 05:00:00-05:00,21.74888888888889,20250101isolf_csv.zip,20250125isolf.csv,zip_entry_last_modified,True,42.74888888888889,2025-01-26 00:00:00-05:00,False,2025-01-25 02:00:00-05:00,146.68,2025-01-25 00:00:00-05:00,True,4.83,-20.27,122.35,1153.5757,2025-01-26 02:45:00,FM-15,-3.0,-8.0,69.0,2.6,False,False,False,False
98.18,1054,3,6,True,146.61,148.34625000000003,2025-01-26 03:00:00-05:00,2025-01-26 08:00:00+00:00,2025-01-26 03:00:00-05:00,61758,HUD VL,EST,HUD VL,61758,USW00014714,NYISO,HUD VL,actual_integrated,2025-01-24 07:15:04-05:00,2025-01-25 05:00:00-05:00,21.74888888888889,20250101isolf_csv.zip,20250125isolf.csv,zip_entry_last_modified,True,43.74888888888889,2025-01-26 00:00:00-05:00,False,2025-01-25 03:00:00-05:00,146.61,2025-01-25 00:00:00-05:00,True,4.83,-11.54,104.89,1139.8439,2025-01-26 03:45:00,FM-15,-3.0,-8.0,69.0,2.6,False,False,False,False
99.0,1053,4,6,True,150.71,148.96374999999998,2025-01-26 04:00:00-05:00,2025-01-26 09:00:00+00:00,2025-01-26 04:00:00-05:00,61758,HUD VL,EST,HUD VL,61758,USW00014714,NYISO,HUD VL,actual_integrated,2025-01-24 07:15:04-05:00,2025-01-25 05:00:00-05:00,21.74888888888889,20250101isolf_csv.zip,20250125isolf.csv,zip_entry_last_modified,True,44.74888888888889,2025-01-26 00:00:00-05:00,False,2025-01-25 04:00:00-05:00,150.71,2025-01-25 00:00:00-05:00,True,4.78,-13.26,107.48,1136.6626,2025-01-26 04:45:00,FM-15,-3.0,-8.0,69.0,4.1,False,False,False,False
107.46,1061,5,6,True,159.27,149.35958333333335,2025-01-26 05:00:00-05:00,2025-01-26 10:00:00+00:00,2025-01-26 05:00:00-05:00,61758,HUD VL,EST,HUD VL,61758,USW00014714,NYISO,HUD VL,actual_integrated,2025-01-24 07:15:04-05:00,2025-01-25 05:00:00-05:00,21.74888888888889,20250101isolf_csv.zip,20250125isolf.csv,zip_entry_last_modified,True,45.74888888888889,2025-01-26 00:00:00-05:00,False,2025-01-25 05:00:00-05:00,159.27,2025-01-25 00:00:00-05:00,True,4.25,-29.93,133.14,1148.5089,2025-01-26 05:45:00,FM-15,-3.0,-8.0,69.0,3.6,False,False,False,False
112.7,1091,6,6,True,172.91,149.15875000000003,2025-01-26 06:00:00-05:00,2025-01-26 11:00:00+00:00,2025-01-26 06:00:00-05:00,61758,HUD VL,EST,HUD VL,61758,USW00014714,NYISO,HUD VL,actual_integrated,2025-01-24 07:15:04-05:00,2025-01-25 05:00:00-05:00,21.74888888888889,20250101isolf_csv.zip,20250125isolf.csv,zip_entry_last_modified,True,46.74888888888889,2025-01-26 00:00:00-05:00,False,2025-01-25 06:00:00-05:00,172.91,2025-01-25 00:00:00-05:00,True,4.95,-26.53,134.28,1183.6167,2025-01-26 06:45:00,FM-15,-3.0,-8.0,69.0,3.6,False,False,False,False
102.83,1128,7,6,True,190.12,149.15291666666667,2025-01-26 07:00:00-05:00,2025-01-26 12:00:00+00:00,2025-01-26 07:00:00-05:00,61758,HUD VL,EST,HUD VL,61758,USW00014714,NYISO,HUD VL,actual_integrated,2025-01-24 07:15:04-05:00,2025-01-25 05:00:00-05:00,21.74888888888889,20250101isolf_csv.zip,20250125isolf.csv,zip_entry_last_modified,True,47.74888888888889,2025-01-26 00:00:00-05:00,False,2025-01-25 07:00:00-05:00,190.12,2025-01-25 00:00:00-05:00,True,4.24,-26.67,125.26,1224.8105,2025-01-26 07:45:00,FM-15,-3.0,-8.0,69.0,4.1,False,False,False,False
106.05,1151,8,6,True,177.97,148.92666666666665,2025-01-26 08:00:00-05:00,2025-01-26 13:00:00+00:00,2025-01-26 08:00:00-05:00,61758,HUD VL,EST,HUD VL,61758,USW00014714,NYISO,HUD VL,actual_integrated,2025-01-24 07:15:04-05:00,2025-01-25 05:00:00-05:00,21.74888888888889,20250101isolf_csv.zip,20250125isolf.csv,zip_entry_last_modified,True,48.74888888888889,2025-01-26 00:00:00-05:00,False,2025-01-25 08:00:00-05:00,177.97,2025-01-25 00:00:00-05:00,True,5.0,-23.02,124.07,1219.9049,2025-01-26 08:45:00,FM-15,-1.0,-7.0,64.0,6.2,False,False,False,False
110.43,1144,9,6,True,156.9,148.68333333333334,2025-01-26 09:00:00-05:00,2025-01-26 14:00:00+00:00,2025-01-26 09:00:00-05:00,61758,HUD VL,EST,HUD VL,61758,USW00014714,NYISO,HUD VL,actual_integrated,2025-01-24 07:15:04-05:00,2025-01-25 05:00:00-05:00,21.74888888888889,20250101isolf_csv.zip,20250125isolf.csv,zip_entry_last_modified,True,49.74888888888889,2025-01-26 00:00:00-05:00,False,2025-01-25 09:00:00-05:00,156.9,2025-01-25 00:00:00-05:00,True,5.28,-23.85,129.0,1163.204,2025-01-26 09:45:00,FM-15,1.0,-6.0,60.0,8.2,False,False,False,False
94.98,1111,10,6,True,129.85,148.75541666666666,2025-01-26 10:00:00-05:00,2025-01-26 15:00:00+00:00,2025-01-26 10:00:00-05:00,61758,HUD VL,EST,HUD VL,61758,USW00014714,NYISO,HUD VL,actual_integrated,2025-01-24 07:15:04-05:00,2025-01-25 05:00:00-05:00,21.74888888888889,20250101isolf_csv.zip,20250125isolf.csv,zip_entry_last_modified,True,50.74888888888889,2025-01-26 00:00:00-05:00,False,2025-01-25 10:00:00-05:00,129.85,2025-01-25 00:00:00-05:00,True,4.81,-17.31,107.48,1102.5029,2025-01-26 10:45:00,FM-15,2.0,-5.0,60.0,8.2,False,False,False,False
101.86,1092,11,6,True,115.77,148.37083333333334,2025-01-26 11:00:00-05:00,2025-01-26 16:00:00+00:00,2025-01-26 11:00:00-05:00,61758,HUD VL,EST,HUD VL,61758,USW00014714,NYISO,HUD VL,actual_integrated,2025-01-24 07:15:04-05:00,2025-01-25 05:00:00-05:00,21.74888888888889,20250101isolf_csv.zip,20250125isolf.csv,zip_entry_last_modified,True,51.74888888888889,2025-01-26 00:00:00-05:00,False,2025-01-25 11:00:00-05:00,115.77,2025-01-25 00:00:00-05:00,True,4.81,-21.98,119.03,1107.6097,2025-01-26 11:45:00,FM-15,3.0,-6.0,52.0,8.2,False,False,False,False
99.09,1080,12,6,True,111.8,147.97666666666666,2025-01-26 12:00:00-05:00,2025-01-26 17:00:00+00:00,2025-01-26 12:00:00-05:00,61758,HUD VL,EST,HUD VL,61758,USW00014714,NYISO,HUD VL,actual_integrated,2025-01-24 07:15:04-05:00,2025-01-25 05:00:00-05:00,21.74888888888889,20250101isolf_csv.zip,20250125isolf.csv,zip_entry_last_modified,True,52.74888888888889,2025-01-26 00:00:00-05:00,False,2025-01-25 12:00:00-05:00,111.8,2025-01-25 00:00:00-05:00,True,4.62,-22.31,116.78,1081.6614,2025-01-26 12:45:00,FM-15,3.0,-6.0,52.0,8.2,False,False,False,False
96.04,1069,13,6,True,110.91,147.64874999999998,2025-01-26 13:00:00-05:00,2025-01-26 18:00:00+00:00,2025-01-26 13:00:00-05:00,61758,HUD VL,EST,HUD VL,61758,USW00014714,NYISO,HUD VL,actual_integrated,2025-01-24 07:15:04-05:00,2025-01-25 05:00:00-05:00,21.74888888888889,20250101isolf_csv.zip,20250125isolf.csv,zip_entry_last_modified,True,53.74888888888889,2025-01-26 00:00:00-05:00,False,2025-01-25 13:00:00-05:00,110.91,2025-01-25 00:00:00-05:00,True,4.62,-19.27,110.69,1075.7063,2025-01-26 13:45:00,FM-15,3.0,-7.0,48.0,5.1,False,False,False,False
98.7,1117,14,6,True,116.46,147.53791666666666,2025-01-26 14:00:00-05:00,2025-01-26 19:00:00+00:00,2025-01-26 14:00:00-05:00,61758,HUD VL,EST,HUD VL,61758,USW00014714,NYISO,HUD VL,actual_integrated,2025-01-24 07:15:04-05:00,2025-01-25 05:00:00-05:00,21.74888888888889,20250101isolf_csv.zip,20250125isolf.csv,zip_entry_last_modified,True,54.74888888888889,2025-01-26 00:00:00-05:00,False,2025-01-25 14:00:00-05:00,116.46,2025-01-25 00:00:00-05:00,True,4.48,-21.92,116.14,1094.9166,2025-01-26 14:45:00,FM-15,3.0,-8.0,45.0,5.1,False,False,False,False
94.48,1155,15,6,True,125.2,147.27416666666667,2025-01-26 15:00:00-05:00,2025-01-26 20:00:00+00:00,2025-01-26 15:00:00-05:00,61758,HUD VL,EST,HUD VL,61758,USW00014714,NYISO,HUD VL,actual_integrated,2025-01-24 07:15:04-05:00,2025-01-25 05:00:00-05:00,21.74888888888889,20250101isolf_csv.zip,20250125isolf.csv,zip_entry_last_modified,True,55.74888888888889,2025-01-26 00:00:00-05:00,False,2025-01-25 15:00:00-05:00,125.2,2025-01-25 00:00:00-05:00,True,5.27,-8.07,97.28,1156.6715,2025-01-26 15:45:00,FM-15,3.0,-9.0,41.0,5.1,False,False,False,False
103.11,1228,16,6,True,140.18,146.93208333333334,2025-01-26 16:00:00-05:00,2025-01-26 21:00:00+00:00,2025-01-26 16:00:00-05:00,61758,HUD VL,EST,HUD VL,61758,USW00014714,NYISO,HUD VL,actual_integrated,2025-01-24 07:15:04-05:00,2025-01-25 05:00:00-05:00,21.74888888888889,20250101isolf_csv.zip,20250125isolf.csv,zip_entry_last_modified,True,56.74888888888889,2025-01-26 00:00:00-05:00,False,2025-01-25 16:00:00-05:00,140.18,2025-01-25 00:00:00-05:00,True,5.42,-14.27,111.96,1279.2789,2025-01-26 16:45:00,FM-15,2.0,-10.0,41.0,5.1,False,False,False,False
129.7,1300,17,6,True,158.88,146.1,2025-01-26 17:00:00-05:00,2025-01-26 22:00:00+00:00,2025-01-26 17:00:00-05:00,61758,HUD VL,EST,HUD VL,61758,USW00014714,NYISO,HUD VL,actual_integrated,2025-01-24 07:15:04-05:00,2025-01-25 05:00:00-05:00,21.74888888888889,20250101isolf_csv.zip,20250125isolf.csv,zip_entry_last_modified,True,57.74888888888889,2025-01-26 00:00:00-05:00,False,2025-01-25 17:00:00-05:00,158.88,2025-01-25 00:00:00-05:00,True,5.81,-35.82,159.70999999999998,1394.437,2025-01-26 17:45:00,FM-15,0.0,-9.0,51.0,3.6,False,False,False,False
148.3,1314,18,6,True,156.34,145.29500000000002,2025-01-26 18:00:00-05:00,2025-01-26 23:00:00+00:00,2025-01-26 18:00:00-05:00,61758,HUD VL,EST,HUD VL,61758,USW00014714,NYISO,HUD VL,actual_integrated,2025-01-24 07:15:04-05:00,2025-01-25 05:00:00-05:00,21.74888888888889,20250101isolf_csv.zip,20250125isolf.csv,zip_entry_last_modified,True,58.74888888888889,2025-01-26 00:00:00-05:00,False,2025-01-25 18:00:00-05:00,156.34,2025-01-25 00:00:00-05:00,True,5.9,-54.33,196.73,1411.974,2025-01-26 18:45:00,FM-15,-2.0,-9.0,59.0,2.1,False,False,False,False
115.72,1294,19,6,True,143.93,144.42375,2025-01-26 19:00:00-05:00,2025-01-27 00:00:00+00:00,2025-01-26 19:00:00-05:00,61758,HUD VL,EST,HUD VL,61758,USW00014714,NYISO,HUD VL,actual_integrated,2025-01-24 07:15:04-05:00,2025-01-25 05:00:00-05:00,21.74888888888889,20250101isolf_csv.zip,20250125isolf.csv,zip_entry_last_modified,True,59.74888888888889,2025-01-26 00:00:00-05:00,False,2025-01-25 19:00:00-05:00,143.93,2025-01-25 00:00:00-05:00,True,5.78,-22.32,132.26,1394.5016,2025-01-26 19:45:00,FM-15,-3.0,-9.0,64.0,4.1,False,False,False,False
104.43,1268,20,6,True,141.81,143.86291666666668,2025-01-26 20:00:00-05:00,2025-01-27 01:00:00+00:00,2025-01-26 20:00:00-05:00,61758,HUD VL,EST,HUD VL,61758,USW00014714,NYISO,HUD VL,actual_integrated,2025-01-24 07:15:04-05:00,2025-01-25 05:00:00-05:00,21.74888888888889,20250101isolf_csv.zip,20250125isolf.csv,zip_entry_last_modified,True,60.74888888888889,2025-01-26 00:00:00-05:00,False,2025-01-25 20:00:00-05:00,141.81,2025-01-25 00:00:00-05:00,True,5.79,-10.84,109.48,1361.7034,2025-01-26 20:45:00,FM-15,-4.0,-10.0,63.0,2.6,False,False,False,False
98.9,1223,21,6,True,125.21,143.46375,2025-01-26 21:00:00-05:00,2025-01-27 02:00:00+00:00,2025-01-26 21:00:00-05:00,61758,HUD VL,EST,HUD VL,61758,USW00014714,NYISO,HUD VL,actual_integrated,2025-01-24 07:15:04-05:00,2025-01-25 05:00:00-05:00,21.74888888888889,20250101isolf_csv.zip,20250125isolf.csv,zip_entry_last_modified,True,61.74888888888889,2025-01-26 00:00:00-05:00,False,2025-01-25 21:00:00-05:00,125.21,2025-01-25 00:00:00-05:00,True,5.19,-12.75,106.46,1309.6361,2025-01-26 21:45:00,FM-15,-6.0,-10.0,74.0,0.0,False,False,False,False
92.5,1163,22,6,True,122.8,143.39833333333334,2025-01-26 22:00:00-05:00,2025-01-27 03:00:00+00:00,2025-01-26 22:00:00-05:00,61758,HUD VL,EST,HUD VL,61758,USW00014714,NYISO,HUD VL,actual_integrated,2025-01-24 07:15:04-05:00,2025-01-25 05:00:00-05:00,21.74888888888889,20250101isolf_csv.zip,20250125isolf.csv,zip_entry_last_modified,True,62.74888888888889,2025-01-26 00:00:00-05:00,False,2025-01-25 22:00:00-05:00,122.8,2025-01-25 00:00:00-05:00,True,4.76,-9.69,97.43,1247.6007,2025-01-26 22:45:00,FM-15,-6.0,-11.0,68.0,0.0,False,False,False,False
90.73,1110,23,6,True,126.03,143.07208333333332,2025-01-26 23:00:00-05:00,2025-01-27 04:00:00+00:00,2025-01-26 23:00:00-05:00,61758,HUD VL,EST,HUD VL,61758,USW00014714,NYISO,HUD VL,actual_integrated,2025-01-24 07:15:04-05:00,2025-01-25 05:00:00-05:00,21.74888888888889,20250101isolf_csv.zip,20250125isolf.csv,zip_entry_last_modified,True,63.74888888888889,2025-01-26 00:00:00-05:00,False,2025-01-25 23:00:00-05:00,126.03,2025-01-25 00:00:00-05:00,True,4.25,-14.48,100.96,1182.9127,2025-01-26 23:45:00,FM-15,-6.0,-11.0,68.0,0.0,False,False,False,False
103.22,1083,0,0,False,127.73,141.84625,2025-01-27 00:00:00-05:00,2025-01-27 05:00:00+00:00,2025-01-27 00:00:00-05:00,61758,HUD VL,EST,HUD VL,61758,USW00014714,NYISO,HUD VL,actual_integrated,2025-01-25 07:10:04-05:00,2025-01-26 05:00:00-05:00,21.83222222222222,20250101isolf_csv.zip,20250126isolf.csv,zip_entry_last_modified,True,40.83222222222222,2025-01-27 00:00:00-05:00,False,2025-01-26 00:00:00-05:00,127.73,2025-01-26 00:00:00-05:00,True,4.87,-17.13,115.48,1143.8708,2025-01-27 00:45:00,FM-15,-4.0,-11.0,59.0,0.0,False,False,False,False
86.7,1062,1,0,False,106.85,140.03833333333333,2025-01-27 01:00:00-05:00,2025-01-27 06:00:00+00:00,2025-01-27 01:00:00-05:00,61758,HUD VL,EST,HUD VL,61758,USW00014714,NYISO,HUD VL,actual_integrated,2025-01-25 07:10:04-05:00,2025-01-26 05:00:00-05:00,21.83222222222222,20250101isolf_csv.zip,20250126isolf.csv,zip_entry_last_modified,True,41.83222222222222,2025-01-27 00:00:00-05:00,False,2025-01-26 01:00:00-05:00,106.85,2025-01-26 00:00:00-05:00,True,4.24,-10.53,92.99,1119.8347,2025-01-27 01:45:00,FM-15,-3.0,-10.0,59.0,2.6,False,False,False,False
85.78,1055,2,0,False,106.91,138.38125,2025-01-27 02:00:00-05:00,2025-01-27 07:00:00+00:00,2025-01-27 02:00:00-05:00,61758,HUD VL,EST,HUD VL,61758,USW00014714,NYISO,HUD VL,actual_integrated,2025-01-25 07:10:04-05:00,2025-01-26 05:00:00-05:00,21.83222222222222,20250101isolf_csv.zip,20250126isolf.csv,zip_entry_last_modified,True,42.83222222222222,2025-01-27 00:00:00-05:00,False,2025-01-26 02:00:00-05:00,106.91,2025-01-26 00:00:00-05:00,True,4.16,-9.92,91.54,1105.4802,2025-01-27 02:45:00,FM-15,-3.0,-10.0,59.0,3.6,False,False,False,False
85.83,1058,3,0,False,98.18,136.36333333333332,2025-01-27 03:00:00-05:00,2025-01-27 08:00:00+00:00,2025-01-27 03:00:00-05:00,61758,HUD VL,EST,HUD VL,61758,USW00014714,NYISO,HUD VL,actual_integrated,2025-01-25 07:10:04-05:00,2025-01-26 05:00:00-05:00,21.83222222222222,20250101isolf_csv.zip,20250126isolf.csv,zip_entry_last_modified,True,43.83222222222222,2025-01-27 00:00:00-05:00,False,2025-01-26 03:00:00-05:00,98.18,2025-01-26 00:00:00-05:00,True,4.16,-9.89,91.56,1106.9212,2025-01-27 03:45:00,FM-15,-3.0,-10.0,59.0,3.6,False,False,False,False
89.11,1075,4,0,False,99.0,134.20875,2025-01-27 04:00:00-05:00,2025-01-27 09:00:00+00:00,2025-01-27 04:00:00-05:00,61758,HUD VL,EST,HUD VL,61758,USW00014714,NYISO,HUD VL,actual_integrated,2025-01-25 07:10:04-05:00,2025-01-26 05:00:00-05:00,21.83222222222222,20250101isolf_csv.zip,20250126isolf.csv,zip_entry_last_modified,True,44.83222222222222,2025-01-27 00:00:00-05:00,False,2025-01-26 04:00:00-05:00,99.0,2025-01-26 00:00:00-05:00,True,4.25,-12.87,97.73,1123.8435,2025-01-27 04:45:00,FM-15,-6.0,-11.0,68.0,3.6,False,False,False,False
96.54,1129,5,0,False,107.46,132.04999999999998,2025-01-27 05:00:00-05:00,2025-01-27 10:00:00+00:00,2025-01-27 05:00:00-05:00,61758,HUD VL,EST,HUD VL,61758,USW00014714,NYISO,HUD VL,actual_integrated,2025-01-25 07:10:04-05:00,2025-01-26 05:00:00-05:00,21.83222222222222,20250101isolf_csv.zip,20250126isolf.csv,zip_entry_last_modified,True,45.83222222222222,2025-01-27 00:00:00-05:00,False,2025-01-26 05:00:00-05:00,107.46,2025-01-26 00:00:00-05:00,True,4.4,-19.99,112.13,1185.0673,2025-01-27 05:45:00,FM-15,-5.0,-10.0,68.0,4.6,False,False,False,False
117.78,1228,6,0,False,112.7,129.54125,2025-01-27 06:00:00-05:00,2025-01-27 11:00:00+00:00,2025-01-27 06:00:00-05:00,61758,HUD VL,EST,HUD VL,61758,USW00014714,NYISO,HUD VL,actual_integrated,2025-01-25 07:10:04-05:00,2025-01-26 05:00:00-05:00,21.83222222222222,20250101isolf_csv.zip,20250126isolf.csv,zip_entry_last_modified,True,46.83222222222222,2025-01-27 00:00:00-05:00,False,2025-01-26 06:00:00-05:00,112.7,2025-01-26 00:00:00-05:00,True,5.59,-24.95,137.14,1289.6993,2025-01-27 06:45:00,FM-15,-7.0,-11.0,73.0,2.6,False,False,False,False
165.37,1287,7,0,False,102.83,125.90416666666665,2025-01-27 07:00:00-05:00,2025-01-27 12:00:00+00:00,2025-01-27 07:00:00-05:00,61758,HUD VL,EST,HUD VL,61758,USW00014714,NYISO,HUD VL,actual_integrated,2025-01-25 07:10:04-05:00,2025-01-26 05:00:00-05:00,21.83222222222222,20250101isolf_csv.zip,20250126isolf.csv,zip_entry_last_modified,True,47.83222222222222,2025-01-27 00:00:00-05:00,False,2025-01-26 07:00:00-05:00,102.83,2025-01-26 00:00:00-05:00,True,5.89,-71.51,230.99,1352.2778,2025-01-27 07:45:00,FM-15,-6.0,-11.0,68.0,2.1,False,False,False,False
136.94,1221,8,0,False,106.05,122.90749999999998,2025-01-27 08:00:00-05:00,2025-01-27 13:00:00+00:00,2025-01-27 08:00:00-05:00,61758,HUD VL,EST,HUD VL,61758,USW00014714,NYISO,HUD VL,actual_integrated,2025-01-25 07:10:04-05:00,2025-01-26 05:00:00-05:00,21.83222222222222,20250101isolf_csv.zip,20250126isolf.csv,zip_entry_last_modified,True,48.83222222222222,2025-01-27 00:00:00-05:00,False,2025-01-26 08:00:00-05:00,106.05,2025-01-26 00:00:00-05:00,True,6.44,-42.25,172.75,1280.2261,2025-01-27 08:45:00,FM-15,-4.0,-10.0,63.0,3.1,False,False,False,False
122.45,1093,9,0,False,110.43,120.97125,2025-01-27 09:00:00-05:00,2025-01-27 14:00:00+00:00,2025-01-27 09:00:00-05:00,61758,HUD VL,EST,HUD VL,61758,USW00014714,NYISO,HUD VL,actual_integrated,2025-01-25 07:10:04-05:00,2025-01-26 05:00:00-05:00,21.83222222222222,20250101isolf_csv.zip,20250126isolf.csv,zip_entry_last_modified,True,49.83222222222222,2025-01-27 00:00:00-05:00,False,2025-01-26 09:00:00-05:00,110.43,2025-01-26 00:00:00-05:00,True,5.08,-43.74,161.11,1135.9552,2025-01-27 09:45:00,FM-15,-1.0,-9.0,55.0,6.2,False,False,False,False
101.89,1036,10,0,False,94.98,119.51833333333333,2025-01-27 10:00:00-05:00,2025-01-27 15:00:00+00:00,2025-01-27 10:00:00-05:00,61758,HUD VL,EST,HUD VL,61758,USW00014714,NYISO,HUD VL,actual_integrated,2025-01-25 07:10:04-05:00,2025-01-26 05:00:00-05:00,21.83222222222222,20250101isolf_csv.zip,20250126isolf.csv,zip_entry_last_modified,True,50.83222222222222,2025-01-27 00:00:00-05:00,False,2025-01-26 10:00:00-05:00,94.98,2025-01-26 00:00:00-05:00,True,4.73,-25.45,122.61,1032.2203,2025-01-27 10:45:00,FM-15,-1.0,-9.0,55.0,5.1,False,False,False,False
97.02,1027,11,0,False,101.86,118.93874999999998,2025-01-27 11:00:00-05:00,2025-01-27 16:00:00+00:00,2025-01-27 11:00:00-05:00,61758,HUD VL,EST,HUD VL,61758,USW00014714,NYISO,HUD VL,actual_integrated,2025-01-25 07:10:04-05:00,2025-01-26 05:00:00-05:00,21.83222222222222,20250101isolf_csv.zip,20250126isolf.csv,zip_entry_last_modified,True,51.83222222222222,2025-01-27 00:00:00-05:00,False,2025-01-26 11:00:00-05:00,101.86,2025-01-26 00:00:00-05:00,True,4.8,-20.52,112.74,978.872,2025-01-27 11:45:00,FM-15,1.0,-10.0,44.0,5.1,False,False,False,False
92.05,1021,12,0,False,99.09,118.40916666666668,2025-01-27 12:00:00-05:00,2025-01-27 17:00:00+00:00,2025-01-27 12:00:00-05:00,61758,HUD VL,EST,HUD VL,61758,USW00014714,NYISO,HUD VL,actual_integrated,2025-01-25 07:10:04-05:00,2025-01-26 05:00:00-05:00,21.83222222222222,20250101isolf_csv.zip,20250126isolf.csv,zip_entry_last_modified,True,52.83222222222222,2025-01-27 00:00:00-05:00,False,2025-01-26 12:00:00-05:00,99.09,2025-01-26 00:00:00-05:00,True,4.74,-15.46,102.77,945.0234,2025-01-27 12:45:00,FM-15,2.0,-10.0,41.0,7.7,False,False,False,False
89.02,1054,13,0,False,96.04,117.78958333333334,2025-01-27 13:00:00-05:00,2025-01-27 18:00:00+00:00,2025-01-27 13:00:00-05:00,61758,HUD VL,EST,HUD VL,61758,USW00014714,NYISO,HUD VL,actual_integrated,2025-01-25 07:10:04-05:00,2025-01-26 05:00:00-05:00,21.83222222222222,20250101isolf_csv.zip,20250126isolf.csv,zip_entry_last_modified,True,53.83222222222222,2025-01-27 00:00:00-05:00,False,2025-01-26 13:00:00-05:00,96.04,2025-01-26 00:00:00-05:00,True,4.74,-12.51,96.79,939.7126,2025-01-27 13:45:00,FM-15,3.0,-10.0,38.0,5.7,False,False,False,False
83.91,1122,14,0,False,98.7,117.04958333333333,2025-01-27 14:00:00-05:00,2025-01-27 19:00:00+00:00,2025-01-27 14:00:00-05:00,61758,HUD VL,EST,HUD VL,61758,USW00014714,NYISO,HUD VL,actual_integrated,2025-01-25 07:10:04-05:00,2025-01-26 05:00:00-05:00,21.83222222222222,20250101isolf_csv.zip,20250126isolf.csv,zip_entry_last_modified,True,54.83222222222222,2025-01-27 00:00:00-05:00,False,2025-01-26 14:00:00-05:00,98.7,2025-01-26 00:00:00-05:00,True,4.88,-7.25,86.28,1006.7386,2025-01-27 14:45:00,FM-15,2.0,-10.0,41.0,5.7,False,False,False,False
98.21,1194,15,0,False,94.48,115.76958333333333,2025-01-27 15:00:00-05:00,2025-01-27 20:00:00+00:00,2025-01-27 15:00:00-05:00,61758,HUD VL,EST,HUD VL,61758,USW00014714,NYISO,HUD VL,actual_integrated,2025-01-25 07:10:04-05:00,2025-01-26 05:00:00-05:00,21.83222222222222,20250101isolf_csv.zip,20250126isolf.csv,zip_entry_last_modified,True,55.83222222222222,2025-01-27 00:00:00-05:00,False,2025-01-26 15:00:00-05:00,94.48,2025-01-26 00:00:00-05:00,True,4.82,-21.47,114.86,1188.3179,2025-01-27 15:45:00,FM-15,2.0,-11.0,38.0,8.2,False,False,False,False
111.87,1270,16,0,False,103.11,114.22500000000001,2025-01-27 16:00:00-05:00,2025-01-27 21:00:00+00:00,2025-01-27 16:00:00-05:00,61758,HUD VL,EST,HUD VL,61758,USW00014714,NYISO,HUD VL,actual_integrated,2025-01-25 07:10:04-05:00,2025-01-26 05:00:00-05:00,21.83222222222222,20250101isolf_csv.zip,20250126isolf.csv,zip_entry_last_modified,True,56.83222222222222,2025-01-27 00:00:00-05:00,False,2025-01-26 16:00:00-05:00,103.11,2025-01-26 00:00:00-05:00,True,4.96,-35.0,141.91000000000005,1378.3359,2025-01-27 16:45:00,FM-15,2.0,-12.0,35.0,5.7,False,False,False,False
159.06,1355,17,0,False,129.7,113.00916666666666,2025-01-27 17:00:00-05:00,2025-01-27 22:00:00+00:00,2025-01-27 17:00:00-05:00,61758,HUD VL,EST,HUD VL,61758,USW00014714,NYISO,HUD VL,actual_integrated,2025-01-25 07:10:04-05:00,2025-01-26 05:00:00-05:00,21.83222222222222,20250101isolf_csv.zip,20250126isolf.csv,zip_entry_last_modified,True,57.83222222222222,2025-01-27 00:00:00-05:00,False,2025-01-26 17:00:00-05:00,129.7,2025-01-26 00:00:00-05:00,True,5.96,-70.41,223.51,1407.5266,2025-01-27 17:45:00,FM-15,1.0,-13.0,35.0,5.1,False,False,False,False
154.95,1366,18,0,False,148.3,112.67416666666666,2025-01-27 18:00:00-05:00,2025-01-27 23:00:00+00:00,2025-01-27 18:00:00-05:00,61758,HUD VL,EST,HUD VL,61758,USW00014714,NYISO,HUD VL,actual_integrated,2025-01-25 07:10:04-05:00,2025-01-26 05:00:00-05:00,21.83222222222222,20250101isolf_csv.zip,20250126isolf.csv,zip_entry_last_modified,True,58.83222222222222,2025-01-27 00:00:00-05:00,False,2025-01-26 18:00:00-05:00,148.3,2025-01-26 00:00:00-05:00,True,5.8,-68.58,217.73,1437.5911,2025-01-27 18:45:00,FM-15,1.0,-13.0,35.0,5.1,False,False,False,False
124.53,1341,19,0,False,115.72,111.49874999999999,2025-01-27 19:00:00-05:00,2025-01-28 00:00:00+00:00,2025-01-27 19:00:00-05:00,61758,HUD VL,EST,HUD VL,61758,USW00014714,NYISO,HUD VL,actual_integrated,2025-01-25 07:10:04-05:00,2025-01-26 05:00:00-05:00,21.83222222222222,20250101isolf_csv.zip,20250126isolf.csv,zip_entry_last_modified,True,59.83222222222222,2025-01-27 00:00:00-05:00,False,2025-01-26 19:00:00-05:00,115.72,2025-01-26 00:00:00-05:00,True,5.13,-47.11,166.51,1414.3648,2025-01-27 19:45:00,FM-15,0.0,-13.0,37.0,3.6,False,False,False,False
112.1,1300,20,0,False,104.43,109.94125000000001,2025-01-27 20:00:00-05:00,2025-01-28 01:00:00+00:00,2025-01-27 20:00:00-05:00,61758,HUD VL,EST,HUD VL,61758,USW00014714,NYISO,HUD VL,actual_integrated,2025-01-25 07:10:04-05:00,2025-01-26 05:00:00-05:00,21.83222222222222,20250101isolf_csv.zip,20250126isolf.csv,zip_entry_last_modified,True,60.83222222222222,2025-01-27 00:00:00-05:00,False,2025-01-26 20:00:00-05:00,104.43,2025-01-26 00:00:00-05:00,True,5.3,-31.11,137.91,1375.7388,2025-01-27 20:45:00,FM-15,1.0,-12.0,38.0,5.1,False,False,False,False
98.59,1239,21,0,False,98.9,108.84500000000001,2025-01-27 21:00:00-05:00,2025-01-28 02:00:00+00:00,2025-01-27 21:00:00-05:00,61758,HUD VL,EST,HUD VL,61758,USW00014714,NYISO,HUD VL,actual_integrated,2025-01-25 07:10:04-05:00,2025-01-26 05:00:00-05:00,21.83222222222222,20250101isolf_csv.zip,20250126isolf.csv,zip_entry_last_modified,True,61.83222222222222,2025-01-27 00:00:00-05:00,False,2025-01-26 21:00:00-05:00,98.9,2025-01-26 00:00:00-05:00,True,4.83,-21.7,115.46,1317.5772,2025-01-27 21:45:00,FM-15,1.0,-11.0,41.0,7.2,False,False,False,False
104.08,1172,22,0,False,92.5,107.5825,2025-01-27 22:00:00-05:00,2025-01-28 03:00:00+00:00,2025-01-27 22:00:00-05:00,61758,HUD VL,EST,HUD VL,61758,USW00014714,NYISO,HUD VL,actual_integrated,2025-01-25 07:10:04-05:00,2025-01-26 05:00:00-05:00,21.83222222222222,20250101isolf_csv.zip,20250126isolf.csv,zip_entry_last_modified,True,62.83222222222222,2025-01-27 00:00:00-05:00,False,2025-01-26 22:00:00-05:00,92.5,2025-01-26 00:00:00-05:00,True,4.6,-27.63,127.11,1234.0313,2025-01-27 22:45:00,FM-15,1.0,-11.0,41.0,6.2,False,False,False,False
103.46,1103,23,0,False,90.73,106.11166666666668,2025-01-27 23:00:00-05:00,2025-01-28 04:00:00+00:00,2025-01-27 23:00:00-05:00,61758,HUD VL,EST,HUD VL,61758,USW00014714,NYISO,HUD VL,actual_integrated,2025-01-25 07:10:04-05:00,2025-01-26 05:00:00-05:00,21.83222222222222,20250101isolf_csv.zip,20250126isolf.csv,zip_entry_last_modified,True,63.83222222222222,2025-01-27 00:00:00-05:00,False,2025-01-26 23:00:00-05:00,90.73,2025-01-26 00:00:00-05:00,True,4.23,-27.53,126.76,1160.9766,2025-01-27 23:45:00,FM-15,1.0,-11.0,41.0,7.2,False,False,False,False
108.15,1056,0,1,False,103.22,105.09041666666667,2025-01-28 00:00:00-05:00,2025-01-28 05:00:00+00:00,2025-01-28 00:00:00-05:00,61758,HUD VL,EST,HUD VL,61758,USW00014714,NYISO,HUD VL,actual_integrated,2025-01-26 07:55:06-05:00,2025-01-27 05:00:00-05:00,21.081666666666667,20250101isolf_csv.zip,20250127isolf.csv,zip_entry_last_modified,True,40.08166666666666,2025-01-28 00:00:00-05:00,False,2025-01-27 00:00:00-05:00,103.22,2025-01-27 00:00:00-05:00,True,4.43,-32.31,136.03,1112.596,2025-01-28 00:45:00,FM-15,1.0,-11.0,41.0,6.7,False,False,False,False
106.68,1034,1,1,False,86.7,104.25083333333333,2025-01-28 01:00:00-05:00,2025-01-28 06:00:00+00:00,2025-01-28 01:00:00-05:00,61758,HUD VL,EST,HUD VL,61758,USW00014714,NYISO,HUD VL,actual_integrated,2025-01-26 07:55:06-05:00,2025-01-27 05:00:00-05:00,21.081666666666667,20250101isolf_csv.zip,20250127isolf.csv,zip_entry_last_modified,True,41.08166666666666,2025-01-28 00:00:00-05:00,False,2025-01-27 01:00:00-05:00,86.7,2025-01-27 00:00:00-05:00,True,4.28,-31.06,133.46,1078.6555,2025-01-28 01:45:00,FM-15,1.0,-11.0,41.0,5.1,False,False,False,False
102.78,1022,2,1,False,85.78,103.37041666666666,2025-01-28 02:00:00-05:00,2025-01-28 07:00:00+00:00,2025-01-28 02:00:00-05:00,61758,HUD VL,EST,HUD VL,61758,USW00014714,NYISO,HUD VL,actual_integrated,2025-01-26 07:55:06-05:00,2025-01-27 05:00:00-05:00,21.081666666666667,20250101isolf_csv.zip,20250127isolf.csv,zip_entry_last_modified,True,42.08166666666666,2025-01-28 00:00:00-05:00,False,2025-01-27 02:00:00-05:00,85.78,2025-01-27 00:00:00-05:00,True,4.2,-27.31,125.89,1059.4751,2025-01-28 02:45:00,FM-15,1.0,-11.0,41.0,7.7,False,False,False,False
100.63,1020,3,1,False,85.83,102.85583333333334,2025-01-28 03:00:00-05:00,2025-01-28 08:00:00+00:00,2025-01-28 03:00:00-05:00,61758,HUD VL,EST,HUD VL,61758,USW00014714,NYISO,HUD VL,actual_integrated,2025-01-26 07:55:06-05:00,2025-01-27 05:00:00-05:00,21.081666666666667,20250101isolf_csv.zip,20250127isolf.csv,zip_entry_last_modified,True,43.08166666666666,2025-01-28 00:00:00-05:00,False,2025-01-27 03:00:00-05:00,85.83,2025-01-27 00:00:00-05:00,True,4.2,-25.15,121.57999999999998,1058.2886,2025-01-28 03:45:00,FM-15,1.0,-10.0,44.0,8.2,False,False,False,False
110.76,1031,4,1,False,89.11,102.44375000000001,2025-01-28 04:00:00-05:00,2025-01-28 09:00:00+00:00,2025-01-28 04:00:00-05:00,61758,HUD VL,EST,HUD VL,61758,USW00014714,NYISO,HUD VL,actual_integrated,2025-01-26 07:55:06-05:00,2025-01-27 05:00:00-05:00,21.081666666666667,20250101isolf_csv.zip,20250127isolf.csv,zip_entry_last_modified,True,44.08166666666666,2025-01-28 00:00:00-05:00,False,2025-01-27 04:00:00-05:00,89.11,2025-01-27 00:00:00-05:00,True,4.22,-34.99,141.53,1074.0253,2025-01-28 04:45:00,FM-15,1.0,-10.0,44.0,7.7,False,False,False,False
114.2,1075,5,1,False,96.54,101.98875,2025-01-28 05:00:00-05:00,2025-01-28 10:00:00+00:00,2025-01-28 05:00:00-05:00,61758,HUD VL,EST,HUD VL,61758,USW00014714,NYISO,HUD VL,actual_integrated,2025-01-26 07:55:06-05:00,2025-01-27 05:00:00-05:00,21.081666666666667,20250101isolf_csv.zip,20250127isolf.csv,zip_entry_last_modified,True,45.08166666666666,2025-01-28 00:00:00-05:00,False,2025-01-27 05:00:00-05:00,96.54,2025-01-27 00:00:00-05:00,True,4.54,-37.66,147.32,1121.4005,2025-01-28 05:45:00,FM-15,1.0,-10.0,44.0,7.7,False,False,False,False
126.94,1156,6,1,False,117.78,102.20041666666668,2025-01-28 06:00:00-05:00,2025-01-28 11:00:00+00:00,2025-01-28 06:00:00-05:00,61758,HUD VL,EST,HUD VL,61758,USW00014714,NYISO,HUD VL,actual_integrated,2025-01-26 07:55:06-05:00,2025-01-27 05:00:00-05:00,21.081666666666667,20250101isolf_csv.zip,20250127isolf.csv,zip_entry_last_modified,True,46.08166666666666,2025-01-28 00:00:00-05:00,False,2025-01-27 06:00:00-05:00,117.78,2025-01-27 00:00:00-05:00,True,5.04,-43.23,165.13,1214.4512,,,,,,,,,True,False
159.52,1217,7,1,False,165.37,104.80625000000002,2025-01-28 07:00:00-05:00,2025-01-28 12:00:00+00:00,2025-01-28 07:00:00-05:00,61758,HUD VL,EST,HUD VL,61758,USW00014714,NYISO,HUD VL,actual_integrated,2025-01-26 07:55:06-05:00,2025-01-27 05:00:00-05:00,21.081666666666667,20250101isolf_csv.zip,20250127isolf.csv,zip_entry_last_modified,True,47.08166666666666,2025-01-28 00:00:00-05:00,False,2025-01-27 07:00:00-05:00,165.37,2025-01-27 00:00:00-05:00,True,5.87,-66.12,219.77,1267.8196,2025-01-28 07:45:00,FM-15,0.0,-6.0,64.0,7.7,False,False,False,False
142.85,1211,8,1,False,136.94,106.09333333333335,2025-01-28 08:00:00-05:00,2025-01-28 13:00:00+00:00,2025-01-28 08:00:00-05:00,61758,HUD VL,EST,HUD VL,61758,USW00014714,NYISO,HUD VL,actual_integrated,2025-01-26 07:55:06-05:00,2025-01-27 05:00:00-05:00,21.081666666666667,20250101isolf_csv.zip,20250127isolf.csv,zip_entry_last_modified,True,48.08166666666666,2025-01-28 00:00:00-05:00,False,2025-01-27 08:00:00-05:00,136.94,2025-01-27 00:00:00-05:00,True,6.25,-48.62,185.22,1226.3285,2025-01-28 08:45:00,FM-15,2.0,-5.0,60.0,7.7,False,False,False,False
123.69,1164,9,1,False,122.45,106.59416666666668,2025-01-28 09:00:00-05:00,2025-01-28 14:00:00+00:00,2025-01-28 09:00:00-05:00,61758,HUD VL,EST,HUD VL,61758,USW00014714,NYISO,HUD VL,actual_integrated,2025-01-26 07:55:06-05:00,2025-01-27 05:00:00-05:00,21.081666666666667,20250101isolf_csv.zip,20250127isolf.csv,zip_entry_last_modified,True,49.08166666666666,2025-01-28 00:00:00-05:00,False,2025-01-27 09:00:00-05:00,122.45,2025-01-27 00:00:00-05:00,True,6.31,-29.76,147.14,1142.2004,2025-01-28 09:45:00,FM-15,2.0,-5.0,60.0,9.3,False,False,False,False
119.79,1137,10,1,False,101.89,106.88208333333334,2025-01-28 10:00:00-05:00,2025-01-28 15:00:00+00:00,2025-01-28 10:00:00-05:00,61758,HUD VL,EST,HUD VL,61758,USW00014714,NYISO,HUD VL,actual_integrated,2025-01-26 07:55:06-05:00,2025-01-27 05:00:00-05:00,21.081666666666667,20250101isolf_csv.zip,20250127isolf.csv,zip_entry_last_modified,True,50.08166666666666,2025-01-28 00:00:00-05:00,False,2025-01-27 10:00:00-05:00,101.89,2025-01-27 00:00:00-05:00,True,6.24,-25.75,139.3,1050.389,2025-01-28 10:45:00,FM-15,2.0,-7.0,52.0,8.8,False,False,False,False
115.78,1100,11,1,False,97.02,106.68041666666666,2025-01-28 11:00:00-05:00,2025-01-28 16:00:00+00:00,2025-01-28 11:00:00-05:00,61758,HUD VL,EST,HUD VL,61758,USW00014714,NYISO,HUD VL,actual_integrated,2025-01-26 07:55:06-05:00,2025-01-27 05:00:00-05:00,21.081666666666667,20250101isolf_csv.zip,20250127isolf.csv,zip_entry_last_modified,True,51.08166666666666,2025-01-28 00:00:00-05:00,False,2025-01-27 11:00:00-05:00,97.02,2025-01-27 00:00:00-05:00,True,6.14,-21.83,131.47,957.5259,2025-01-28 11:45:00,FM-15,0.0,-9.0,51.0,8.2,False,False,False,False
112.21,1087,12,1,False,92.05,106.38708333333334,2025-01-28 12:00:00-05:00,2025-01-28 17:00:00+00:00,2025-01-28 12:00:00-05:00,61758,HUD VL,EST,HUD VL,61758,USW00014714,NYISO,HUD VL,actual_integrated,2025-01-26 07:55:06-05:00,2025-01-27 05:00:00-05:00,21.081666666666667,20250101isolf_csv.zip,20250127isolf.csv,zip_entry_last_modified,True,52.08166666666666,2025-01-28 00:00:00-05:00,False,2025-01-27 12:00:00-05:00,92.05,2025-01-27 00:00:00-05:00,True,6.05,-18.46,124.62,959.2474,2025-01-28 12:45:00,FM-15,-1.0,-9.0,55.0,10.3,False,False,False,False
110.57,1118,13,1,False,89.02,106.09458333333333,2025-01-28 13:00:00-05:00,2025-01-28 18:00:00+00:00,2025-01-28 13:00:00-05:00,61758,HUD VL,EST,HUD VL,61758,USW00014714,NYISO,HUD VL,actual_integrated,2025-01-26 07:55:06-05:00,2025-01-27 05:00:00-05:00,21.081666666666667,20250101isolf_csv.zip,20250127isolf.csv,zip_entry_last_modified,True,53.08166666666666,2025-01-28 00:00:00-05:00,False,2025-01-27 13:00:00-05:00,89.02,2025-01-27 00:00:00-05:00,True,5.77,-18.67,123.47,936.0286,2025-01-28 13:45:00,FM-15,-1.0,-10.0,51.0,10.3,False,False,False,False
112.8,1163,14,1,False,83.91,105.47833333333334,2025-01-28 14:00:00-05:00,2025-01-28 19:00:00+00:00,2025-01-28 14:00:00-05:00,61758,HUD VL,EST,HUD VL,61758,USW00014714,NYISO,HUD VL,actual_integrated,2025-01-26 07:55:06-05:00,2025-01-27 05:00:00-05:00,21.081666666666667,20250101isolf_csv.zip,20250127isolf.csv,zip_entry_last_modified,True,54.08166666666666,2025-01-28 00:00:00-05:00,False,2025-01-27 14:00:00-05:00,83.91,2025-01-27 00:00:00-05:00,True,6.22,-18.96,125.54,990.3874,2025-01-28 14:45:00,FM-15,-1.0,-13.0,40.0,7.7,False,False,False,False
129.68,1219,15,1,False,98.21,105.63375,2025-01-28 15:00:00-05:00,2025-01-28 20:00:00+00:00,2025-01-28 15:00:00-05:00,61758,HUD VL,EST,HUD VL,61758,USW00014714,NYISO,HUD VL,actual_integrated,2025-01-26 07:55:06-05:00,2025-01-27 05:00:00-05:00,21.081666666666667,20250101isolf_csv.zip,20250127isolf.csv,zip_entry_last_modified,True,55.08166666666666,2025-01-28 00:00:00-05:00,False,2025-01-27 15:00:00-05:00,98.21,2025-01-27 00:00:00-05:00,True,6.52,-35.0,158.16000000000005,1138.33,2025-01-28 15:45:00,FM-15,-1.0,-14.0,37.0,7.7,False,False,False,False
154.2,1293,16,1,False,111.87,105.99874999999999,2025-01-28 16:00:00-05:00,2025-01-28 21:00:00+00:00,2025-01-28 16:00:00-05:00,61758,HUD VL,EST,HUD VL,61758,USW00014714,NYISO,HUD VL,actual_integrated,2025-01-26 07:55:06-05:00,2025-01-27 05:00:00-05:00,21.081666666666667,20250101isolf_csv.zip,20250127isolf.csv,zip_entry_last_modified,True,56.08166666666666,2025-01-28 00:00:00-05:00,False,2025-01-27 16:00:00-05:00,111.87,2025-01-27 00:00:00-05:00,True,6.7,-59.24,206.74,1303.7272,2025-01-28 16:45:00,FM-15,-2.0,-13.0,43.0,6.2,False,False,False,False
193.28,1378,17,1,False,159.06,107.22208333333334,2025-01-28 17:00:00-05:00,2025-01-28 22:00:00+00:00,2025-01-28 17:00:00-05:00,61758,HUD VL,EST,HUD VL,61758,USW00014714,NYISO,HUD VL,actual_integrated,2025-01-26 07:55:06-05:00,2025-01-27 05:00:00-05:00,21.081666666666667,20250101isolf_csv.zip,20250127isolf.csv,zip_entry_last_modified,True,57.08166666666666,2025-01-28 00:00:00-05:00,False,2025-01-27 17:00:00-05:00,159.06,2025-01-27 00:00:00-05:00,True,12.77,-12.33,192.84,1422.1774,2025-01-28 17:45:00,FM-15,-3.0,-14.0,43.0,3.1,False,False,False,False
188.72,1395,18,1,False,154.95,107.49916666666667,2025-01-28 18:00:00-05:00,2025-01-28 23:00:00+00:00,2025-01-28 18:00:00-05:00,61758,HUD VL,EST,HUD VL,61758,USW00014714,NYISO,HUD VL,actual_integrated,2025-01-26 07:55:06-05:00,2025-01-27 05:00:00-05:00,21.081666666666667,20250101isolf_csv.zip,20250127isolf.csv,zip_entry_last_modified,True,58.08166666666666,2025-01-28 00:00:00-05:00,False,2025-01-27 18:00:00-05:00,154.95,2025-01-27 00:00:00-05:00,True,12.8,-5.35,181.27,1451.0664,2025-01-28 18:45:00,FM-15,-4.0,-13.0,50.0,1.5,False,False,False,False
168.5,1372,19,1,False,124.53,107.86625,2025-01-28 19:00:00-05:00,2025-01-29 00:00:00+00:00,2025-01-28 19:00:00-05:00,61758,HUD VL,EST,HUD VL,61758,USW00014714,NYISO,HUD VL,actual_integrated,2025-01-26 07:55:06-05:00,2025-01-27 05:00:00-05:00,21.081666666666667,20250101isolf_csv.zip,20250127isolf.csv,zip_entry_last_modified,True,59.08166666666666,2025-01-28 00:00:00-05:00,False,2025-01-27 19:00:00-05:00,124.53,2025-01-27 00:00:00-05:00,True,8.71,-43.68,203.47,1437.7635,2025-01-28 19:45:00,FM-15,-7.0,-12.0,68.0,1.5,False,False,False,False
165.54,1336,20,1,False,112.1,108.18583333333333,2025-01-28 20:00:00-05:00,2025-01-29 01:00:00+00:00,2025-01-28 20:00:00-05:00,61758,HUD VL,EST,HUD VL,61758,USW00014714,NYISO,HUD VL,actual_integrated,2025-01-26 07:55:06-05:00,2025-01-27 05:00:00-05:00,21.081666666666667,20250101isolf_csv.zip,20250127isolf.csv,zip_entry_last_modified,True,60.08166666666666,2025-01-28 00:00:00-05:00,False,2025-01-27 20:00:00-05:00,112.1,2025-01-27 00:00:00-05:00,True,10.0,-14.76,170.29999999999998,1401.0058,2025-01-28 20:45:00,FM-15,-7.0,-12.0,68.0,1.5,False,False,False,False
140.79,1283,21,1,False,98.59,108.17291666666665,2025-01-28 21:00:00-05:00,2025-01-29 02:00:00+00:00,2025-01-28 21:00:00-05:00,61758,HUD VL,EST,HUD VL,61758,USW00014714,NYISO,HUD VL,actual_integrated,2025-01-26 07:55:06-05:00,2025-01-27 05:00:00-05:00,21.081666666666667,20250101isolf_csv.zip,20250127isolf.csv,zip_entry_last_modified,True,61.08166666666666,2025-01-28 00:00:00-05:00,False,2025-01-27 21:00:00-05:00,98.59,2025-01-27 00:00:00-05:00,True,7.4,-29.21,162.6,1342.0098,2025-01-28 21:45:00,FM-15,-4.0,-12.0,54.0,1.5,False,False,False,False
124.04,1222,22,1,False,104.08,108.65541666666667,2025-01-28 22:00:00-05:00,2025-01-29 03:00:00+00:00,2025-01-28 22:00:00-05:00,61758,HUD VL,EST,HUD VL,61758,USW00014714,NYISO,HUD VL,actual_integrated,2025-01-26 07:55:06-05:00,2025-01-27 05:00:00-05:00,21.081666666666667,20250101isolf_csv.zip,20250127isolf.csv,zip_entry_last_modified,True,62.08166666666666,2025-01-28 00:00:00-05:00,False,2025-01-27 22:00:00-05:00,104.08,2025-01-27 00:00:00-05:00,True,6.04,-30.47,148.47,1262.1646,2025-01-28 22:45:00,FM-15,-3.0,-11.0,54.0,2.1,False,False,False,False
121.79,1160,23,1,False,103.46,109.18583333333332,2025-01-28 23:00:00-05:00,2025-01-29 04:00:00+00:00,2025-01-28 23:00:00-05:00,61758,HUD VL,EST,HUD VL,61758,USW00014714,NYISO,HUD VL,actual_integrated,2025-01-26 07:55:06-05:00,2025-01-27 05:00:00-05:00,21.081666666666667,20250101isolf_csv.zip,20250127isolf.csv,zip_entry_last_modified,True,63.08166666666666,2025-01-28 00:00:00-05:00,False,2025-01-27 23:00:00-05:00,103.46,2025-01-27 00:00:00-05:00,True,5.5,-29.12,145.41,1190.6729,2025-01-28 23:10:00,FM-15,-3.0,-11.0,54.0,5.1,False,False,False,False
118.89,1115,0,2,False,108.15,109.39125,2025-01-29 00:00:00-05:00,2025-01-29 05:00:00+00:00,2025-01-29 00:00:00-05:00,61758,HUD VL,EST,HUD VL,61758,USW00014714,NYISO,HUD VL,actual_integrated,2025-01-27 07:10:04-05:00,2025-01-28 05:00:00-05:00,21.83222222222222,20250101isolf_csv.zip,20250128isolf.csv,zip_entry_last_modified,True,40.83222222222222,2025-01-29 00:00:00-05:00,False,2025-01-28 00:00:00-05:00,108.15,2025-01-28 00:00:00-05:00,True,5.23,-18.5,132.16,1136.2526,2025-01-29 00:45:00,FM-15,-3.0,-11.0,54.0,4.1,False,False,False,False
107.43,1092,1,2,False,106.68,110.22375000000001,2025-01-29 01:00:00-05:00,2025-01-29 06:00:00+00:00,2025-01-29 01:00:00-05:00,61758,HUD VL,EST,HUD VL,61758,USW00014714,NYISO,HUD VL,actual_integrated,2025-01-27 07:10:04-05:00,2025-01-28 05:00:00-05:00,21.83222222222222,20250101isolf_csv.zip,20250128isolf.csv,zip_entry_last_modified,True,41.83222222222222,2025-01-29 00:00:00-05:00,False,2025-01-28 01:00:00-05:00,106.68,2025-01-28 00:00:00-05:00,True,4.7,-14.08,116.81,1091.1219,2025-01-29 01:45:00,FM-15,-3.0,-11.0,54.0,4.1,False,False,False,False
102.83,1076,2,2,False,102.78,110.93208333333332,2025-01-29 02:00:00-05:00,2025-01-29 07:00:00+00:00,2025-01-29 02:00:00-05:00,61758,HUD VL,EST,HUD VL,61758,USW00014714,NYISO,HUD VL,actual_integrated,2025-01-27 07:10:04-05:00,2025-01-28 05:00:00-05:00,21.83222222222222,20250101isolf_csv.zip,20250128isolf.csv,zip_entry_last_modified,True,42.83222222222222,2025-01-29 00:00:00-05:00,False,2025-01-28 02:00:00-05:00,102.78,2025-01-28 00:00:00-05:00,True,4.49,-10.35,108.69,1067.1231,2025-01-29 02:45:00,FM-15,-2.0,-11.0,51.0,4.1,False,False,False,False
101.49,1069,3,2,False,100.63,111.54875,2025-01-29 03:00:00-05:00,2025-01-29 08:00:00+00:00,2025-01-29 03:00:00-05:00,61758,HUD VL,EST,HUD VL,61758,USW00014714,NYISO,HUD VL,actual_integrated,2025-01-27 07:10:04-05:00,2025-01-28 05:00:00-05:00,21.83222222222222,20250101isolf_csv.zip,20250128isolf.csv,zip_entry_last_modified,True,43.83222222222222,2025-01-29 00:00:00-05:00,False,2025-01-28 03:00:00-05:00,100.63,2025-01-28 00:00:00-05:00,True,4.2,-14.83,112.12,1063.6445,2025-01-29 03:45:00,FM-15,-2.0,-11.0,51.0,5.1,False,False,False,False
102.11,1073,4,2,False,110.76,112.45083333333332,2025-01-29 04:00:00-05:00,2025-01-29 09:00:00+00:00,2025-01-29 04:00:00-05:00,61758,HUD VL,EST,HUD VL,61758,USW00014714,NYISO,HUD VL,actual_integrated,2025-01-27 07:10:04-05:00,2025-01-28 05:00:00-05:00,21.83222222222222,20250101isolf_csv.zip,20250128isolf.csv,zip_entry_last_modified,True,44.83222222222222,2025-01-29 00:00:00-05:00,False,2025-01-28 04:00:00-05:00,110.76,2025-01-28 00:00:00-05:00,True,4.74,-6.19,103.56,1078.4132,2025-01-29 04:45:00,FM-15,-4.0,-9.0,69.0,5.1,False,False,False,False
102.06,1111,5,2,False,114.2,113.18666666666667,2025-01-29 05:00:00-05:00,2025-01-29 10:00:00+00:00,2025-01-29 05:00:00-05:00,61758,HUD VL,EST,HUD VL,61758,USW00014714,NYISO,HUD VL,actual_integrated,2025-01-27 07:10:04-05:00,2025-01-28 05:00:00-05:00,21.83222222222222,20250101isolf_csv.zip,20250128isolf.csv,zip_entry_last_modified,True,45.83222222222222,2025-01-29 00:00:00-05:00,False,2025-01-28 05:00:00-05:00,114.2,2025-01-28 00:00:00-05:00,True,5.04,-5.39,102.41,1123.7139,2025-01-29 05:45:00,FM-15,0.0,-6.0,64.0,5.1,False,False,False,False
140.59,1195,6,2,False,126.94,113.56833333333333,2025-01-29 06:00:00-05:00,2025-01-29 11:00:00+00:00,2025-01-29 06:00:00-05:00,61758,HUD VL,EST,HUD VL,61758,USW00014714,NYISO,HUD VL,actual_integrated,2025-01-27 07:10:04-05:00,2025-01-28 05:00:00-05:00,21.83222222222222,20250101isolf_csv.zip,20250128isolf.csv,zip_entry_last_modified,True,46.83222222222222,2025-01-29 00:00:00-05:00,False,2025-01-28 06:00:00-05:00,126.94,2025-01-28 00:00:00-05:00,True,4.89,-55.61,191.31,1200.2057,2025-01-29 06:45:00,FM-15,2.0,-5.0,60.0,5.7,False,False,False,False
172.75,1263,7,2,False,159.52,113.32458333333334,2025-01-29 07:00:00-05:00,2025-01-29 12:00:00+00:00,2025-01-29 07:00:00-05:00,61758,HUD VL,EST,HUD VL,61758,USW00014714,NYISO,HUD VL,actual_integrated,2025-01-27 07:10:04-05:00,2025-01-28 05:00:00-05:00,21.83222222222222,20250101isolf_csv.zip,20250128isolf.csv,zip_entry_last_modified,True,47.83222222222222,2025-01-29 00:00:00-05:00,False,2025-01-28 07:00:00-05:00,159.52,2025-01-28 00:00:00-05:00,True,4.63,-95.8,263.92,1252.6683,2025-01-29 07:45:00,FM-15,3.0,-5.0,56.0,6.2,False,False,False,False
154.79,1285,8,2,False,142.85,113.57083333333333,2025-01-29 08:00:00-05:00,2025-01-29 13:00:00+00:00,2025-01-29 08:00:00-05:00,61758,HUD VL,EST,HUD VL,61758,USW00014714,NYISO,HUD VL,actual_integrated,2025-01-27 07:10:04-05:00,2025-01-28 05:00:00-05:00,21.83222222222222,20250101isolf_csv.zip,20250128isolf.csv,zip_entry_last_modified,True,48.83222222222222,2025-01-29 00:00:00-05:00,False,2025-01-28 08:00:00-05:00,142.85,2025-01-28 00:00:00-05:00,True,5.34,-69.69,219.14,1215.4,2025-01-29 08:45:00,FM-15,4.0,-4.0,56.0,6.2,False,False,False,False
143.43,1247,9,2,False,123.69,113.6225,2025-01-29 09:00:00-05:00,2025-01-29 14:00:00+00:00,2025-01-29 09:00:00-05:00,61758,HUD VL,EST,HUD VL,61758,USW00014714,NYISO,HUD VL,actual_integrated,2025-01-27 07:10:04-05:00,2025-01-28 05:00:00-05:00,21.83222222222222,20250101isolf_csv.zip,20250128isolf.csv,zip_entry_last_modified,True,49.83222222222222,2025-01-29 00:00:00-05:00,False,2025-01-28 09:00:00-05:00,123.69,2025-01-28 00:00:00-05:00,True,5.91,-45.24,182.76,1053.7306,2025-01-29 09:45:00,FM-15,6.0,-3.0,53.0,6.2,False,False,False,False
136.56,1192,10,2,False,119.79,114.36833333333334,2025-01-29 10:00:00-05:00,2025-01-29 15:00:00+00:00,2025-01-29 10:00:00-05:00,61758,HUD VL,EST,HUD VL,61758,USW00014714,NYISO,HUD VL,actual_integrated,2025-01-27 07:10:04-05:00,2025-01-28 05:00:00-05:00,21.83222222222222,20250101isolf_csv.zip,20250128isolf.csv,zip_entry_last_modified,True,50.83222222222222,2025-01-29 00:00:00-05:00,False,2025-01-28 10:00:00-05:00,119.79,2025-01-28 00:00:00-05:00,True,7.53,-7.66,136.69,1026.2624,2025-01-29 10:45:00,FM-15,6.0,-3.0,53.0,8.2,False,False,False,False
129.12,1159,11,2,False,115.78,115.15000000000002,2025-01-29 11:00:00-05:00,2025-01-29 16:00:00+00:00,2025-01-29 11:00:00-05:00,61758,HUD VL,EST,HUD VL,61758,USW00014714,NYISO,HUD VL,actual_integrated,2025-01-27 07:10:04-05:00,2025-01-28 05:00:00-05:00,21.83222222222222,20250101isolf_csv.zip,20250128isolf.csv,zip_entry_last_modified,True,51.83222222222222,2025-01-29 00:00:00-05:00,False,2025-01-28 11:00:00-05:00,115.78,2025-01-28 00:00:00-05:00,True,7.28,-4.42,126.26,1028.5593,2025-01-29 11:45:00,FM-15,7.0,-3.0,49.0,6.2,False,False,False,False
126.27,1144,12,2,False,112.21,115.99,2025-01-29 12:00:00-05:00,2025-01-29 17:00:00+00:00,2025-01-29 12:00:00-05:00,61758,HUD VL,EST,HUD VL,61758,USW00014714,NYISO,HUD VL,actual_integrated,2025-01-27 07:10:04-05:00,2025-01-28 05:00:00-05:00,21.83222222222222,20250101isolf_csv.zip,20250128isolf.csv,zip_entry_last_modified,True,52.83222222222222,2025-01-29 00:00:00-05:00,False,2025-01-28 12:00:00-05:00,112.21,2025-01-28 00:00:00-05:00,True,7.03,0.0,119.24,1003.6759,2025-01-29 12:45:00,FM-15,8.0,-4.0,43.0,14.9,False,False,False,False
124.72,1135,13,2,False,110.57,116.88791666666667,2025-01-29 13:00:00-05:00,2025-01-29 18:00:00+00:00,2025-01-29 13:00:00-05:00,61758,HUD VL,EST,HUD VL,61758,USW00014714,NYISO,HUD VL,actual_integrated,2025-01-27 07:10:04-05:00,2025-01-28 05:00:00-05:00,21.83222222222222,20250101isolf_csv.zip,20250128isolf.csv,zip_entry_last_modified,True,53.83222222222222,2025-01-29 00:00:00-05:00,False,2025-01-28 13:00:00-05:00,110.57,2025-01-28 00:00:00-05:00,True,6.93,-0.3,118.09,1030.1096,2025-01-29 13:45:00,FM-15,5.0,-1.0,66.0,15.4,False,False,False,False
120.4,1160,14,2,False,112.8,118.09166666666668,2025-01-29 14:00:00-05:00,2025-01-29 19:00:00+00:00,2025-01-29 14:00:00-05:00,61758,HUD VL,EST,HUD VL,61758,USW00014714,NYISO,HUD VL,actual_integrated,2025-01-27 07:10:04-05:00,2025-01-28 05:00:00-05:00,21.83222222222222,20250101isolf_csv.zip,20250128isolf.csv,zip_entry_last_modified,True,54.83222222222222,2025-01-29 00:00:00-05:00,False,2025-01-28 14:00:00-05:00,112.8,2025-01-28 00:00:00-05:00,True,6.92,0.0,113.48,1025.7523,2025-01-29 14:45:00,FM-15,6.0,-3.0,53.0,10.3,False,False,False,False
130.09,1207,15,2,False,129.68,119.40291666666667,2025-01-29 15:00:00-05:00,2025-01-29 20:00:00+00:00,2025-01-29 15:00:00-05:00,61758,HUD VL,EST,HUD VL,61758,USW00014714,NYISO,HUD VL,actual_integrated,2025-01-27 07:10:04-05:00,2025-01-28 05:00:00-05:00,21.83222222222222,20250101isolf_csv.zip,20250128isolf.csv,zip_entry_last_modified,True,55.83222222222222,2025-01-29 00:00:00-05:00,False,2025-01-28 15:00:00-05:00,129.68,2025-01-28 00:00:00-05:00,True,7.71,0.0,122.38,1137.0453,2025-01-29 15:15:00,FM-15,6.0,-3.0,53.0,10.3,False,False,False,False
144.94,1255,16,2,False,154.2,121.16666666666667,2025-01-29 16:00:00-05:00,2025-01-29 21:00:00+00:00,2025-01-29 16:00:00-05:00,61758,HUD VL,EST,HUD VL,61758,USW00014714,NYISO,HUD VL,actual_integrated,2025-01-27 07:10:04-05:00,2025-01-28 05:00:00-05:00,21.83222222222222,20250101isolf_csv.zip,20250128isolf.csv,zip_entry_last_modified,True,56.83222222222222,2025-01-29 00:00:00-05:00,False,2025-01-28 16:00:00-05:00,154.2,2025-01-28 00:00:00-05:00,True,9.1,0.0,135.84,1273.2973,2025-01-29 16:45:00,FM-15,3.0,-5.0,56.0,12.9,False,False,False,False
167.17,1323,17,2,False,193.28,122.59249999999999,2025-01-29 17:00:00-05:00,2025-01-29 22:00:00+00:00,2025-01-29 17:00:00-05:00,61758,HUD VL,EST,HUD VL,61758,USW00014714,NYISO,HUD VL,actual_integrated,2025-01-27 07:10:04-05:00,2025-01-28 05:00:00-05:00,21.83222222222222,20250101isolf_csv.zip,20250128isolf.csv,zip_entry_last_modified,True,57.83222222222222,2025-01-29 00:00:00-05:00,False,2025-01-28 17:00:00-05:00,193.28,2025-01-28 00:00:00-05:00,True,6.51,-67.63,228.29,1383.011,2025-01-29 17:45:00,FM-15,1.0,-4.0,70.0,6.2,False,False,False,False
164.45,1341,18,2,False,188.72,123.99958333333332,2025-01-29 18:00:00-05:00,2025-01-29 23:00:00+00:00,2025-01-29 18:00:00-05:00,61758,HUD VL,EST,HUD VL,61758,USW00014714,NYISO,HUD VL,actual_integrated,2025-01-27 07:10:04-05:00,2025-01-28 05:00:00-05:00,21.83222222222222,20250101isolf_csv.zip,20250128isolf.csv,zip_entry_last_modified,True,58.83222222222222,2025-01-29 00:00:00-05:00,False,2025-01-28 18:00:00-05:00,188.72,2025-01-28 00:00:00-05:00,True,7.3,-54.38,211.53,1409.0018,2025-01-29 18:45:00,FM-15,0.0,-3.0,80.0,7.7,False,False,False,False
158.19,1322,19,2,False,168.5,125.83166666666666,2025-01-29 19:00:00-05:00,2025-01-30 00:00:00+00:00,2025-01-29 19:00:00-05:00,61758,HUD VL,EST,HUD VL,61758,USW00014714,NYISO,HUD VL,actual_integrated,2025-01-27 07:10:04-05:00,2025-01-28 05:00:00-05:00,21.83222222222222,20250101isolf_csv.zip,20250128isolf.csv,zip_entry_last_modified,True,59.83222222222222,2025-01-29 00:00:00-05:00,False,2025-01-28 19:00:00-05:00,168.5,2025-01-28 00:00:00-05:00,True,6.72,-56.89,208.36,1389.3102,2025-01-29 19:45:00,FM-15,0.0,-5.0,69.0,10.8,False,False,False,False
147.25,1291,20,2,False,165.54,128.0583333333333,2025-01-29 20:00:00-05:00,2025-01-30 01:00:00+00:00,2025-01-29 20:00:00-05:00,61758,HUD VL,EST,HUD VL,61758,USW00014714,NYISO,HUD VL,actual_integrated,2025-01-27 07:10:04-05:00,2025-01-28 05:00:00-05:00,21.83222222222222,20250101isolf_csv.zip,20250128isolf.csv,zip_entry_last_modified,True,60.83222222222222,2025-01-29 00:00:00-05:00,False,2025-01-28 20:00:00-05:00,165.54,2025-01-28 00:00:00-05:00,True,8.37,-15.89,154.76999999999998,1360.6076,2025-01-29 20:45:00,FM-15,-1.0,-7.0,64.0,6.2,False,False,False,False
138.12,1242,21,2,False,140.79,129.8166666666667,2025-01-29 21:00:00-05:00,2025-01-30 02:00:00+00:00,2025-01-29 21:00:00-05:00,61758,HUD VL,EST,HUD VL,61758,USW00014714,NYISO,HUD VL,actual_integrated,2025-01-27 07:10:04-05:00,2025-01-28 05:00:00-05:00,21.83222222222222,20250101isolf_csv.zip,20250128isolf.csv,zip_entry_last_modified,True,61.83222222222222,2025-01-29 00:00:00-05:00,False,2025-01-28 21:00:00-05:00,140.79,2025-01-28 00:00:00-05:00,True,8.07,-5.89,135.94,1316.3372,2025-01-29 21:45:00,FM-15,-1.0,-9.0,55.0,12.9,False,False,False,False
125.8,1183,22,2,False,124.04,130.64833333333334,2025-01-29 22:00:00-05:00,2025-01-30 03:00:00+00:00,2025-01-29 22:00:00-05:00,61758,HUD VL,EST,HUD VL,61758,USW00014714,NYISO,HUD VL,actual_integrated,2025-01-27 07:10:04-05:00,2025-01-28 05:00:00-05:00,21.83222222222222,20250101isolf_csv.zip,20250128isolf.csv,zip_entry_last_modified,True,62.83222222222222,2025-01-29 00:00:00-05:00,False,2025-01-28 22:00:00-05:00,124.04,2025-01-28 00:00:00-05:00,True,6.9,-1.9,120.8,1252.1103,2025-01-29 22:45:00,FM-15,-2.0,-12.0,47.0,15.4,False,False,False,False
115.11,1120,23,2,False,121.79,131.41208333333336,2025-01-29 23:00:00-05:00,2025-01-30 04:00:00+00:00,2025-01-29 23:00:00-05:00,61758,HUD VL,EST,HUD VL,61758,USW00014714,NYISO,HUD VL,actual_integrated,2025-01-27 07:10:04-05:00,2025-01-28 05:00:00-05:00,21.83222222222222,20250101isolf_csv.zip,20250128isolf.csv,zip_entry_last_modified,True,63.83222222222222,2025-01-29 00:00:00-05:00,False,2025-01-28 23:00:00-05:00,121.79,2025-01-28 00:00:00-05:00,True,6.03,-5.08,114.16,1195.8189,2025-01-29 23:45:00,FM-15,-3.0,-12.0,50.0,7.7,False,False,False,False
108.1,1098,0,3,False,118.89,131.85958333333335,2025-01-30 00:00:00-05:00,2025-01-30 05:00:00+00:00,2025-01-30 00:00:00-05:00,61758,HUD VL,EST,HUD VL,61758,USW00014714,NYISO,HUD VL,actual_integrated,2025-01-28 07:35:06-05:00,2025-01-29 05:00:00-05:00,21.415,20250101isolf_csv.zip,20250129isolf.csv,zip_entry_last_modified,True,40.415,2025-01-30 00:00:00-05:00,False,2025-01-29 00:00:00-05:00,118.89,2025-01-29 00:00:00-05:00,True,5.83,-0.01,102.28,1164.5764,2025-01-30 00:45:00,FM-15,-4.0,-12.0,54.0,11.3,False,False,False,False
99.95,1081,1,3,False,107.43,131.89083333333332,2025-01-30 01:00:00-05:00,2025-01-30 06:00:00+00:00,2025-01-30 01:00:00-05:00,61758,HUD VL,EST,HUD VL,61758,USW00014714,NYISO,HUD VL,actual_integrated,2025-01-28 07:35:06-05:00,2025-01-29 05:00:00-05:00,21.415,20250101isolf_csv.zip,20250129isolf.csv,zip_entry_last_modified,True,41.415,2025-01-30 00:00:00-05:00,False,2025-01-29 01:00:00-05:00,107.43,2025-01-29 00:00:00-05:00,True,5.21,0.0,94.74,1141.0839,2025-01-30 01:45:00,FM-15,-5.0,-13.0,54.0,10.8,False,False,False,False
96.97,1074,2,3,False,102.83,131.89291666666668,2025-01-30 02:00:00-05:00,2025-01-30 07:00:00+00:00,2025-01-30 02:00:00-05:00,61758,HUD VL,EST,HUD VL,61758,USW00014714,NYISO,HUD VL,actual_integrated,2025-01-28 07:35:06-05:00,2025-01-29 05:00:00-05:00,21.415,20250101isolf_csv.zip,20250129isolf.csv,zip_entry_last_modified,True,42.415,2025-01-30 00:00:00-05:00,False,2025-01-29 02:00:00-05:00,102.83,2025-01-29 00:00:00-05:00,True,4.96,0.0,92.01,1134.6641,2025-01-30 02:45:00,FM-15,-6.0,-15.0,49.0,7.7,False,False,False,False
98.92,1075,3,3,False,101.49,131.92875,2025-01-30 03:00:00-05:00,2025-01-30 08:00:00+00:00,2025-01-30 03:00:00-05:00,61758,HUD VL,EST,HUD VL,61758,USW00014714,NYISO,HUD VL,actual_integrated,2025-01-28 07:35:06-05:00,2025-01-29 05:00:00-05:00,21.415,20250101isolf_csv.zip,20250129isolf.csv,zip_entry_last_modified,True,43.415,2025-01-30 00:00:00-05:00,False,2025-01-29 03:00:00-05:00,101.49,2025-01-29 00:00:00-05:00,True,4.98,0.0,93.94,1138.9706,2025-01-30 03:45:00,FM-15,-6.0,-15.0,49.0,5.7,False,False,False,False
105.38,1090,4,3,False,102.11,131.56833333333336,2025-01-30 04:00:00-05:00,2025-01-30 09:00:00+00:00,2025-01-30 04:00:00-05:00,61758,HUD VL,EST,HUD VL,61758,USW00014714,NYISO,HUD VL,actual_integrated,2025-01-28 07:35:06-05:00,2025-01-29 05:00:00-05:00,21.415,20250101isolf_csv.zip,20250129isolf.csv,zip_entry_last_modified,True,44.415,2025-01-30 00:00:00-05:00,False,2025-01-29 04:00:00-05:00,102.11,2025-01-29 00:00:00-05:00,True,5.49,-0.01,99.9,1155.1517,2025-01-30 04:45:00,FM-15,-6.0,-14.0,54.0,8.8,False,False,False,False
107.44,1143,5,3,False,102.06,131.0625,2025-01-30 05:00:00-05:00,2025-01-30 10:00:00+00:00,2025-01-30 05:00:00-05:00,61758,HUD VL,EST,HUD VL,61758,USW00014714,NYISO,HUD VL,actual_integrated,2025-01-28 07:35:06-05:00,2025-01-29 05:00:00-05:00,21.415,20250101isolf_csv.zip,20250129isolf.csv,zip_entry_last_modified,True,45.415,2025-01-30 00:00:00-05:00,False,2025-01-29 05:00:00-05:00,102.06,2025-01-29 00:00:00-05:00,True,6.09,-4.76,106.11,1214.5069,2025-01-30 05:45:00,FM-15,-6.0,-14.0,54.0,5.1,False,False,False,False
157.92,1241,6,3,False,140.59,131.63125,2025-01-30 06:00:00-05:00,2025-01-30 11:00:00+00:00,2025-01-30 06:00:00-05:00,61758,HUD VL,EST,HUD VL,61758,USW00014714,NYISO,HUD VL,actual_integrated,2025-01-28 07:35:06-05:00,2025-01-29 05:00:00-05:00,21.415,20250101isolf_csv.zip,20250129isolf.csv,zip_entry_last_modified,True,46.415,2025-01-30 00:00:00-05:00,False,2025-01-29 06:00:00-05:00,140.59,2025-01-29 00:00:00-05:00,True,4.65,-83.81,237.08,1315.6806,2025-01-30 06:45:00,FM-15,-7.0,-14.0,58.0,4.1,False,False,False,False
196.3,1305,7,3,False,172.75,132.1825,2025-01-30 07:00:00-05:00,2025-01-30 12:00:00+00:00,2025-01-30 07:00:00-05:00,61758,HUD VL,EST,HUD VL,61758,USW00014714,NYISO,HUD VL,actual_integrated,2025-01-28 07:35:06-05:00,2025-01-29 05:00:00-05:00,21.415,20250101isolf_csv.zip,20250129isolf.csv,zip_entry_last_modified,True,47.415,2025-01-30 00:00:00-05:00,False,2025-01-29 07:00:00-05:00,172.75,2025-01-29 00:00:00-05:00,True,6.0,-102.06,292.36,1366.6358,2025-01-30 07:45:00,FM-15,-6.0,-14.0,54.0,3.6,False,False,False,False
157.99,1290,8,3,False,154.79,132.68,2025-01-30 08:00:00-05:00,2025-01-30 13:00:00+00:00,2025-01-30 08:00:00-05:00,61758,HUD VL,EST,HUD VL,61758,USW00014714,NYISO,HUD VL,actual_integrated,2025-01-28 07:35:06-05:00,2025-01-29 05:00:00-05:00,21.415,20250101isolf_csv.zip,20250129isolf.csv,zip_entry_last_modified,True,48.415,2025-01-30 00:00:00-05:00,False,2025-01-29 08:00:00-05:00,154.79,2025-01-29 00:00:00-05:00,True,6.95,-48.86,199.90000000000003,1307.1159,2025-01-30 08:45:00,FM-15,-3.0,-13.0,46.0,4.6,False,False,False,False
138.0,1203,9,3,False,143.43,133.5025,2025-01-30 09:00:00-05:00,2025-01-30 14:00:00+00:00,2025-01-30 09:00:00-05:00,61758,HUD VL,EST,HUD VL,61758,USW00014714,NYISO,HUD VL,actual_integrated,2025-01-28 07:35:06-05:00,2025-01-29 05:00:00-05:00,21.415,20250101isolf_csv.zip,20250129isolf.csv,zip_entry_last_modified,True,49.415,2025-01-30 00:00:00-05:00,False,2025-01-29 09:00:00-05:00,143.43,2025-01-29 00:00:00-05:00,True,6.13,-44.24,176.11,1216.5333,2025-01-30 09:45:00,FM-15,-3.0,-12.0,50.0,5.7,False,False,False,False
105.42,1153,10,3,False,136.56,134.20125,2025-01-30 10:00:00-05:00,2025-01-30 15:00:00+00:00,2025-01-30 10:00:00-05:00,61758,HUD VL,EST,HUD VL,61758,USW00014714,NYISO,HUD VL,actual_integrated,2025-01-28 07:35:06-05:00,2025-01-29 05:00:00-05:00,21.415,20250101isolf_csv.zip,20250129isolf.csv,zip_entry_last_modified,True,50.415,2025-01-30 00:00:00-05:00,False,2025-01-29 10:00:00-05:00,136.56,2025-01-29 00:00:00-05:00,True,5.75,-12.59,112.26,1093.5441,2025-01-30 10:45:00,FM-15,-3.0,-12.0,50.0,5.7,False,False,False,False
95.0,1127,11,3,False,129.12,134.75708333333333,2025-01-30 11:00:00-05:00,2025-01-30 16:00:00+00:00,2025-01-30 11:00:00-05:00,61758,HUD VL,EST,HUD VL,61758,USW00014714,NYISO,HUD VL,actual_integrated,2025-01-28 07:35:06-05:00,2025-01-29 05:00:00-05:00,21.415,20250101isolf_csv.zip,20250129isolf.csv,zip_entry_last_modified,True,51.415,2025-01-30 00:00:00-05:00,False,2025-01-29 11:00:00-05:00,129.12,2025-01-29 00:00:00-05:00,True,5.94,-1.8,90.86,995.5064,2025-01-30 11:45:00,FM-15,-3.0,-12.0,50.0,7.7,False,False,False,False
81.95,1104,12,3,False,126.27,135.34291666666667,2025-01-30 12:00:00-05:00,2025-01-30 17:00:00+00:00,2025-01-30 12:00:00-05:00,61758,HUD VL,EST,HUD VL,61758,USW00014714,NYISO,HUD VL,actual_integrated,2025-01-28 07:35:06-05:00,2025-01-29 05:00:00-05:00,21.415,20250101isolf_csv.zip,20250129isolf.csv,zip_entry_last_modified,True,52.415,2025-01-30 00:00:00-05:00,False,2025-01-29 12:00:00-05:00,126.27,2025-01-29 00:00:00-05:00,True,4.93,-1.11,78.13000000000001,971.3526,2025-01-30 12:45:00,FM-15,-1.0,-12.0,43.0,5.1,False,False,False,False
76.01,1092,13,3,False,124.72,135.9325,2025-01-30 13:00:00-05:00,2025-01-30 18:00:00+00:00,2025-01-30 13:00:00-05:00,61758,HUD VL,EST,HUD VL,61758,USW00014714,NYISO,HUD VL,actual_integrated,2025-01-28 07:35:06-05:00,2025-01-29 05:00:00-05:00,21.415,20250101isolf_csv.zip,20250129isolf.csv,zip_entry_last_modified,True,53.415,2025-01-30 00:00:00-05:00,False,2025-01-29 13:00:00-05:00,124.72,2025-01-29 00:00:00-05:00,True,4.64,0.0,71.37,979.7732,2025-01-30 13:45:00,FM-15,-1.0,-12.0,43.0,5.1,False,False,False,False
88.64,1110,14,3,False,120.4,136.24916666666667,2025-01-30 14:00:00-05:00,2025-01-30 19:00:00+00:00,2025-01-30 14:00:00-05:00,61758,HUD VL,EST,HUD VL,61758,USW00014714,NYISO,HUD VL,actual_integrated,2025-01-28 07:35:06-05:00,2025-01-29 05:00:00-05:00,21.415,20250101isolf_csv.zip,20250129isolf.csv,zip_entry_last_modified,True,54.415,2025-01-30 00:00:00-05:00,False,2025-01-29 14:00:00-05:00,120.4,2025-01-29 00:00:00-05:00,True,4.26,-17.86,102.24,1001.558,2025-01-30 14:45:00,FM-15,0.0,-12.0,40.0,5.1,False,False,False,False
76.08,1181,15,3,False,130.09,136.26624999999999,2025-01-30 15:00:00-05:00,2025-01-30 20:00:00+00:00,2025-01-30 15:00:00-05:00,61758,HUD VL,EST,HUD VL,61758,USW00014714,NYISO,HUD VL,actual_integrated,2025-01-28 07:35:06-05:00,2025-01-29 05:00:00-05:00,21.415,20250101isolf_csv.zip,20250129isolf.csv,zip_entry_last_modified,True,55.415,2025-01-30 00:00:00-05:00,False,2025-01-29 15:00:00-05:00,130.09,2025-01-29 00:00:00-05:00,True,4.91,0.0,71.17,1145.1855,2025-01-30 15:45:00,FM-15,-1.0,-12.0,43.0,5.1,False,False,False,False
141.43,1292,16,3,False,144.94,135.88041666666666,2025-01-30 16:00:00-05:00,2025-01-30 21:00:00+00:00,2025-01-30 16:00:00-05:00,61758,HUD VL,EST,HUD VL,61758,USW00014714,NYISO,HUD VL,actual_integrated,2025-01-28 07:35:06-05:00,2025-01-29 05:00:00-05:00,21.415,20250101isolf_csv.zip,20250129isolf.csv,zip_entry_last_modified,True,56.415,2025-01-30 00:00:00-05:00,False,2025-01-29 16:00:00-05:00,144.94,2025-01-29 00:00:00-05:00,True,5.43,-57.31,193.31,1303.5876,2025-01-30 16:45:00,FM-15,-1.0,-11.0,47.0,4.1,False,False,False,False
150.36,1360,17,3,False,167.17,134.7925,2025-01-30 17:00:00-05:00,2025-01-30 22:00:00+00:00,2025-01-30 17:00:00-05:00,61758,HUD VL,EST,HUD VL,61758,USW00014714,NYISO,HUD VL,actual_integrated,2025-01-28 07:35:06-05:00,2025-01-29 05:00:00-05:00,21.415,20250101isolf_csv.zip,20250129isolf.csv,zip_entry_last_modified,True,57.415,2025-01-30 00:00:00-05:00,False,2025-01-29 17:00:00-05:00,167.17,2025-01-29 00:00:00-05:00,True,6.37,-56.74,200.73,1422.1274,2025-01-30 17:45:00,FM-15,-1.0,-11.0,47.0,2.1,False,False,False,False
167.89,1385,18,3,False,164.45,133.78125,2025-01-30 18:00:00-05:00,2025-01-30 23:00:00+00:00,2025-01-30 18:00:00-05:00,61758,HUD VL,EST,HUD VL,61758,USW00014714,NYISO,HUD VL,actual_integrated,2025-01-28 07:35:06-05:00,2025-01-29 05:00:00-05:00,21.415,20250101isolf_csv.zip,20250129isolf.csv,zip_entry_last_modified,True,58.415,2025-01-30 00:00:00-05:00,False,2025-01-29 18:00:00-05:00,164.45,2025-01-29 00:00:00-05:00,True,6.55,-73.98,235.32,1430.5204,2025-01-30 18:45:00,FM-15,-1.0,-11.0,47.0,2.1,False,False,False,False
144.36,1369,19,3,False,158.19,133.35166666666666,2025-01-30 19:00:00-05:00,2025-01-31 00:00:00+00:00,2025-01-30 19:00:00-05:00,61758,HUD VL,EST,HUD VL,61758,USW00014714,NYISO,HUD VL,actual_integrated,2025-01-28 07:35:06-05:00,2025-01-29 05:00:00-05:00,21.415,20250101isolf_csv.zip,20250129isolf.csv,zip_entry_last_modified,True,59.415,2025-01-30 00:00:00-05:00,False,2025-01-29 19:00:00-05:00,158.19,2025-01-29 00:00:00-05:00,True,5.83,-58.64,197.17,1420.9781,2025-01-30 19:45:00,FM-15,-2.0,-11.0,51.0,2.1,False,False,False,False
136.5,1339,20,3,False,147.25,132.58958333333334,2025-01-30 20:00:00-05:00,2025-01-31 01:00:00+00:00,2025-01-30 20:00:00-05:00,61758,HUD VL,EST,HUD VL,61758,USW00014714,NYISO,HUD VL,actual_integrated,2025-01-28 07:35:06-05:00,2025-01-29 05:00:00-05:00,21.415,20250101isolf_csv.zip,20250129isolf.csv,zip_entry_last_modified,True,60.415,2025-01-30 00:00:00-05:00,False,2025-01-29 20:00:00-05:00,147.25,2025-01-29 00:00:00-05:00,True,7.69,-18.89,147.7,1371.7888,2025-01-30 20:45:00,FM-15,-2.0,-10.0,55.0,2.1,False,False,False,False
124.38,1288,21,3,False,138.12,132.47833333333332,2025-01-30 21:00:00-05:00,2025-01-31 02:00:00+00:00,2025-01-30 21:00:00-05:00,61758,HUD VL,EST,HUD VL,61758,USW00014714,NYISO,HUD VL,actual_integrated,2025-01-28 07:35:06-05:00,2025-01-29 05:00:00-05:00,21.415,20250101isolf_csv.zip,20250129isolf.csv,zip_entry_last_modified,True,61.415,2025-01-30 00:00:00-05:00,False,2025-01-29 21:00:00-05:00,138.12,2025-01-29 00:00:00-05:00,True,7.34,-2.4,119.44,1315.7104,2025-01-30 21:45:00,FM-15,-2.0,-10.0,55.0,2.1,False,False,False,False
100.05,1225,22,3,False,125.8,132.55166666666665,2025-01-30 22:00:00-05:00,2025-01-31 03:00:00+00:00,2025-01-30 22:00:00-05:00,61758,HUD VL,EST,HUD VL,61758,USW00014714,NYISO,HUD VL,actual_integrated,2025-01-28 07:35:06-05:00,2025-01-29 05:00:00-05:00,21.415,20250101isolf_csv.zip,20250129isolf.csv,zip_entry_last_modified,True,62.415,2025-01-30 00:00:00-05:00,False,2025-01-29 22:00:00-05:00,125.8,2025-01-29 00:00:00-05:00,True,5.75,0.0,94.3,1252.2695,2025-01-30 22:45:00,FM-15,-2.0,-10.0,55.0,2.1,False,False,False,False
91.93,1152,23,3,False,115.11,132.27333333333334,2025-01-30 23:00:00-05:00,2025-01-31 04:00:00+00:00,2025-01-30 23:00:00-05:00,61758,HUD VL,EST,HUD VL,61758,USW00014714,NYISO,HUD VL,actual_integrated,2025-01-28 07:35:06-05:00,2025-01-29 05:00:00-05:00,21.415,20250101isolf_csv.zip,20250129isolf.csv,zip_entry_last_modified,True,63.415,2025-01-30 00:00:00-05:00,False,2025-01-29 23:00:00-05:00,115.11,2025-01-29 00:00:00-05:00,True,4.27,-12.7,100.36,1161.422,2025-01-30 23:45:00,FM-15,-4.0,-8.0,74.0,0.0,False,False,False,False
76.62,1092,0,4,False,108.1,131.82375,2025-01-31 00:00:00-05:00,2025-01-31 05:00:00+00:00,2025-01-31 00:00:00-05:00,61758,HUD VL,EST,HUD VL,61758,USW00014714,NYISO,HUD VL,actual_integrated,2025-01-29 07:20:04-05:00,2025-01-30 05:00:00-05:00,21.665555555555557,20250101isolf_csv.zip,20250130isolf.csv,zip_entry_last_modified,True,40.66555555555556,2025-01-31 00:00:00-05:00,False,2025-01-30 00:00:00-05:00,108.1,2025-01-30 00:00:00-05:00,True,3.44,-7.02,80.2,1122.685,2025-01-31 00:45:00,FM-15,0.0,-6.0,64.0,3.1,False,False,False,False
77.8,1067,1,4,False,99.95,131.51208333333332,2025-01-31 01:00:00-05:00,2025-01-31 06:00:00+00:00,2025-01-31 01:00:00-05:00,61758,HUD VL,EST,HUD VL,61758,USW00014714,NYISO,HUD VL,actual_integrated,2025-01-29 07:20:04-05:00,2025-01-30 05:00:00-05:00,21.665555555555557,20250101isolf_csv.zip,20250130isolf.csv,zip_entry_last_modified,True,41.66555555555556,2025-01-31 00:00:00-05:00,False,2025-01-30 01:00:00-05:00,99.95,2025-01-30 00:00:00-05:00,True,3.47,-4.82,79.15,1095.2093,2025-01-31 01:45:00,FM-15,-1.0,-6.0,69.0,0.0,False,False,False,False
77.84,1049,2,4,False,96.97,131.26791666666668,2025-01-31 02:00:00-05:00,2025-01-31 07:00:00+00:00,2025-01-31 02:00:00-05:00,61758,HUD VL,EST,HUD VL,61758,USW00014714,NYISO,HUD VL,actual_integrated,2025-01-29 07:20:04-05:00,2025-01-30 05:00:00-05:00,21.665555555555557,20250101isolf_csv.zip,20250130isolf.csv,zip_entry_last_modified,True,42.66555555555556,2025-01-31 00:00:00-05:00,False,2025-01-30 02:00:00-05:00,96.97,2025-01-30 00:00:00-05:00,True,3.4,-5.07,79.50999999999999,1073.7389,2025-01-31 02:45:00,FM-15,-3.0,-6.0,80.0,0.0,False,False,False,False
78.44,1040,3,4,False,98.92,131.16083333333333,2025-01-31 03:00:00-05:00,2025-01-31 08:00:00+00:00,2025-01-31 03:00:00-05:00,61758,HUD VL,EST,HUD VL,61758,USW00014714,NYISO,HUD VL,actual_integrated,2025-01-29 07:20:04-05:00,2025-01-30 05:00:00-05:00,21.665555555555557,20250101isolf_csv.zip,20250130isolf.csv,zip_entry_last_modified,True,43.66555555555556,2025-01-31 00:00:00-05:00,False,2025-01-30 03:00:00-05:00,98.92,2025-01-30 00:00:00-05:00,True,3.45,-7.32,82.31,1059.258,2025-01-31 03:45:00,FM-15,-3.0,-6.0,80.0,0.0,False,False,False,False
77.39,1048,4,4,False,105.38,131.29708333333332,2025-01-31 04:00:00-05:00,2025-01-31 09:00:00+00:00,2025-01-31 04:00:00-05:00,61758,HUD VL,EST,HUD VL,61758,USW00014714,NYISO,HUD VL,actual_integrated,2025-01-29 07:20:04-05:00,2025-01-30 05:00:00-05:00,21.665555555555557,20250101isolf_csv.zip,20250130isolf.csv,zip_entry_last_modified,True,44.66555555555556,2025-01-31 00:00:00-05:00,False,2025-01-30 04:00:00-05:00,105.38,2025-01-30 00:00:00-05:00,True,3.96,0.0,73.43,1061.7573,2025-01-31 04:45:00,FM-15,-3.0,-5.0,86.0,0.0,False,False,False,False
81.04,1085,5,4,False,107.44,131.52124999999998,2025-01-31 05:00:00-05:00,2025-01-31 10:00:00+00:00,2025-01-31 05:00:00-05:00,61758,HUD VL,EST,HUD VL,61758,USW00014714,NYISO,HUD VL,actual_integrated,2025-01-29 07:20:04-05:00,2025-01-30 05:00:00-05:00,21.665555555555557,20250101isolf_csv.zip,20250130isolf.csv,zip_entry_last_modified,True,45.66555555555556,2025-01-31 00:00:00-05:00,False,2025-01-30 05:00:00-05:00,107.44,2025-01-30 00:00:00-05:00,True,4.0,-0.12,77.16000000000001,1105.1659,2025-01-31 05:45:00,FM-15,-2.0,-5.0,80.0,0.0,False,False,False,False
93.72,1165,6,4,False,157.92,132.24333333333334,2025-01-31 06:00:00-05:00,2025-01-31 11:00:00+00:00,2025-01-31 06:00:00-05:00,61758,HUD VL,EST,HUD VL,61758,USW00014714,NYISO,HUD VL,actual_integrated,2025-01-29 07:20:04-05:00,2025-01-30 05:00:00-05:00,21.665555555555557,20250101isolf_csv.zip,20250130isolf.csv,zip_entry_last_modified,True,46.66555555555556,2025-01-31 00:00:00-05:00,False,2025-01-30 06:00:00-05:00,157.92,2025-01-30 00:00:00-05:00,True,5.14,0.0,88.58,1190.8129,2025-01-31 06:45:00,FM-15,-2.0,-5.0,80.0,0.0,False,False,False,False
119.42,1221,7,4,False,196.3,133.22458333333336,2025-01-31 07:00:00-05:00,2025-01-31 12:00:00+00:00,2025-01-31 07:00:00-05:00,61758,HUD VL,EST,HUD VL,61758,USW00014714,NYISO,HUD VL,actual_integrated,2025-01-29 07:20:04-05:00,2025-01-30 05:00:00-05:00,21.665555555555557,20250101isolf_csv.zip,20250130isolf.csv,zip_entry_last_modified,True,47.66555555555556,2025-01-31 00:00:00-05:00,False,2025-01-30 07:00:00-05:00,196.3,2025-01-30 00:00:00-05:00,True,5.9,-15.17,128.69,1265.4385,2025-01-31 07:45:00,FM-15,-1.0,-3.0,86.0,0.0,False,False,False,False
127.24,1252,8,4,False,157.99,133.35791666666665,2025-01-31 08:00:00-05:00,2025-01-31 13:00:00+00:00,2025-01-31 08:00:00-05:00,61758,HUD VL,EST,HUD VL,61758,USW00014714,NYISO,HUD VL,actual_integrated,2025-01-29 07:20:04-05:00,2025-01-30 05:00:00-05:00,21.665555555555557,20250101isolf_csv.zip,20250130isolf.csv,zip_entry_last_modified,True,48.66555555555556,2025-01-31 00:00:00-05:00,False,2025-01-30 08:00:00-05:00,157.99,2025-01-30 00:00:00-05:00,True,7.43,0.0,119.81,1314.5087,2025-01-31 08:45:00,FM-15,-1.0,-3.0,86.0,0.0,False,False,False,False
149.03,1257,9,4,False,138.0,133.13166666666666,2025-01-31 09:00:00-05:00,2025-01-31 14:00:00+00:00,2025-01-31 09:00:00-05:00,61758,HUD VL,EST,HUD VL,61758,USW00014714,NYISO,HUD VL,actual_integrated,2025-01-29 07:20:04-05:00,2025-01-30 05:00:00-05:00,21.665555555555557,20250101isolf_csv.zip,20250130isolf.csv,zip_entry_last_modified,True,49.66555555555556,2025-01-31 00:00:00-05:00,False,2025-01-30 09:00:00-05:00,138.0,2025-01-30 00:00:00-05:00,True,8.3,0.0,140.73,1339.0117,2025-01-31 09:45:00,FM-15,-1.0,-3.0,86.0,0.0,False,False,False,False
139.66,1254,10,4,False,105.42,131.83416666666668,2025-01-31 10:00:00-05:00,2025-01-31 15:00:00+00:00,2025-01-31 10:00:00-05:00,61758,HUD VL,EST,HUD VL,61758,USW00014714,NYISO,HUD VL,actual_integrated,2025-01-29 07:20:04-05:00,2025-01-30 05:00:00-05:00,21.665555555555557,20250101isolf_csv.zip,20250130isolf.csv,zip_entry_last_modified,True,50.66555555555556,2025-01-31 00:00:00-05:00,False,2025-01-30 10:00:00-05:00,105.42,2025-01-30 00:00:00-05:00,True,7.53,0.0,132.13,1339.1642,2025-01-31 10:45:00,FM-15,1.0,0.0,93.0,0.0,False,False,False,False
133.27,1255,11,4,False,95.0,130.4125,2025-01-31 11:00:00-05:00,2025-01-31 16:00:00+00:00,2025-01-31 11:00:00-05:00,61758,HUD VL,EST,HUD VL,61758,USW00014714,NYISO,HUD VL,actual_integrated,2025-01-29 07:20:04-05:00,2025-01-30 05:00:00-05:00,21.665555555555557,20250101isolf_csv.zip,20250130isolf.csv,zip_entry_last_modified,True,51.66555555555556,2025-01-31 00:00:00-05:00,False,2025-01-30 11:00:00-05:00,95.0,2025-01-30 00:00:00-05:00,True,7.9,0.0,125.37,1333.8357,2025-01-31 11:45:00,FM-15,2.0,1.0,93.0,0.0,False,False,False,False
115.86,1244,12,4,False,81.95,128.56583333333333,2025-01-31 12:00:00-05:00,2025-01-31 17:00:00+00:00,2025-01-31 12:00:00-05:00,61758,HUD VL,EST,HUD VL,61758,USW00014714,NYISO,HUD VL,actual_integrated,2025-01-29 07:20:04-05:00,2025-01-30 05:00:00-05:00,21.665555555555557,20250101isolf_csv.zip,20250130isolf.csv,zip_entry_last_modified,True,52.66555555555556,2025-01-31 00:00:00-05:00,False,2025-01-30 12:00:00-05:00,81.95,2025-01-30 00:00:00-05:00,True,7.12,-0.81,109.55,1310.4643,2025-01-31 12:45:00,FM-15,2.0,2.0,100.0,2.6,False,False,False,False
97.01,1229,13,4,False,76.01,126.53625,2025-01-31 13:00:00-05:00,2025-01-31 18:00:00+00:00,2025-01-31 13:00:00-05:00,61758,HUD VL,EST,HUD VL,61758,USW00014714,NYISO,HUD VL,actual_integrated,2025-01-29 07:20:04-05:00,2025-01-30 05:00:00-05:00,21.665555555555557,20250101isolf_csv.zip,20250130isolf.csv,zip_entry_last_modified,True,53.66555555555556,2025-01-31 00:00:00-05:00,False,2025-01-30 13:00:00-05:00,76.01,2025-01-30 00:00:00-05:00,True,5.59,-4.14,95.56,1307.8394,2025-01-31 13:25:00,FM-15,3.0,2.0,93.0,0.0,False,False,False,False
101.72,1224,14,4,False,88.64,125.21291666666666,2025-01-31 14:00:00-05:00,2025-01-31 19:00:00+00:00,2025-01-31 14:00:00-05:00,61758,HUD VL,EST,HUD VL,61758,USW00014714,NYISO,HUD VL,actual_integrated,2025-01-29 07:20:04-05:00,2025-01-30 05:00:00-05:00,21.665555555555557,20250101isolf_csv.zip,20250130isolf.csv,zip_entry_last_modified,True,54.66555555555556,2025-01-31 00:00:00-05:00,False,2025-01-30 14:00:00-05:00,88.64,2025-01-30 00:00:00-05:00,True,5.58,-8.95,105.09,1326.7647,2025-01-31 14:45:00,FM-15,3.0,3.0,100.0,2.1,False,False,False,False
104.49,1238,15,4,False,76.08,122.96249999999999,2025-01-31 15:00:00-05:00,2025-01-31 20:00:00+00:00,2025-01-31 15:00:00-05:00,61758,HUD VL,EST,HUD VL,61758,USW00014714,NYISO,HUD VL,actual_integrated,2025-01-29 07:20:04-05:00,2025-01-30 05:00:00-05:00,21.665555555555557,20250101isolf_csv.zip,20250130isolf.csv,zip_entry_last_modified,True,55.66555555555556,2025-01-31 00:00:00-05:00,False,2025-01-30 15:00:00-05:00,76.08,2025-01-30 00:00:00-05:00,True,5.58,-11.81,110.72,1349.3198,2025-01-31 15:43:00,FM-15,3.0,3.0,100.0,2.1,False,False,False,False
96.76,1253,16,4,False,141.43,122.81625000000001,2025-01-31 16:00:00-05:00,2025-01-31 21:00:00+00:00,2025-01-31 16:00:00-05:00,61758,HUD VL,EST,HUD VL,61758,USW00014714,NYISO,HUD VL,actual_integrated,2025-01-29 07:20:04-05:00,2025-01-30 05:00:00-05:00,21.665555555555557,20250101isolf_csv.zip,20250130isolf.csv,zip_entry_last_modified,True,56.66555555555556,2025-01-31 00:00:00-05:00,False,2025-01-30 16:00:00-05:00,141.43,2025-01-30 00:00:00-05:00,True,5.38,-4.55,95.93,1372.557,,,,,,,,,True,False
100.05,1260,17,4,False,150.36,122.11583333333333,2025-01-31 17:00:00-05:00,2025-01-31 22:00:00+00:00,2025-01-31 17:00:00-05:00,61758,HUD VL,EST,HUD VL,61758,USW00014714,NYISO,HUD VL,actual_integrated,2025-01-29 07:20:04-05:00,2025-01-30 05:00:00-05:00,21.665555555555557,20250101isolf_csv.zip,20250130isolf.csv,zip_entry_last_modified,True,57.66555555555556,2025-01-31 00:00:00-05:00,False,2025-01-30 17:00:00-05:00,150.36,2025-01-30 00:00:00-05:00,True,5.57,-7.48,101.96,1386.554,2025-01-31 17:45:00,FM-15,3.0,3.0,100.0,0.0,False,False,False,False
88.68,1261,18,4,False,167.89,122.25916666666667,2025-01-31 18:00:00-05:00,2025-01-31 23:00:00+00:00,2025-01-31 18:00:00-05:00,61758,HUD VL,EST,HUD VL,61758,USW00014714,NYISO,HUD VL,actual_integrated,2025-01-29 07:20:04-05:00,2025-01-30 05:00:00-05:00,21.665555555555557,20250101isolf_csv.zip,20250130isolf.csv,zip_entry_last_modified,True,58.66555555555556,2025-01-31 00:00:00-05:00,False,2025-01-30 18:00:00-05:00,167.89,2025-01-30 00:00:00-05:00,True,4.82,-4.85,88.71000000000001,1368.1051,2025-01-31 18:45:00,FM-15,3.0,3.0,100.0,2.1,False,False,False,False
85.21,1239,19,4,False,144.36,121.68291666666669,2025-01-31 19:00:00-05:00,2025-02-01 00:00:00+00:00,2025-01-31 19:00:00-05:00,61758,HUD VL,EST,HUD VL,61758,USW00014714,NYISO,HUD VL,actual_integrated,2025-01-29 07:20:04-05:00,2025-01-30 05:00:00-05:00,21.665555555555557,20250101isolf_csv.zip,20250130isolf.csv,zip_entry_last_modified,True,59.66555555555556,2025-01-31 00:00:00-05:00,False,2025-01-30 19:00:00-05:00,144.36,2025-01-30 00:00:00-05:00,True,4.36,-9.44,90.29,1338.2694,2025-01-31 19:45:00,FM-15,3.0,3.0,100.0,0.0,False,False,False,False
92.1,1214,20,4,False,136.5,121.23500000000001,2025-01-31 20:00:00-05:00,2025-02-01 01:00:00+00:00,2025-01-31 20:00:00-05:00,61758,HUD VL,EST,HUD VL,61758,USW00014714,NYISO,HUD VL,actual_integrated,2025-01-29 07:20:04-05:00,2025-01-30 05:00:00-05:00,21.665555555555557,20250101isolf_csv.zip,20250130isolf.csv,zip_entry_last_modified,True,60.66555555555556,2025-01-31 00:00:00-05:00,False,2025-01-30 20:00:00-05:00,136.5,2025-01-30 00:00:00-05:00,True,4.51,-16.1,103.69,1302.0472,2025-01-31 20:45:00,FM-15,2.0,2.0,100.0,0.0,False,False,False,False
77.55,1174,21,4,False,124.38,120.66250000000001,2025-01-31 21:00:00-05:00,2025-02-01 02:00:00+00:00,2025-01-31 21:00:00-05:00,61758,HUD VL,EST,HUD VL,61758,USW00014714,NYISO,HUD VL,actual_integrated,2025-01-29 07:20:04-05:00,2025-01-30 05:00:00-05:00,21.665555555555557,20250101isolf_csv.zip,20250130isolf.csv,zip_entry_last_modified,True,61.66555555555556,2025-01-31 00:00:00-05:00,False,2025-01-30 21:00:00-05:00,124.38,2025-01-30 00:00:00-05:00,True,4.2,-2.15,75.5,1253.129,2025-01-31 21:45:00,FM-15,2.0,2.0,100.0,2.1,False,False,False,False
75.48,1125,22,4,False,100.05,119.58958333333334,2025-01-31 22:00:00-05:00,2025-02-01 03:00:00+00:00,2025-01-31 22:00:00-05:00,61758,HUD VL,EST,HUD VL,61758,USW00014714,NYISO,HUD VL,actual_integrated,2025-01-29 07:20:04-05:00,2025-01-30 05:00:00-05:00,21.665555555555557,20250101isolf_csv.zip,20250130isolf.csv,zip_entry_last_modified,True,62.66555555555556,2025-01-31 00:00:00-05:00,False,2025-01-30 22:00:00-05:00,100.05,2025-01-30 00:00:00-05:00,True,4.13,-0.15,71.50000000000001,1190.8846,2025-01-31 22:45:00,FM-15,2.0,2.0,100.0,0.0,False,False,False,False
75.04,1068,23,4,False,91.93,118.62374999999999,2025-01-31 23:00:00-05:00,2025-02-01 04:00:00+00:00,2025-01-31 23:00:00-05:00,61758,HUD VL,EST,HUD VL,61758,USW00014714,NYISO,HUD VL,actual_integrated,2025-01-29 07:20:04-05:00,2025-01-30 05:00:00-05:00,21.665555555555557,20250101isolf_csv.zip,20250130isolf.csv,zip_entry_last_modified,True,63.66555555555556,2025-01-31 00:00:00-05:00,False,2025-01-30 23:00:00-05:00,91.93,2025-01-30 00:00:00-05:00,True,3.91,0.0,71.13000000000001,1131.7182,2025-01-31 23:45:00,FM-15,2.0,2.0,100.0,0.0,False,False,False,False
