day_ahead_price_usd_mwh,hour_of_day,day_of_week,is_weekend,day_ahead_price_lag_1d,day_ahead_price_lag_1d_rolling_mean_24h,timestamp_local,timestamp_utc,location_id,location,zone,load_area,weather_station,market,pricing_location,load_data_type,prediction_cutoff,day_ahead_price_available_at,target_day_price_available_by_cutoff,previous_day_same_hour_source_timestamp,previous_day_same_hour_price_value,previous_day_same_hour_price_available_at,previous_day_same_hour_price_is_available,is_verified,loss_component_usd_mwh,congestion_component_usd_mwh,energy_component_usd_mwh,actual_load_mw,observed_at,REPORT_TYPE,temperature_c,dew_point_c,relative_humidity_pct,wind_speed_mps,weather_quality_flagged,weather_value_rejected,weather_missing,weather_imputed
21.9812,0,2,False,,,2025-01-01 00:00:00-05:00,2025-01-01 05:00:00+00:00,51301,PSEG,PS,PS,USW00014734,PJM,PSEG,actual_metered,2024-12-31 11:00:00-05:00,2025-01-01 00:00:00-05:00,False,2024-12-31 00:00:00-05:00,,,False,True,0.567763,0.153437,21.26,4068.85,2025-01-01 00:51:00,FM-15,9.4,7.2,86.0,0.0,False,False,False,False
21.397873,1,2,False,,,2025-01-01 01:00:00-05:00,2025-01-01 06:00:00+00:00,51301,PSEG,PS,PS,USW00014734,PJM,PSEG,actual_metered,2024-12-31 11:00:00-05:00,2025-01-01 00:00:00-05:00,False,2024-12-31 01:00:00-05:00,,,False,True,0.450643,-0.01277,20.96,3966.606,2025-01-01 01:51:00,FM-15,8.9,7.2,89.0,1.5,False,False,False,False
20.641678,2,2,False,,,2025-01-01 02:00:00-05:00,2025-01-01 07:00:00+00:00,51301,PSEG,PS,PS,USW00014734,PJM,PSEG,actual_metered,2024-12-31 11:00:00-05:00,2025-01-01 00:00:00-05:00,False,2024-12-31 02:00:00-05:00,,,False,True,0.488148,-0.26647,20.42,3851.354,2025-01-01 02:51:00,FM-15,8.3,6.7,90.0,0.0,False,False,False,False
20.69632,3,2,False,,,2025-01-01 03:00:00-05:00,2025-01-01 08:00:00+00:00,51301,PSEG,PS,PS,USW00014734,PJM,PSEG,actual_metered,2024-12-31 11:00:00-05:00,2025-01-01 00:00:00-05:00,False,2024-12-31 03:00:00-05:00,,,False,True,0.53024,-0.28392,20.45,3767.111,2025-01-01 03:51:00,FM-15,8.9,6.7,86.0,3.6,False,False,False,False
20.649481,4,2,False,,,2025-01-01 04:00:00-05:00,2025-01-01 09:00:00+00:00,51301,PSEG,PS,PS,USW00014734,PJM,PSEG,actual_metered,2024-12-31 11:00:00-05:00,2025-01-01 00:00:00-05:00,False,2024-12-31 04:00:00-05:00,,,False,True,0.590214,-0.400733,20.46,3766.67,2025-01-01 04:51:00,FM-15,8.9,6.7,86.0,5.1,False,False,False,False
21.480903,5,2,False,,,2025-01-01 05:00:00-05:00,2025-01-01 10:00:00+00:00,51301,PSEG,PS,PS,USW00014734,PJM,PSEG,actual_metered,2024-12-31 11:00:00-05:00,2025-01-01 00:00:00-05:00,False,2024-12-31 05:00:00-05:00,,,False,True,1.076368,-0.375465,20.78,3807.887,2025-01-01 05:51:00,FM-15,8.3,6.1,86.0,3.6,False,False,False,False
21.811589,6,2,False,,,2025-01-01 06:00:00-05:00,2025-01-01 11:00:00+00:00,51301,PSEG,PS,PS,USW00014734,PJM,PSEG,actual_metered,2024-12-31 11:00:00-05:00,2025-01-01 00:00:00-05:00,False,2024-12-31 06:00:00-05:00,,,False,True,1.171337,-0.999748,21.64,3888.765,2025-01-01 06:51:00,FM-15,8.3,6.1,86.0,2.6,False,False,False,False
25.06067,7,2,False,,,2025-01-01 07:00:00-05:00,2025-01-01 12:00:00+00:00,51301,PSEG,PS,PS,USW00014734,PJM,PSEG,actual_metered,2024-12-31 11:00:00-05:00,2025-01-01 00:00:00-05:00,False,2024-12-31 07:00:00-05:00,,,False,True,1.604188,-2.203518,25.66,3886.86,2025-01-01 07:51:00,FM-15,8.3,6.1,86.0,5.1,False,False,False,False
25.156641,8,2,False,,,2025-01-01 08:00:00-05:00,2025-01-01 13:00:00+00:00,51301,PSEG,PS,PS,USW00014734,PJM,PSEG,actual_metered,2024-12-31 11:00:00-05:00,2025-01-01 00:00:00-05:00,False,2024-12-31 08:00:00-05:00,,,False,True,1.412312,-0.795671,24.54,3810.661,2025-01-01 08:51:00,FM-15,8.9,6.1,83.0,6.2,False,False,False,False
24.247743,9,2,False,,,2025-01-01 09:00:00-05:00,2025-01-01 14:00:00+00:00,51301,PSEG,PS,PS,USW00014734,PJM,PSEG,actual_metered,2024-12-31 11:00:00-05:00,2025-01-01 00:00:00-05:00,False,2024-12-31 09:00:00-05:00,,,False,True,1.223865,-0.146122,23.17,3706.24,2025-01-01 09:51:00,FM-15,9.4,6.7,83.0,6.7,False,False,False,False
24.293982,10,2,False,,,2025-01-01 10:00:00-05:00,2025-01-01 15:00:00+00:00,51301,PSEG,PS,PS,USW00014734,PJM,PSEG,actual_metered,2024-12-31 11:00:00-05:00,2025-01-01 00:00:00-05:00,False,2024-12-31 10:00:00-05:00,,,False,True,1.249416,-0.165434,23.21,3792.905,2025-01-01 10:51:00,FM-15,10.6,5.6,71.0,8.2,False,False,False,False
24.33462,11,2,False,,,2025-01-01 11:00:00-05:00,2025-01-01 16:00:00+00:00,51301,PSEG,PS,PS,USW00014734,PJM,PSEG,actual_metered,2024-12-31 11:00:00-05:00,2025-01-01 00:00:00-05:00,False,2024-12-31 11:00:00-05:00,,,False,True,1.147584,-0.072964,23.26,3930.665,2025-01-01 11:51:00,FM-15,11.1,3.3,59.0,9.3,False,False,False,False
24.019949,12,2,False,,,2025-01-01 12:00:00-05:00,2025-01-01 17:00:00+00:00,51301,PSEG,PS,PS,USW00014734,PJM,PSEG,actual_metered,2024-12-31 11:00:00-05:00,2025-01-01 00:00:00-05:00,False,2024-12-31 12:00:00-05:00,,,False,True,0.97918,0.160769,22.88,4117.085,2025-01-01 12:51:00,FM-15,9.4,1.7,59.0,11.3,False,False,False,False
23.720688,13,2,False,,,2025-01-01 13:00:00-05:00,2025-01-01 18:00:00+00:00,51301,PSEG,PS,PS,USW00014734,PJM,PSEG,actual_metered,2024-12-31 11:00:00-05:00,2025-01-01 00:00:00-05:00,False,2024-12-31 13:00:00-05:00,,,False,True,0.8998,0.210888,22.61,4257.799,2025-01-01 13:51:00,FM-15,8.3,1.7,63.0,10.3,False,False,False,False
23.9731,14,2,False,,,2025-01-01 14:00:00-05:00,2025-01-01 19:00:00+00:00,51301,PSEG,PS,PS,USW00014734,PJM,PSEG,actual_metered,2024-12-31 11:00:00-05:00,2025-01-01 00:00:00-05:00,False,2024-12-31 14:00:00-05:00,,,False,True,1.032396,0.190704,22.75,4345.654,2025-01-01 14:51:00,FM-15,8.3,0.6,59.0,11.8,False,False,False,False
24.706942,15,2,False,,,2025-01-01 15:00:00-05:00,2025-01-01 20:00:00+00:00,51301,PSEG,PS,PS,USW00014734,PJM,PSEG,actual_metered,2024-12-31 11:00:00-05:00,2025-01-01 00:00:00-05:00,False,2024-12-31 15:00:00-05:00,,,False,True,1.136012,0.10093,23.47,4445.384,2025-01-01 15:51:00,FM-15,7.8,0.0,58.0,7.2,False,False,False,False
28.074254,16,2,False,,,2025-01-01 16:00:00-05:00,2025-01-01 21:00:00+00:00,51301,PSEG,PS,PS,USW00014734,PJM,PSEG,actual_metered,2024-12-31 11:00:00-05:00,2025-01-01 00:00:00-05:00,False,2024-12-31 16:00:00-05:00,,,False,True,1.449278,0.064976,26.56,4705.362,2025-01-01 16:51:00,FM-15,6.7,-1.1,58.0,10.8,False,False,False,False
34.684832,17,2,False,,,2025-01-01 17:00:00-05:00,2025-01-01 22:00:00+00:00,51301,PSEG,PS,PS,USW00014734,PJM,PSEG,actual_metered,2024-12-31 11:00:00-05:00,2025-01-01 00:00:00-05:00,False,2024-12-31 17:00:00-05:00,,,False,True,2.269359,-0.164527,32.58,5040.437,2025-01-01 17:51:00,FM-15,6.7,-1.7,55.0,9.3,False,False,False,False
34.325272,18,2,False,,,2025-01-01 18:00:00-05:00,2025-01-01 23:00:00+00:00,51301,PSEG,PS,PS,USW00014734,PJM,PSEG,actual_metered,2024-12-31 11:00:00-05:00,2025-01-01 00:00:00-05:00,False,2024-12-31 18:00:00-05:00,,,False,True,2.192232,-0.34696,32.48,5043.069,2025-01-01 18:51:00,FM-15,6.1,-1.7,58.0,7.2,False,False,False,False
33.781305,19,2,False,,,2025-01-01 19:00:00-05:00,2025-01-02 00:00:00+00:00,51301,PSEG,PS,PS,USW00014734,PJM,PSEG,actual_metered,2024-12-31 11:00:00-05:00,2025-01-01 00:00:00-05:00,False,2024-12-31 19:00:00-05:00,,,False,True,1.938484,-0.377179,32.22,5010.183,2025-01-01 19:51:00,FM-15,6.7,-2.8,51.0,10.8,False,False,False,False
33.515244,20,2,False,,,2025-01-01 20:00:00-05:00,2025-01-02 01:00:00+00:00,51301,PSEG,PS,PS,USW00014734,PJM,PSEG,actual_metered,2024-12-31 11:00:00-05:00,2025-01-01 00:00:00-05:00,False,2024-12-31 20:00:00-05:00,,,False,True,1.763529,-0.328285,32.08,4948.724,2025-01-01 20:51:00,FM-15,5.6,-6.1,43.0,10.8,False,False,False,False
30.847223,21,2,False,,,2025-01-01 21:00:00-05:00,2025-01-02 02:00:00+00:00,51301,PSEG,PS,PS,USW00014734,PJM,PSEG,actual_metered,2024-12-31 11:00:00-05:00,2025-01-01 00:00:00-05:00,False,2024-12-31 21:00:00-05:00,,,False,True,1.110434,-0.303211,30.04,4835.116,2025-01-01 21:51:00,FM-15,5.6,-5.6,45.0,5.1,False,False,False,False
30.164782,22,2,False,,,2025-01-01 22:00:00-05:00,2025-01-02 03:00:00+00:00,51301,PSEG,PS,PS,USW00014734,PJM,PSEG,actual_metered,2024-12-31 11:00:00-05:00,2025-01-01 00:00:00-05:00,False,2024-12-31 22:00:00-05:00,,,False,True,0.646563,-0.081781,29.6,4636.601,2025-01-01 22:51:00,FM-15,5.0,-4.4,51.0,6.7,False,False,False,False
28.081909,23,2,False,,,2025-01-01 23:00:00-05:00,2025-01-02 04:00:00+00:00,51301,PSEG,PS,PS,USW00014734,PJM,PSEG,actual_metered,2024-12-31 11:00:00-05:00,2025-01-01 00:00:00-05:00,False,2024-12-31 23:00:00-05:00,,,False,True,0.542928,-0.161019,27.7,4413.507,2025-01-01 23:51:00,FM-15,4.4,-3.9,55.0,7.7,False,False,False,False
24.61721,0,3,False,21.9812,,2025-01-02 00:00:00-05:00,2025-01-02 05:00:00+00:00,51301,PSEG,PS,PS,USW00014734,PJM,PSEG,actual_metered,2025-01-01 11:00:00-05:00,2025-01-02 00:00:00-05:00,False,2025-01-01 00:00:00-05:00,21.9812,2025-01-01 00:00:00-05:00,True,True,0.681169,-1.173959,25.11,4242.381,2025-01-02 00:51:00,FM-15,3.9,-4.4,55.0,6.2,False,False,False,False
23.191977,1,3,False,21.397873,,2025-01-02 01:00:00-05:00,2025-01-02 06:00:00+00:00,51301,PSEG,PS,PS,USW00014734,PJM,PSEG,actual_metered,2025-01-01 11:00:00-05:00,2025-01-02 00:00:00-05:00,False,2025-01-01 01:00:00-05:00,21.397873,2025-01-01 00:00:00-05:00,True,True,0.506182,-1.104205,23.79,4119.588,2025-01-02 01:51:00,FM-15,3.9,-3.9,57.0,7.7,False,False,False,False
22.868496,2,3,False,20.641678,,2025-01-02 02:00:00-05:00,2025-01-02 07:00:00+00:00,51301,PSEG,PS,PS,USW00014734,PJM,PSEG,actual_metered,2025-01-01 11:00:00-05:00,2025-01-02 00:00:00-05:00,False,2025-01-01 02:00:00-05:00,20.641678,2025-01-01 00:00:00-05:00,True,True,0.342496,-1.054,23.58,4057.049,2025-01-02 02:51:00,FM-15,3.9,-2.8,62.0,9.8,False,False,False,False
22.878876,3,3,False,20.69632,,2025-01-02 03:00:00-05:00,2025-01-02 08:00:00+00:00,51301,PSEG,PS,PS,USW00014734,PJM,PSEG,actual_metered,2025-01-01 11:00:00-05:00,2025-01-02 00:00:00-05:00,False,2025-01-01 03:00:00-05:00,20.69632,2025-01-01 00:00:00-05:00,True,True,0.225007,-1.016131,23.67,4056.174,2025-01-02 03:51:00,FM-15,4.4,-3.9,55.0,7.7,False,False,False,False
23.536007,4,3,False,20.649481,,2025-01-02 04:00:00-05:00,2025-01-02 09:00:00+00:00,51301,PSEG,PS,PS,USW00014734,PJM,PSEG,actual_metered,2025-01-01 11:00:00-05:00,2025-01-02 00:00:00-05:00,False,2025-01-01 04:00:00-05:00,20.649481,2025-01-01 00:00:00-05:00,True,True,0.100019,-1.614012,25.05,4136.75,2025-01-02 04:51:00,FM-15,3.9,-5.6,50.0,7.2,False,False,False,False
24.108161,5,3,False,21.480903,,2025-01-02 05:00:00-05:00,2025-01-02 10:00:00+00:00,51301,PSEG,PS,PS,USW00014734,PJM,PSEG,actual_metered,2025-01-01 11:00:00-05:00,2025-01-02 00:00:00-05:00,False,2025-01-01 05:00:00-05:00,21.480903,2025-01-01 00:00:00-05:00,True,True,0.197169,-4.419008,28.33,4378.566,2025-01-02 05:51:00,FM-15,3.3,-5.6,52.0,7.7,False,False,False,False
31.449681,6,3,False,21.811589,,2025-01-02 06:00:00-05:00,2025-01-02 11:00:00+00:00,51301,PSEG,PS,PS,USW00014734,PJM,PSEG,actual_metered,2025-01-01 11:00:00-05:00,2025-01-02 00:00:00-05:00,False,2025-01-01 06:00:00-05:00,21.811589,2025-01-01 00:00:00-05:00,True,True,0.26931,-5.979629,37.16,4756.754,2025-01-02 06:51:00,FM-15,2.8,-6.1,52.0,9.3,False,False,False,False
41.931714,7,3,False,25.06067,,2025-01-02 07:00:00-05:00,2025-01-02 12:00:00+00:00,51301,PSEG,PS,PS,USW00014734,PJM,PSEG,actual_metered,2025-01-01 11:00:00-05:00,2025-01-02 00:00:00-05:00,False,2025-01-01 07:00:00-05:00,25.06067,2025-01-01 00:00:00-05:00,True,True,0.756302,-4.744588,45.92,5020.42,2025-01-02 07:51:00,FM-15,2.8,-6.7,50.0,7.2,False,False,False,False
35.212851,8,3,False,25.156641,,2025-01-02 08:00:00-05:00,2025-01-02 13:00:00+00:00,51301,PSEG,PS,PS,USW00014734,PJM,PSEG,actual_metered,2025-01-01 11:00:00-05:00,2025-01-02 00:00:00-05:00,False,2025-01-01 08:00:00-05:00,25.156641,2025-01-01 00:00:00-05:00,True,True,0.595631,-2.84278,37.46,4982.686,2025-01-02 08:51:00,FM-15,3.9,-6.1,48.0,8.2,False,False,False,False
33.683108,9,3,False,24.247743,,2025-01-02 09:00:00-05:00,2025-01-02 14:00:00+00:00,51301,PSEG,PS,PS,USW00014734,PJM,PSEG,actual_metered,2025-01-01 11:00:00-05:00,2025-01-02 00:00:00-05:00,False,2025-01-01 09:00:00-05:00,24.247743,2025-01-01 00:00:00-05:00,True,True,0.747521,-1.284413,34.22,4799.78,2025-01-02 09:51:00,FM-15,5.6,-6.1,43.0,8.8,False,False,False,False
34.051794,10,3,False,24.293982,,2025-01-02 10:00:00-05:00,2025-01-02 15:00:00+00:00,51301,PSEG,PS,PS,USW00014734,PJM,PSEG,actual_metered,2025-01-01 11:00:00-05:00,2025-01-02 00:00:00-05:00,False,2025-01-01 10:00:00-05:00,24.293982,2025-01-01 00:00:00-05:00,True,True,0.888684,-0.08689,33.25,4755.056,2025-01-02 10:51:00,FM-15,6.1,-6.7,40.0,12.4,False,False,False,False
33.154606,11,3,False,24.33462,,2025-01-02 11:00:00-05:00,2025-01-02 16:00:00+00:00,51301,PSEG,PS,PS,USW00014734,PJM,PSEG,actual_metered,2025-01-01 11:00:00-05:00,2025-01-02 00:00:00-05:00,False,2025-01-01 11:00:00-05:00,24.33462,2025-01-01 00:00:00-05:00,True,True,0.915274,0.119332,32.12,4677.074,2025-01-02 11:51:00,FM-15,6.7,-7.2,37.0,11.3,False,False,False,False
30.644664,12,3,False,24.019949,,2025-01-02 12:00:00-05:00,2025-01-02 17:00:00+00:00,51301,PSEG,PS,PS,USW00014734,PJM,PSEG,actual_metered,2025-01-01 11:00:00-05:00,2025-01-02 00:00:00-05:00,False,2025-01-01 12:00:00-05:00,24.019949,2025-01-01 00:00:00-05:00,True,True,0.975881,0.058783,29.61,4726.415,2025-01-02 12:51:00,FM-15,6.1,-7.8,37.0,12.4,False,False,False,False
30.600105,13,3,False,23.720688,,2025-01-02 13:00:00-05:00,2025-01-02 18:00:00+00:00,51301,PSEG,PS,PS,USW00014734,PJM,PSEG,actual_metered,2025-01-01 11:00:00-05:00,2025-01-02 00:00:00-05:00,False,2025-01-01 13:00:00-05:00,23.720688,2025-01-01 00:00:00-05:00,True,True,1.101682,0.138423,29.36,4920.793,2025-01-02 13:51:00,FM-15,6.1,-8.3,35.0,10.8,False,False,False,False
30.641836,14,3,False,23.9731,,2025-01-02 14:00:00-05:00,2025-01-02 19:00:00+00:00,51301,PSEG,PS,PS,USW00014734,PJM,PSEG,actual_metered,2025-01-01 11:00:00-05:00,2025-01-02 00:00:00-05:00,False,2025-01-01 14:00:00-05:00,23.9731,2025-01-01 00:00:00-05:00,True,True,1.31351,0.028326,29.3,5187.438,2025-01-02 14:51:00,FM-15,5.6,-8.3,36.0,10.3,False,False,False,False
30.507036,15,3,False,24.706942,,2025-01-02 15:00:00-05:00,2025-01-02 20:00:00+00:00,51301,PSEG,PS,PS,USW00014734,PJM,PSEG,actual_metered,2025-01-01 11:00:00-05:00,2025-01-02 00:00:00-05:00,False,2025-01-01 15:00:00-05:00,24.706942,2025-01-01 00:00:00-05:00,True,True,1.232033,-0.084997,29.36,5344.921,2025-01-02 15:51:00,FM-15,5.0,-8.9,36.0,9.8,False,False,False,False
38.577797,16,3,False,28.074254,,2025-01-02 16:00:00-05:00,2025-01-02 21:00:00+00:00,51301,PSEG,PS,PS,USW00014734,PJM,PSEG,actual_metered,2025-01-01 11:00:00-05:00,2025-01-02 00:00:00-05:00,False,2025-01-01 16:00:00-05:00,28.074254,2025-01-01 00:00:00-05:00,True,True,1.735153,-0.107356,36.95,5526.387,2025-01-02 16:51:00,FM-15,3.9,-8.9,39.0,10.3,False,False,False,False
55.074901,17,3,False,34.684832,,2025-01-02 17:00:00-05:00,2025-01-02 22:00:00+00:00,51301,PSEG,PS,PS,USW00014734,PJM,PSEG,actual_metered,2025-01-01 11:00:00-05:00,2025-01-02 00:00:00-05:00,False,2025-01-01 17:00:00-05:00,34.684832,2025-01-01 00:00:00-05:00,True,True,2.946463,0.088438,52.04,5805.711,2025-01-02 17:51:00,FM-15,3.3,-8.9,41.0,8.2,False,False,False,False
45.904423,18,3,False,34.325272,,2025-01-02 18:00:00-05:00,2025-01-02 23:00:00+00:00,51301,PSEG,PS,PS,USW00014734,PJM,PSEG,actual_metered,2025-01-01 11:00:00-05:00,2025-01-02 00:00:00-05:00,False,2025-01-01 18:00:00-05:00,34.325272,2025-01-01 00:00:00-05:00,True,True,1.785543,-0.01112,44.13,5764.017,2025-01-02 18:51:00,FM-15,2.8,-8.3,44.0,8.8,False,False,False,False
40.713979,19,3,False,33.781305,,2025-01-02 19:00:00-05:00,2025-01-03 00:00:00+00:00,51301,PSEG,PS,PS,USW00014734,PJM,PSEG,actual_metered,2025-01-01 11:00:00-05:00,2025-01-02 00:00:00-05:00,False,2025-01-01 19:00:00-05:00,33.781305,2025-01-01 00:00:00-05:00,True,True,1.620259,-0.17628,39.27,5705.023,2025-01-02 19:51:00,FM-15,2.2,-8.9,44.0,7.7,False,False,False,False
40.363049,20,3,False,33.515244,,2025-01-02 20:00:00-05:00,2025-01-03 01:00:00+00:00,51301,PSEG,PS,PS,USW00014734,PJM,PSEG,actual_metered,2025-01-01 11:00:00-05:00,2025-01-02 00:00:00-05:00,False,2025-01-01 20:00:00-05:00,33.515244,2025-01-01 00:00:00-05:00,True,True,1.715861,0.077188,38.57,5606.029,2025-01-02 20:51:00,FM-15,1.7,-8.9,46.0,7.7,False,False,False,False
39.100652,21,3,False,30.847223,,2025-01-02 21:00:00-05:00,2025-01-03 02:00:00+00:00,51301,PSEG,PS,PS,USW00014734,PJM,PSEG,actual_metered,2025-01-01 11:00:00-05:00,2025-01-02 00:00:00-05:00,False,2025-01-01 21:00:00-05:00,30.847223,2025-01-01 00:00:00-05:00,True,True,1.506496,0.254156,37.34,5423.141,2025-01-02 21:51:00,FM-15,1.1,-8.3,50.0,7.7,False,False,False,False
36.089365,22,3,False,30.164782,,2025-01-02 22:00:00-05:00,2025-01-03 03:00:00+00:00,51301,PSEG,PS,PS,USW00014734,PJM,PSEG,actual_metered,2025-01-01 11:00:00-05:00,2025-01-02 00:00:00-05:00,False,2025-01-01 22:00:00-05:00,30.164782,2025-01-01 00:00:00-05:00,True,True,1.385153,0.314212,34.39,5168.949,2025-01-02 22:51:00,FM-15,1.1,-8.9,48.0,8.2,False,False,False,False
33.077227,23,3,False,28.081909,25.90200833333333,2025-01-02 23:00:00-05:00,2025-01-03 04:00:00+00:00,51301,PSEG,PS,PS,USW00014734,PJM,PSEG,actual_metered,2025-01-01 11:00:00-05:00,2025-01-02 00:00:00-05:00,False,2025-01-01 23:00:00-05:00,28.081909,2025-01-01 00:00:00-05:00,True,True,1.095039,0.492188,31.49,4905.496,2025-01-02 23:51:00,FM-15,1.1,-8.9,48.0,6.7,False,False,False,False
30.565987,0,4,False,24.61721,26.01184208333333,2025-01-03 00:00:00-05:00,2025-01-03 05:00:00+00:00,51301,PSEG,PS,PS,USW00014734,PJM,PSEG,actual_metered,2025-01-02 11:00:00-05:00,2025-01-03 00:00:00-05:00,False,2025-01-02 00:00:00-05:00,24.61721,2025-01-02 00:00:00-05:00,True,True,1.063132,0.772855,28.73,4684.697,2025-01-03 00:51:00,FM-15,1.1,-8.9,48.0,8.8,False,False,False,False
30.399872,1,4,False,23.191977,26.08659641666667,2025-01-03 01:00:00-05:00,2025-01-03 06:00:00+00:00,51301,PSEG,PS,PS,USW00014734,PJM,PSEG,actual_metered,2025-01-02 11:00:00-05:00,2025-01-03 00:00:00-05:00,False,2025-01-02 01:00:00-05:00,23.191977,2025-01-02 00:00:00-05:00,True,True,0.917256,1.032616,28.45,4528.86,2025-01-03 01:51:00,FM-15,0.6,-9.4,47.0,6.7,False,False,False,False
29.584551,2,4,False,22.868496,26.179380499999997,2025-01-03 02:00:00-05:00,2025-01-03 07:00:00+00:00,51301,PSEG,PS,PS,USW00014734,PJM,PSEG,actual_metered,2025-01-02 11:00:00-05:00,2025-01-03 00:00:00-05:00,False,2025-01-02 02:00:00-05:00,22.868496,2025-01-02 00:00:00-05:00,True,True,0.772288,1.212263,27.6,4433.862,2025-01-03 02:51:00,FM-15,1.1,-8.9,48.0,5.7,False,False,False,False
29.644509,3,4,False,22.878876,26.27032033333333,2025-01-03 03:00:00-05:00,2025-01-03 08:00:00+00:00,51301,PSEG,PS,PS,USW00014734,PJM,PSEG,actual_metered,2025-01-02 11:00:00-05:00,2025-01-03 00:00:00-05:00,False,2025-01-02 03:00:00-05:00,22.878876,2025-01-02 00:00:00-05:00,True,True,0.762504,1.302005,27.58,4404.074,2025-01-03 03:51:00,FM-15,1.1,-8.9,48.0,5.7,False,False,False,False
29.990572,4,4,False,23.536007,26.39059225,2025-01-03 04:00:00-05:00,2025-01-03 09:00:00+00:00,51301,PSEG,PS,PS,USW00014734,PJM,PSEG,actual_metered,2025-01-02 11:00:00-05:00,2025-01-03 00:00:00-05:00,False,2025-01-02 04:00:00-05:00,23.536007,2025-01-02 00:00:00-05:00,True,True,0.788551,1.422021,27.78,4461.347,2025-01-03 04:51:00,FM-15,1.1,-7.8,52.0,8.2,False,False,False,False
31.932695,5,4,False,24.108161,26.500061333333335,2025-01-03 05:00:00-05:00,2025-01-03 10:00:00+00:00,51301,PSEG,PS,PS,USW00014734,PJM,PSEG,actual_metered,2025-01-02 11:00:00-05:00,2025-01-03 00:00:00-05:00,False,2025-01-02 05:00:00-05:00,24.108161,2025-01-02 00:00:00-05:00,True,True,0.720186,1.352509,29.86,4645.889,2025-01-03 05:51:00,FM-15,1.1,-8.3,50.0,5.7,False,False,False,False
40.130844,6,4,False,31.449681,26.901648500000004,2025-01-03 06:00:00-05:00,2025-01-03 11:00:00+00:00,51301,PSEG,PS,PS,USW00014734,PJM,PSEG,actual_metered,2025-01-02 11:00:00-05:00,2025-01-03 00:00:00-05:00,False,2025-01-02 06:00:00-05:00,31.449681,2025-01-02 00:00:00-05:00,True,True,1.555068,1.555776,37.02,4970.786,2025-01-03 06:51:00,FM-15,1.1,-8.3,50.0,5.1,False,False,False,False
46.397204,7,4,False,41.931714,27.604608666666667,2025-01-03 07:00:00-05:00,2025-01-03 12:00:00+00:00,51301,PSEG,PS,PS,USW00014734,PJM,PSEG,actual_metered,2025-01-02 11:00:00-05:00,2025-01-03 00:00:00-05:00,False,2025-01-02 07:00:00-05:00,41.931714,2025-01-02 00:00:00-05:00,True,True,2.244446,1.902758,42.25,5223.554,2025-01-03 07:51:00,FM-15,0.6,-8.3,52.0,4.6,False,False,False,False
40.656497,8,4,False,35.212851,28.023617416666667,2025-01-03 08:00:00-05:00,2025-01-03 13:00:00+00:00,51301,PSEG,PS,PS,USW00014734,PJM,PSEG,actual_metered,2025-01-02 11:00:00-05:00,2025-01-03 00:00:00-05:00,False,2025-01-02 08:00:00-05:00,35.212851,2025-01-02 00:00:00-05:00,True,True,1.487416,1.219081,37.95,5212.14,2025-01-03 08:51:00,FM-15,1.7,-8.3,48.0,5.1,False,False,False,False
35.901563,9,4,False,33.683108,28.416757625000002,2025-01-03 09:00:00-05:00,2025-01-03 14:00:00+00:00,51301,PSEG,PS,PS,USW00014734,PJM,PSEG,actual_metered,2025-01-02 11:00:00-05:00,2025-01-03 00:00:00-05:00,False,2025-01-02 09:00:00-05:00,33.683108,2025-01-02 00:00:00-05:00,True,True,1.63885,0.882713,33.38,5048.581,2025-01-03 09:51:00,FM-15,3.3,-8.9,41.0,6.7,False,False,False,False
34.663376,10,4,False,34.051794,28.823333125,2025-01-03 10:00:00-05:00,2025-01-03 15:00:00+00:00,51301,PSEG,PS,PS,USW00014734,PJM,PSEG,actual_metered,2025-01-02 11:00:00-05:00,2025-01-03 00:00:00-05:00,False,2025-01-02 10:00:00-05:00,34.051794,2025-01-02 00:00:00-05:00,True,True,1.757276,0.4161,32.49,4891.424,2025-01-03 10:51:00,FM-15,3.9,-8.9,39.0,6.2,False,False,False,False
33.54,11,4,False,33.154606,29.190832541666666,2025-01-03 11:00:00-05:00,2025-01-03 16:00:00+00:00,51301,PSEG,PS,PS,USW00014734,PJM,PSEG,actual_metered,2025-01-02 11:00:00-05:00,2025-01-03 00:00:00-05:00,False,2025-01-02 11:00:00-05:00,33.154606,2025-01-02 00:00:00-05:00,True,True,1.778661,0.831339,30.93,4750.517,2025-01-03 11:51:00,FM-15,4.4,-8.9,38.0,5.7,False,False,False,False
32.200219,12,4,False,30.644664,29.466862333333335,2025-01-03 12:00:00-05:00,2025-01-03 17:00:00+00:00,51301,PSEG,PS,PS,USW00014734,PJM,PSEG,actual_metered,2025-01-02 11:00:00-05:00,2025-01-03 00:00:00-05:00,False,2025-01-02 12:00:00-05:00,30.644664,2025-01-02 00:00:00-05:00,True,True,1.708426,1.131793,29.36,4705.547,2025-01-03 12:51:00,FM-15,4.4,-8.3,40.0,7.2,False,False,False,False
31.587208,13,4,False,30.600105,29.753504708333335,2025-01-03 13:00:00-05:00,2025-01-03 18:00:00+00:00,51301,PSEG,PS,PS,USW00014734,PJM,PSEG,actual_metered,2025-01-02 11:00:00-05:00,2025-01-03 00:00:00-05:00,False,2025-01-02 13:00:00-05:00,30.600105,2025-01-02 00:00:00-05:00,True,True,1.727599,1.649609,28.21,4784.501,2025-01-03 13:51:00,FM-15,3.9,-8.3,41.0,6.7,False,False,False,False
30.931814,14,4,False,30.641836,30.031368708333332,2025-01-03 14:00:00-05:00,2025-01-03 19:00:00+00:00,51301,PSEG,PS,PS,USW00014734,PJM,PSEG,actual_metered,2025-01-02 11:00:00-05:00,2025-01-03 00:00:00-05:00,False,2025-01-02 14:00:00-05:00,30.641836,2025-01-02 00:00:00-05:00,True,True,1.755098,1.436716,27.74,5001.637,2025-01-03 14:51:00,FM-15,3.9,-8.9,39.0,7.7,False,False,False,False
31.932103,15,4,False,30.507036,30.273039291666667,2025-01-03 15:00:00-05:00,2025-01-03 20:00:00+00:00,51301,PSEG,PS,PS,USW00014734,PJM,PSEG,actual_metered,2025-01-02 11:00:00-05:00,2025-01-03 00:00:00-05:00,False,2025-01-02 15:00:00-05:00,30.507036,2025-01-02 00:00:00-05:00,True,True,1.811285,0.730818,29.39,5220.567,2025-01-03 15:51:00,FM-15,3.3,-8.9,41.0,7.7,False,False,False,False
34.990906,16,4,False,38.577797,30.71068691666667,2025-01-03 16:00:00-05:00,2025-01-03 21:00:00+00:00,51301,PSEG,PS,PS,USW00014734,PJM,PSEG,actual_metered,2025-01-02 11:00:00-05:00,2025-01-03 00:00:00-05:00,False,2025-01-02 16:00:00-05:00,38.577797,2025-01-02 00:00:00-05:00,True,True,1.922432,0.568474,32.5,5496.207,2025-01-03 16:51:00,FM-15,2.2,-7.8,48.0,5.1,False,False,False,False
44.57116,17,4,False,55.074901,31.560273125,2025-01-03 17:00:00-05:00,2025-01-03 22:00:00+00:00,51301,PSEG,PS,PS,USW00014734,PJM,PSEG,actual_metered,2025-01-02 11:00:00-05:00,2025-01-03 00:00:00-05:00,False,2025-01-02 17:00:00-05:00,55.074901,2025-01-02 00:00:00-05:00,True,True,2.701239,0.509921,41.36,5731.492,2025-01-03 17:51:00,FM-15,1.7,-6.7,54.0,6.7,False,False,False,False
42.536437,18,4,False,45.904423,32.04273775,2025-01-03 18:00:00-05:00,2025-01-03 23:00:00+00:00,51301,PSEG,PS,PS,USW00014734,PJM,PSEG,actual_metered,2025-01-02 11:00:00-05:00,2025-01-03 00:00:00-05:00,False,2025-01-02 18:00:00-05:00,45.904423,2025-01-02 00:00:00-05:00,True,True,2.413419,0.283018,39.84,5681.842,2025-01-03 18:51:00,FM-15,0.6,-6.1,61.0,5.1,False,False,False,False
39.987384,19,4,False,40.713979,32.33159916666667,2025-01-03 19:00:00-05:00,2025-01-04 00:00:00+00:00,51301,PSEG,PS,PS,USW00014734,PJM,PSEG,actual_metered,2025-01-02 11:00:00-05:00,2025-01-03 00:00:00-05:00,False,2025-01-02 19:00:00-05:00,40.713979,2025-01-02 00:00:00-05:00,True,True,2.106825,0.260559,37.62,5607.818,2025-01-03 19:51:00,FM-15,0.0,-6.1,64.0,5.1,False,False,False,False
39.422587,20,4,False,40.363049,32.616924374999996,2025-01-03 20:00:00-05:00,2025-01-04 01:00:00+00:00,51301,PSEG,PS,PS,USW00014734,PJM,PSEG,actual_metered,2025-01-02 11:00:00-05:00,2025-01-03 00:00:00-05:00,False,2025-01-02 20:00:00-05:00,40.363049,2025-01-02 00:00:00-05:00,True,True,2.214665,0.207922,37.0,5503.248,2025-01-03 20:51:00,FM-15,0.0,-6.1,64.0,4.6,False,False,False,False
38.000907,21,4,False,39.100652,32.96081725,2025-01-03 21:00:00-05:00,2025-01-04 02:00:00+00:00,51301,PSEG,PS,PS,USW00014734,PJM,PSEG,actual_metered,2025-01-02 11:00:00-05:00,2025-01-03 00:00:00-05:00,False,2025-01-02 21:00:00-05:00,39.100652,2025-01-02 00:00:00-05:00,True,True,2.224396,0.216511,35.56,5395.226,2025-01-03 21:51:00,FM-15,0.0,-6.7,61.0,4.6,False,False,False,False
36.212505,22,4,False,36.089365,33.207674875,2025-01-03 22:00:00-05:00,2025-01-04 03:00:00+00:00,51301,PSEG,PS,PS,USW00014734,PJM,PSEG,actual_metered,2025-01-02 11:00:00-05:00,2025-01-03 00:00:00-05:00,False,2025-01-02 22:00:00-05:00,36.089365,2025-01-02 00:00:00-05:00,True,True,2.038164,0.224341,33.95,5196.151,2025-01-03 22:51:00,FM-15,-0.6,-6.7,64.0,4.1,False,False,False,False
34.491075,23,4,False,33.077227,33.415813125,2025-01-03 23:00:00-05:00,2025-01-04 04:00:00+00:00,51301,PSEG,PS,PS,USW00014734,PJM,PSEG,actual_metered,2025-01-02 11:00:00-05:00,2025-01-03 00:00:00-05:00,False,2025-01-02 23:00:00-05:00,33.077227,2025-01-02 00:00:00-05:00,True,True,2.326538,0.294537,31.87,4969.962,2025-01-03 23:51:00,FM-15,-0.6,-8.9,54.0,6.7,False,False,False,False
36.078165,0,5,True,30.565987,33.663678833333336,2025-01-04 00:00:00-05:00,2025-01-04 05:00:00+00:00,51301,PSEG,PS,PS,USW00014734,PJM,PSEG,actual_metered,2025-01-03 11:00:00-05:00,2025-01-04 00:00:00-05:00,False,2025-01-03 00:00:00-05:00,30.565987,2025-01-03 00:00:00-05:00,True,True,1.862736,-0.184571,34.4,4768.606,2025-01-04 00:51:00,FM-15,-0.6,-10.0,49.0,6.7,False,False,False,False
35.334507,1,5,True,30.399872,33.96400779166667,2025-01-04 01:00:00-05:00,2025-01-04 06:00:00+00:00,51301,PSEG,PS,PS,USW00014734,PJM,PSEG,actual_metered,2025-01-03 11:00:00-05:00,2025-01-04 00:00:00-05:00,False,2025-01-03 01:00:00-05:00,30.399872,2025-01-03 00:00:00-05:00,True,True,1.685994,-0.421487,34.07,4602.317,2025-01-04 01:51:00,FM-15,-0.6,-10.6,47.0,5.1,False,False,False,False
34.765953,2,5,True,29.584551,34.24384341666667,2025-01-04 02:00:00-05:00,2025-01-04 07:00:00+00:00,51301,PSEG,PS,PS,USW00014734,PJM,PSEG,actual_metered,2025-01-03 11:00:00-05:00,2025-01-04 00:00:00-05:00,False,2025-01-03 02:00:00-05:00,29.584551,2025-01-03 00:00:00-05:00,True,True,1.595575,-0.399622,33.57,4494.624,2025-01-04 02:51:00,FM-15,-1.1,-10.0,51.0,4.6,False,False,False,False
34.920182,3,5,True,29.644509,34.52574479166667,2025-01-04 03:00:00-05:00,2025-01-04 08:00:00+00:00,51301,PSEG,PS,PS,USW00014734,PJM,PSEG,actual_metered,2025-01-03 11:00:00-05:00,2025-01-04 00:00:00-05:00,False,2025-01-03 03:00:00-05:00,29.644509,2025-01-03 00:00:00-05:00,True,True,1.667751,-0.897569,34.15,4467.98,2025-01-04 03:51:00,FM-15,-0.6,-11.1,45.0,6.7,False,False,False,False
35.781114,4,5,True,29.990572,34.794685,2025-01-04 04:00:00-05:00,2025-01-04 09:00:00+00:00,51301,PSEG,PS,PS,USW00014734,PJM,PSEG,actual_metered,2025-01-03 11:00:00-05:00,2025-01-04 00:00:00-05:00,False,2025-01-03 04:00:00-05:00,29.990572,2025-01-03 00:00:00-05:00,True,True,1.60154,-0.840426,35.02,4476.057,2025-01-04 04:51:00,FM-15,-1.1,-12.2,43.0,6.7,False,False,False,False
35.439856,5,5,True,31.932695,35.12070725,2025-01-04 05:00:00-05:00,2025-01-04 10:00:00+00:00,51301,PSEG,PS,PS,USW00014734,PJM,PSEG,actual_metered,2025-01-03 11:00:00-05:00,2025-01-04 00:00:00-05:00,False,2025-01-03 05:00:00-05:00,31.932695,2025-01-03 00:00:00-05:00,True,True,1.673397,-1.063541,34.83,4560.645,2025-01-04 05:51:00,FM-15,-1.1,-11.7,45.0,3.6,False,False,False,False
37.858109,6,5,True,40.130844,35.482422375,2025-01-04 06:00:00-05:00,2025-01-04 11:00:00+00:00,51301,PSEG,PS,PS,USW00014734,PJM,PSEG,actual_metered,2025-01-03 11:00:00-05:00,2025-01-04 00:00:00-05:00,False,2025-01-03 06:00:00-05:00,40.130844,2025-01-03 00:00:00-05:00,True,True,2.098015,-3.419906,39.18,4703.299,2025-01-04 06:51:00,FM-15,-0.6,-12.8,40.0,6.2,False,False,False,False
43.760093,7,5,True,46.397204,35.66848445833333,2025-01-04 07:00:00-05:00,2025-01-04 12:00:00+00:00,51301,PSEG,PS,PS,USW00014734,PJM,PSEG,actual_metered,2025-01-03 11:00:00-05:00,2025-01-04 00:00:00-05:00,False,2025-01-03 07:00:00-05:00,46.397204,2025-01-03 00:00:00-05:00,True,True,3.133005,-4.892912,45.52,4788.79,2025-01-04 07:51:00,FM-15,-0.6,-13.3,38.0,8.8,False,False,False,False
42.267364,8,5,True,40.656497,35.895303041666665,2025-01-04 08:00:00-05:00,2025-01-04 13:00:00+00:00,51301,PSEG,PS,PS,USW00014734,PJM,PSEG,actual_metered,2025-01-03 11:00:00-05:00,2025-01-04 00:00:00-05:00,False,2025-01-03 08:00:00-05:00,40.656497,2025-01-03 00:00:00-05:00,True,True,2.381006,-1.403642,41.29,4762.642,2025-01-04 08:51:00,FM-15,0.0,-13.3,36.0,9.3,False,False,False,False
37.879533,9,5,True,35.901563,35.987738666666665,2025-01-04 09:00:00-05:00,2025-01-04 14:00:00+00:00,51301,PSEG,PS,PS,USW00014734,PJM,PSEG,actual_metered,2025-01-03 11:00:00-05:00,2025-01-04 00:00:00-05:00,False,2025-01-03 09:00:00-05:00,35.901563,2025-01-03 00:00:00-05:00,True,True,2.132,-0.332467,36.08,4697.986,2025-01-04 09:51:00,FM-15,1.7,-12.8,34.0,6.7,False,False,False,False
38.222526,10,5,True,34.663376,36.01322125,2025-01-04 10:00:00-05:00,2025-01-04 15:00:00+00:00,51301,PSEG,PS,PS,USW00014734,PJM,PSEG,actual_metered,2025-01-03 11:00:00-05:00,2025-01-04 00:00:00-05:00,False,2025-01-03 10:00:00-05:00,34.663376,2025-01-03 00:00:00-05:00,True,True,2.396671,0.005855,35.82,4851.039,2025-01-04 10:51:00,FM-15,0.6,-13.3,35.0,10.8,False,False,False,False
37.549758,11,5,True,33.54,36.029279333333335,2025-01-04 11:00:00-05:00,2025-01-04 16:00:00+00:00,51301,PSEG,PS,PS,USW00014734,PJM,PSEG,actual_metered,2025-01-03 11:00:00-05:00,2025-01-04 00:00:00-05:00,False,2025-01-03 11:00:00-05:00,33.54,2025-01-03 00:00:00-05:00,True,True,2.543031,-0.043273,35.05,4836.759,2025-01-04 11:51:00,FM-15,1.1,-13.9,32.0,8.8,False,False,False,False
36.560831,12,5,True,32.200219,36.094094125,2025-01-04 12:00:00-05:00,2025-01-04 17:00:00+00:00,51301,PSEG,PS,PS,USW00014734,PJM,PSEG,actual_metered,2025-01-03 11:00:00-05:00,2025-01-04 00:00:00-05:00,False,2025-01-03 12:00:00-05:00,32.200219,2025-01-03 00:00:00-05:00,True,True,2.491465,0.039366,34.03,4794.918,2025-01-04 12:51:00,FM-15,1.7,-13.9,31.0,11.3,False,False,False,False
35.335579,13,5,True,31.587208,36.13522341666667,2025-01-04 13:00:00-05:00,2025-01-04 18:00:00+00:00,51301,PSEG,PS,PS,USW00014734,PJM,PSEG,actual_metered,2025-01-03 11:00:00-05:00,2025-01-04 00:00:00-05:00,False,2025-01-03 13:00:00-05:00,31.587208,2025-01-03 00:00:00-05:00,True,True,2.496127,0.499452,32.34,4782.717,2025-01-04 13:51:00,FM-15,1.1,-14.4,31.0,9.8,False,False,False,False
34.3586,14,5,True,30.931814,36.147305833333334,2025-01-04 14:00:00-05:00,2025-01-04 19:00:00+00:00,51301,PSEG,PS,PS,USW00014734,PJM,PSEG,actual_metered,2025-01-03 11:00:00-05:00,2025-01-04 00:00:00-05:00,False,2025-01-03 14:00:00-05:00,30.931814,2025-01-03 00:00:00-05:00,True,True,2.34526,0.65334,31.36,4952.364,2025-01-04 14:51:00,FM-15,0.6,-14.4,32.0,9.3,False,False,False,False
35.778153,15,5,True,31.932103,36.206683625000004,2025-01-04 15:00:00-05:00,2025-01-04 20:00:00+00:00,51301,PSEG,PS,PS,USW00014734,PJM,PSEG,actual_metered,2025-01-03 11:00:00-05:00,2025-01-04 00:00:00-05:00,False,2025-01-03 15:00:00-05:00,31.932103,2025-01-03 00:00:00-05:00,True,True,2.417221,0.750932,32.61,5153.141,2025-01-04 15:51:00,FM-15,0.6,-14.4,32.0,7.2,False,False,False,False
44.114092,16,5,True,34.990906,36.05722983333333,2025-01-04 16:00:00-05:00,2025-01-04 21:00:00+00:00,51301,PSEG,PS,PS,USW00014734,PJM,PSEG,actual_metered,2025-01-03 11:00:00-05:00,2025-01-04 00:00:00-05:00,False,2025-01-03 16:00:00-05:00,34.990906,2025-01-03 00:00:00-05:00,True,True,3.046239,1.037853,40.03,5431.007,2025-01-04 16:51:00,FM-15,0.0,-15.6,30.0,9.3,False,False,False,False
58.559041,17,5,True,44.57116,35.61957395833333,2025-01-04 17:00:00-05:00,2025-01-04 22:00:00+00:00,51301,PSEG,PS,PS,USW00014734,PJM,PSEG,actual_metered,2025-01-03 11:00:00-05:00,2025-01-04 00:00:00-05:00,False,2025-01-03 17:00:00-05:00,44.57116,2025-01-03 00:00:00-05:00,True,True,4.579776,1.719265,52.26,5665.599,2025-01-04 17:51:00,FM-15,-0.6,-15.6,31.0,6.2,False,False,False,False
51.646096,18,5,True,42.536437,35.479241208333335,2025-01-04 18:00:00-05:00,2025-01-04 23:00:00+00:00,51301,PSEG,PS,PS,USW00014734,PJM,PSEG,actual_metered,2025-01-03 11:00:00-05:00,2025-01-04 00:00:00-05:00,False,2025-01-03 18:00:00-05:00,42.536437,2025-01-03 00:00:00-05:00,True,True,3.241725,1.164371,47.24,5715.893,2025-01-04 18:51:00,FM-15,-0.6,-14.4,35.0,8.2,False,False,False,False
46.008148,19,5,True,39.987384,35.448966416666664,2025-01-04 19:00:00-05:00,2025-01-05 00:00:00+00:00,51301,PSEG,PS,PS,USW00014734,PJM,PSEG,actual_metered,2025-01-03 11:00:00-05:00,2025-01-04 00:00:00-05:00,False,2025-01-03 19:00:00-05:00,39.987384,2025-01-03 00:00:00-05:00,True,True,2.688452,-1.300304,44.62,5669.369,2025-01-04 19:51:00,FM-15,-1.1,-15.0,34.0,7.7,False,False,False,False
42.996165,20,5,True,39.422587,35.409780500000004,2025-01-04 20:00:00-05:00,2025-01-05 01:00:00+00:00,51301,PSEG,PS,PS,USW00014734,PJM,PSEG,actual_metered,2025-01-03 11:00:00-05:00,2025-01-04 00:00:00-05:00,False,2025-01-03 20:00:00-05:00,39.422587,2025-01-03 00:00:00-05:00,True,True,2.279381,-2.973216,43.69,5608.315,2025-01-04 20:51:00,FM-15,-1.1,-15.0,34.0,6.7,False,False,False,False
43.827413,21,5,True,38.000907,35.363957791666664,2025-01-04 21:00:00-05:00,2025-01-05 02:00:00+00:00,51301,PSEG,PS,PS,USW00014734,PJM,PSEG,actual_metered,2025-01-03 11:00:00-05:00,2025-01-04 00:00:00-05:00,False,2025-01-03 21:00:00-05:00,38.000907,2025-01-03 00:00:00-05:00,True,True,2.107625,-1.540212,43.26,5554.662,2025-01-04 21:51:00,FM-15,-1.7,-14.4,38.0,5.1,False,False,False,False
44.829305,22,5,True,36.212505,35.369088625,2025-01-04 22:00:00-05:00,2025-01-05 03:00:00+00:00,51301,PSEG,PS,PS,USW00014734,PJM,PSEG,actual_metered,2025-01-03 11:00:00-05:00,2025-01-04 00:00:00-05:00,False,2025-01-03 22:00:00-05:00,36.212505,2025-01-03 00:00:00-05:00,True,True,2.132992,0.256313,42.44,5328.79,2025-01-04 22:51:00,FM-15,-2.2,-13.9,41.0,5.1,False,False,False,False
41.034048,23,5,True,34.491075,35.42799895833334,2025-01-04 23:00:00-05:00,2025-01-05 04:00:00+00:00,51301,PSEG,PS,PS,USW00014734,PJM,PSEG,actual_metered,2025-01-03 11:00:00-05:00,2025-01-04 00:00:00-05:00,False,2025-01-03 23:00:00-05:00,34.491075,2025-01-03 00:00:00-05:00,True,True,2.061822,-0.927774,39.9,5114.268,2025-01-04 23:51:00,FM-15,-1.7,-13.9,39.0,7.2,False,False,False,False
40.721809,0,6,True,36.078165,35.65767304166666,2025-01-05 00:00:00-05:00,2025-01-05 05:00:00+00:00,51301,PSEG,PS,PS,USW00014734,PJM,PSEG,actual_metered,2025-01-04 11:00:00-05:00,2025-01-05 00:00:00-05:00,False,2025-01-04 00:00:00-05:00,36.078165,2025-01-04 00:00:00-05:00,True,True,1.190854,0.900955,38.63,4996.775,2025-01-05 00:51:00,FM-15,-1.7,-13.3,41.0,7.2,False,False,False,False
38.693648,1,6,True,35.334507,35.863282833333336,2025-01-05 01:00:00-05:00,2025-01-05 06:00:00+00:00,51301,PSEG,PS,PS,USW00014734,PJM,PSEG,actual_metered,2025-01-04 11:00:00-05:00,2025-01-05 00:00:00-05:00,False,2025-01-04 01:00:00-05:00,35.334507,2025-01-04 00:00:00-05:00,True,True,0.979443,0.854205,36.86,4859.83,2025-01-05 01:51:00,FM-15,-1.7,-12.8,43.0,6.7,False,False,False,False
37.17505,2,6,True,34.765953,36.079174583333334,2025-01-05 02:00:00-05:00,2025-01-05 07:00:00+00:00,51301,PSEG,PS,PS,USW00014734,PJM,PSEG,actual_metered,2025-01-04 11:00:00-05:00,2025-01-05 00:00:00-05:00,False,2025-01-04 02:00:00-05:00,34.765953,2025-01-04 00:00:00-05:00,True,True,1.004637,0.650413,35.52,4729.012,2025-01-05 02:51:00,FM-15,-1.7,-12.8,43.0,5.1,False,False,False,False
37.483766,3,6,True,34.920182,36.298994291666666,2025-01-05 03:00:00-05:00,2025-01-05 08:00:00+00:00,51301,PSEG,PS,PS,USW00014734,PJM,PSEG,actual_metered,2025-01-04 11:00:00-05:00,2025-01-05 00:00:00-05:00,False,2025-01-04 03:00:00-05:00,34.920182,2025-01-04 00:00:00-05:00,True,True,0.79092,0.102846,36.59,4669.064,2025-01-05 03:51:00,FM-15,-2.2,-12.2,47.0,5.7,False,False,False,False
37.462982,4,6,True,35.781114,36.540266875,2025-01-05 04:00:00-05:00,2025-01-05 09:00:00+00:00,51301,PSEG,PS,PS,USW00014734,PJM,PSEG,actual_metered,2025-01-04 11:00:00-05:00,2025-01-05 00:00:00-05:00,False,2025-01-04 04:00:00-05:00,35.781114,2025-01-04 00:00:00-05:00,True,True,0.677795,-0.014813,36.8,4647.814,2025-01-05 04:51:00,FM-15,-2.2,-11.7,49.0,7.2,False,False,False,False
38.154384,5,6,True,35.439856,36.686398583333336,2025-01-05 05:00:00-05:00,2025-01-05 10:00:00+00:00,51301,PSEG,PS,PS,USW00014734,PJM,PSEG,actual_metered,2025-01-04 11:00:00-05:00,2025-01-05 00:00:00-05:00,False,2025-01-04 05:00:00-05:00,35.439856,2025-01-04 00:00:00-05:00,True,True,0.72271,-0.538326,37.97,4696.605,2025-01-05 05:51:00,FM-15,-2.2,-11.7,49.0,5.7,False,False,False,False
40.654433,6,6,True,37.858109,36.591701291666666,2025-01-05 06:00:00-05:00,2025-01-05 11:00:00+00:00,51301,PSEG,PS,PS,USW00014734,PJM,PSEG,actual_metered,2025-01-04 11:00:00-05:00,2025-01-05 00:00:00-05:00,False,2025-01-04 06:00:00-05:00,37.858109,2025-01-04 00:00:00-05:00,True,True,0.627978,-1.573545,41.6,4792.986,2025-01-05 06:51:00,FM-15,-2.2,-11.7,49.0,5.1,False,False,False,False
48.901266,7,6,True,43.760093,36.48182166666667,2025-01-05 07:00:00-05:00,2025-01-05 12:00:00+00:00,51301,PSEG,PS,PS,USW00014734,PJM,PSEG,actual_metered,2025-01-04 11:00:00-05:00,2025-01-05 00:00:00-05:00,False,2025-01-04 07:00:00-05:00,43.760093,2025-01-04 00:00:00-05:00,True,True,1.10169,-1.910424,49.71,4865.265,2025-01-05 07:51:00,FM-15,-2.2,-12.2,47.0,6.7,False,False,False,False
42.749542,8,6,True,42.267364,36.548941125,2025-01-05 08:00:00-05:00,2025-01-05 13:00:00+00:00,51301,PSEG,PS,PS,USW00014734,PJM,PSEG,actual_metered,2025-01-04 11:00:00-05:00,2025-01-05 00:00:00-05:00,False,2025-01-04 08:00:00-05:00,42.267364,2025-01-04 00:00:00-05:00,True,True,1.053557,-0.474015,42.17,4794.581,2025-01-05 08:51:00,FM-15,-1.1,-12.2,43.0,9.8,False,False,False,False
34.650077,9,6,True,37.879533,36.63135654166667,2025-01-05 09:00:00-05:00,2025-01-05 14:00:00+00:00,51301,PSEG,PS,PS,USW00014734,PJM,PSEG,actual_metered,2025-01-04 11:00:00-05:00,2025-01-05 00:00:00-05:00,False,2025-01-04 09:00:00-05:00,37.879533,2025-01-04 00:00:00-05:00,True,True,0.881703,0.228374,33.54,4701.162,2025-01-05 09:51:00,FM-15,-0.6,-11.7,43.0,8.2,False,False,False,False
35.100995,10,6,True,38.222526,36.77965445833333,2025-01-05 10:00:00-05:00,2025-01-05 15:00:00+00:00,51301,PSEG,PS,PS,USW00014734,PJM,PSEG,actual_metered,2025-01-04 11:00:00-05:00,2025-01-05 00:00:00-05:00,False,2025-01-04 10:00:00-05:00,38.222526,2025-01-04 00:00:00-05:00,True,True,1.167643,0.363352,33.57,4586.992,2025-01-05 10:51:00,FM-15,0.0,-11.7,41.0,8.2,False,False,False,False
34.931338,11,6,True,37.549758,36.946727708333334,2025-01-05 11:00:00-05:00,2025-01-05 16:00:00+00:00,51301,PSEG,PS,PS,USW00014734,PJM,PSEG,actual_metered,2025-01-04 11:00:00-05:00,2025-01-05 00:00:00-05:00,False,2025-01-04 11:00:00-05:00,37.549758,2025-01-04 00:00:00-05:00,True,True,1.205186,0.336152,33.39,4544.49,2025-01-05 11:51:00,FM-15,0.6,-12.2,38.0,6.7,False,False,False,False
35.09438,12,6,True,36.560831,37.128419875,2025-01-05 12:00:00-05:00,2025-01-05 17:00:00+00:00,51301,PSEG,PS,PS,USW00014734,PJM,PSEG,actual_metered,2025-01-04 11:00:00-05:00,2025-01-05 00:00:00-05:00,False,2025-01-04 12:00:00-05:00,36.560831,2025-01-04 00:00:00-05:00,True,True,1.366636,0.747744,32.98,4486.892,2025-01-05 12:51:00,FM-15,0.6,-11.7,40.0,8.2,False,False,False,False
34.633428,13,6,True,35.335579,37.284602,2025-01-05 13:00:00-05:00,2025-01-05 18:00:00+00:00,51301,PSEG,PS,PS,USW00014734,PJM,PSEG,actual_metered,2025-01-04 11:00:00-05:00,2025-01-05 00:00:00-05:00,False,2025-01-04 13:00:00-05:00,35.335579,2025-01-04 00:00:00-05:00,True,True,1.366531,0.906897,32.36,4566.275,2025-01-05 13:51:00,FM-15,1.7,-12.2,35.0,7.7,False,False,False,False
35.200073,14,6,True,34.3586,37.42738475,2025-01-05 14:00:00-05:00,2025-01-05 19:00:00+00:00,51301,PSEG,PS,PS,USW00014734,PJM,PSEG,actual_metered,2025-01-04 11:00:00-05:00,2025-01-05 00:00:00-05:00,False,2025-01-04 14:00:00-05:00,34.3586,2025-01-04 00:00:00-05:00,True,True,2.043283,0.94679,32.21,4739.18,2025-01-05 14:51:00,FM-15,1.7,-12.2,35.0,7.7,False,False,False,False
34.51015,15,6,True,35.778153,37.587636833333335,2025-01-05 15:00:00-05:00,2025-01-05 20:00:00+00:00,51301,PSEG,PS,PS,USW00014734,PJM,PSEG,actual_metered,2025-01-04 11:00:00-05:00,2025-01-05 00:00:00-05:00,False,2025-01-04 15:00:00-05:00,35.778153,2025-01-04 00:00:00-05:00,True,True,1.494002,0.866148,32.15,5070.371,2025-01-05 15:51:00,FM-15,1.1,-12.2,37.0,7.2,False,False,False,False
39.397508,16,6,True,44.114092,37.967769583333336,2025-01-05 16:00:00-05:00,2025-01-05 21:00:00+00:00,51301,PSEG,PS,PS,USW00014734,PJM,PSEG,actual_metered,2025-01-04 11:00:00-05:00,2025-01-05 00:00:00-05:00,False,2025-01-04 16:00:00-05:00,44.114092,2025-01-04 00:00:00-05:00,True,True,2.086117,1.411391,35.9,5437.447,2025-01-05 16:51:00,FM-15,0.0,-12.2,40.0,5.1,False,False,False,False
48.285242,17,6,True,58.559041,38.550597958333334,2025-01-05 17:00:00-05:00,2025-01-05 22:00:00+00:00,51301,PSEG,PS,PS,USW00014734,PJM,PSEG,actual_metered,2025-01-04 11:00:00-05:00,2025-01-05 00:00:00-05:00,False,2025-01-04 17:00:00-05:00,58.559041,2025-01-04 00:00:00-05:00,True,True,2.515433,2.459809,43.31,5772.085,2025-01-05 17:51:00,FM-15,-0.6,-12.2,42.0,3.6,False,False,False,False
45.428031,18,6,True,51.646096,38.93016708333333,2025-01-05 18:00:00-05:00,2025-01-05 23:00:00+00:00,51301,PSEG,PS,PS,USW00014734,PJM,PSEG,actual_metered,2025-01-04 11:00:00-05:00,2025-01-05 00:00:00-05:00,False,2025-01-04 18:00:00-05:00,51.646096,2025-01-04 00:00:00-05:00,True,True,2.448946,2.089085,40.89,5838.617,2025-01-05 18:51:00,FM-15,-0.6,-11.7,43.0,5.7,False,False,False,False
43.002102,19,6,True,46.008148,39.18103225,2025-01-05 19:00:00-05:00,2025-01-06 00:00:00+00:00,51301,PSEG,PS,PS,USW00014734,PJM,PSEG,actual_metered,2025-01-04 11:00:00-05:00,2025-01-05 00:00:00-05:00,False,2025-01-04 19:00:00-05:00,46.008148,2025-01-04 00:00:00-05:00,True,True,2.229134,1.862968,38.91,5812.418,2025-01-05 19:51:00,FM-15,-0.6,-11.7,43.0,5.1,False,False,False,False
41.575908,20,6,True,42.996165,39.329931333333334,2025-01-05 20:00:00-05:00,2025-01-06 01:00:00+00:00,51301,PSEG,PS,PS,USW00014734,PJM,PSEG,actual_metered,2025-01-04 11:00:00-05:00,2025-01-05 00:00:00-05:00,False,2025-01-04 20:00:00-05:00,42.996165,2025-01-04 00:00:00-05:00,True,True,1.618181,2.097727,37.86,5738.129,2025-01-05 20:51:00,FM-15,-1.1,-11.1,47.0,4.1,False,False,False,False
38.197307,21,6,True,43.827413,39.572702416666665,2025-01-05 21:00:00-05:00,2025-01-06 02:00:00+00:00,51301,PSEG,PS,PS,USW00014734,PJM,PSEG,actual_metered,2025-01-04 11:00:00-05:00,2025-01-05 00:00:00-05:00,False,2025-01-04 21:00:00-05:00,43.827413,2025-01-04 00:00:00-05:00,True,True,1.546004,1.871303,34.78,5614.922,2025-01-05 21:51:00,FM-15,-1.1,-11.1,47.0,3.6,False,False,False,False
36.441408,22,6,True,44.829305,39.931735749999994,2025-01-05 22:00:00-05:00,2025-01-06 03:00:00+00:00,51301,PSEG,PS,PS,USW00014734,PJM,PSEG,actual_metered,2025-01-04 11:00:00-05:00,2025-01-05 00:00:00-05:00,False,2025-01-04 22:00:00-05:00,44.829305,2025-01-04 00:00:00-05:00,True,True,1.630128,1.37128,33.44,5243.315,2025-01-05 22:51:00,FM-15,-1.7,-11.1,49.0,3.6,False,False,False,False
34.078687,23,6,True,41.034048,40.204359625,2025-01-05 23:00:00-05:00,2025-01-06 04:00:00+00:00,51301,PSEG,PS,PS,USW00014734,PJM,PSEG,actual_metered,2025-01-04 11:00:00-05:00,2025-01-05 00:00:00-05:00,False,2025-01-04 23:00:00-05:00,41.034048,2025-01-04 00:00:00-05:00,True,True,1.562001,1.406686,31.11,4958.032,2025-01-05 23:51:00,FM-15,-2.2,-10.6,53.0,4.1,False,False,False,False
35.798533,0,0,False,40.721809,40.39784479166667,2025-01-06 00:00:00-05:00,2025-01-06 05:00:00+00:00,51301,PSEG,PS,PS,USW00014734,PJM,PSEG,actual_metered,2025-01-05 11:00:00-05:00,2025-01-06 00:00:00-05:00,False,2025-01-05 00:00:00-05:00,40.721809,2025-01-05 00:00:00-05:00,True,True,1.359165,2.179368,32.26,4758.916,2025-01-06 00:51:00,FM-15,-2.2,-10.6,53.0,4.1,False,False,False,False
35.324516,1,0,False,38.693648,40.537809,2025-01-06 01:00:00-05:00,2025-01-06 06:00:00+00:00,51301,PSEG,PS,PS,USW00014734,PJM,PSEG,actual_metered,2025-01-05 11:00:00-05:00,2025-01-06 00:00:00-05:00,False,2025-01-05 01:00:00-05:00,38.693648,2025-01-05 00:00:00-05:00,True,True,1.17331,2.071206,32.08,4628.355,2025-01-06 01:51:00,FM-15,-2.2,-10.6,53.0,3.6,False,False,False,False
34.134119,2,0,False,37.17505,40.63818804166667,2025-01-06 02:00:00-05:00,2025-01-06 07:00:00+00:00,51301,PSEG,PS,PS,USW00014734,PJM,PSEG,actual_metered,2025-01-05 11:00:00-05:00,2025-01-06 00:00:00-05:00,False,2025-01-05 02:00:00-05:00,37.17505,2025-01-05 00:00:00-05:00,True,True,0.913503,2.190616,31.03,4552.229,2025-01-06 02:51:00,FM-15,-2.2,-10.6,53.0,5.1,False,False,False,False
34.639338,3,0,False,37.483766,40.74500404166667,2025-01-06 03:00:00-05:00,2025-01-06 08:00:00+00:00,51301,PSEG,PS,PS,USW00014734,PJM,PSEG,actual_metered,2025-01-05 11:00:00-05:00,2025-01-06 00:00:00-05:00,False,2025-01-05 03:00:00-05:00,37.483766,2025-01-05 00:00:00-05:00,True,True,0.907626,2.221712,31.51,4522.81,2025-01-06 03:51:00,FM-15,-2.2,-10.0,56.0,3.6,False,False,False,False
34.95369,4,0,False,37.462982,40.815081875,2025-01-06 04:00:00-05:00,2025-01-06 09:00:00+00:00,51301,PSEG,PS,PS,USW00014734,PJM,PSEG,actual_metered,2025-01-05 11:00:00-05:00,2025-01-06 00:00:00-05:00,False,2025-01-05 04:00:00-05:00,37.462982,2025-01-05 00:00:00-05:00,True,True,0.803096,1.980594,32.17,4591.441,2025-01-06 04:51:00,FM-15,-1.7,-10.0,54.0,2.1,False,False,False,False
40.092212,5,0,False,38.154384,40.928187208333334,2025-01-06 05:00:00-05:00,2025-01-06 10:00:00+00:00,51301,PSEG,PS,PS,USW00014734,PJM,PSEG,actual_metered,2025-01-05 11:00:00-05:00,2025-01-06 00:00:00-05:00,False,2025-01-05 05:00:00-05:00,38.154384,2025-01-05 00:00:00-05:00,True,True,0.982531,1.649681,37.46,4808.649,2025-01-06 05:51:00,FM-15,-2.2,-10.0,56.0,3.6,False,False,False,False
49.827294,6,0,False,40.654433,41.04470070833333,2025-01-06 06:00:00-05:00,2025-01-06 11:00:00+00:00,51301,PSEG,PS,PS,USW00014734,PJM,PSEG,actual_metered,2025-01-05 11:00:00-05:00,2025-01-06 00:00:00-05:00,False,2025-01-05 06:00:00-05:00,40.654433,2025-01-05 00:00:00-05:00,True,True,1.276313,0.600981,47.95,5163.488,2025-01-06 06:51:00,FM-15,-2.2,-9.4,58.0,3.1,False,False,False,False
58.040123,7,0,False,48.901266,41.25891625,2025-01-06 07:00:00-05:00,2025-01-06 12:00:00+00:00,51301,PSEG,PS,PS,USW00014734,PJM,PSEG,actual_metered,2025-01-05 11:00:00-05:00,2025-01-06 00:00:00-05:00,False,2025-01-05 07:00:00-05:00,48.901266,2025-01-05 00:00:00-05:00,True,True,1.38558,2.354543,54.3,5526.427,2025-01-06 07:51:00,FM-15,-1.7,-9.4,56.0,3.1,False,False,False,False
58.265621,8,0,False,42.749542,41.279007,2025-01-06 08:00:00-05:00,2025-01-06 13:00:00+00:00,51301,PSEG,PS,PS,USW00014734,PJM,PSEG,actual_metered,2025-01-05 11:00:00-05:00,2025-01-06 00:00:00-05:00,False,2025-01-05 08:00:00-05:00,42.749542,2025-01-05 00:00:00-05:00,True,True,1.490961,3.03466,53.74,5716.284,2025-01-06 08:51:00,FM-15,-1.1,-8.9,56.0,0.0,False,False,False,False
60.103859,9,0,False,34.650077,41.144446333333335,2025-01-06 09:00:00-05:00,2025-01-06 14:00:00+00:00,51301,PSEG,PS,PS,USW00014734,PJM,PSEG,actual_metered,2025-01-05 11:00:00-05:00,2025-01-06 00:00:00-05:00,False,2025-01-05 09:00:00-05:00,34.650077,2025-01-05 00:00:00-05:00,True,True,1.375991,4.717868,54.01,5960.595,2025-01-06 09:51:00,FM-15,-1.1,-7.8,61.0,2.1,False,False,False,False
66.968581,10,0,False,35.100995,41.01438254166667,2025-01-06 10:00:00-05:00,2025-01-06 15:00:00+00:00,51301,PSEG,PS,PS,USW00014734,PJM,PSEG,actual_metered,2025-01-05 11:00:00-05:00,2025-01-06 00:00:00-05:00,False,2025-01-05 10:00:00-05:00,35.100995,2025-01-05 00:00:00-05:00,True,True,2.193991,8.46459,56.31,6009.51,2025-01-06 10:51:00,FM-15,-2.2,-5.0,81.0,0.0,False,False,False,False
63.594026,11,0,False,34.931338,40.905281708333334,2025-01-06 11:00:00-05:00,2025-01-06 16:00:00+00:00,51301,PSEG,PS,PS,USW00014734,PJM,PSEG,actual_metered,2025-01-05 11:00:00-05:00,2025-01-06 00:00:00-05:00,False,2025-01-05 11:00:00-05:00,34.931338,2025-01-05 00:00:00-05:00,True,True,2.140901,7.613125,53.84,6052.426,2025-01-06 11:51:00,FM-15,-1.7,-5.0,78.0,2.1,False,False,False,False
60.943189,12,0,False,35.09438,40.844179583333336,2025-01-06 12:00:00-05:00,2025-01-06 17:00:00+00:00,51301,PSEG,PS,PS,USW00014734,PJM,PSEG,actual_metered,2025-01-05 11:00:00-05:00,2025-01-06 00:00:00-05:00,False,2025-01-05 12:00:00-05:00,35.09438,2025-01-05 00:00:00-05:00,True,True,2.065887,6.417302,52.46,6066.551,2025-01-06 12:51:00,FM-15,-1.7,-3.9,85.0,3.1,False,False,False,False
58.3656,13,0,False,34.633428,40.814923291666666,2025-01-06 13:00:00-05:00,2025-01-06 18:00:00+00:00,51301,PSEG,PS,PS,USW00014734,PJM,PSEG,actual_metered,2025-01-05 11:00:00-05:00,2025-01-06 00:00:00-05:00,False,2025-01-05 13:00:00-05:00,34.633428,2025-01-05 00:00:00-05:00,True,True,1.972044,7.873556,48.52,6040.905,2025-01-06 13:51:00,FM-15,-1.1,-3.9,82.0,5.1,False,False,False,False
54.463821,14,0,False,35.200073,40.849984666666664,2025-01-06 14:00:00-05:00,2025-01-06 19:00:00+00:00,51301,PSEG,PS,PS,USW00014734,PJM,PSEG,actual_metered,2025-01-05 11:00:00-05:00,2025-01-06 00:00:00-05:00,False,2025-01-05 14:00:00-05:00,35.200073,2025-01-05 00:00:00-05:00,True,True,1.850524,5.513297,47.1,5936.545,2025-01-06 14:51:00,FM-15,-0.6,-4.4,76.0,5.7,False,False,False,False
49.159896,15,0,False,34.51015,40.79715120833333,2025-01-06 15:00:00-05:00,2025-01-06 20:00:00+00:00,51301,PSEG,PS,PS,USW00014734,PJM,PSEG,actual_metered,2025-01-05 11:00:00-05:00,2025-01-06 00:00:00-05:00,False,2025-01-05 15:00:00-05:00,34.51015,2025-01-05 00:00:00-05:00,True,True,1.59086,2.319036,45.25,5939.603,2025-01-06 15:51:00,FM-15,-0.6,-4.4,76.0,4.6,False,False,False,False
55.633992,16,0,False,39.397508,40.600626874999996,2025-01-06 16:00:00-05:00,2025-01-06 21:00:00+00:00,51301,PSEG,PS,PS,USW00014734,PJM,PSEG,actual_metered,2025-01-05 11:00:00-05:00,2025-01-06 00:00:00-05:00,False,2025-01-05 16:00:00-05:00,39.397508,2025-01-05 00:00:00-05:00,True,True,1.956396,6.367596,47.31,6067.206,2025-01-06 16:51:00,FM-15,-0.6,-5.6,69.0,4.6,False,False,False,False
70.295744,17,0,False,48.285242,40.17255191666667,2025-01-06 17:00:00-05:00,2025-01-06 22:00:00+00:00,51301,PSEG,PS,PS,USW00014734,PJM,PSEG,actual_metered,2025-01-05 11:00:00-05:00,2025-01-06 00:00:00-05:00,False,2025-01-05 17:00:00-05:00,48.285242,2025-01-05 00:00:00-05:00,True,True,3.736,5.519744,61.04,6239.79,2025-01-06 17:51:00,FM-15,-0.6,-6.1,67.0,6.2,False,False,False,False
58.770577,18,0,False,45.428031,39.913465875,2025-01-06 18:00:00-05:00,2025-01-06 23:00:00+00:00,51301,PSEG,PS,PS,USW00014734,PJM,PSEG,actual_metered,2025-01-05 11:00:00-05:00,2025-01-06 00:00:00-05:00,False,2025-01-05 18:00:00-05:00,45.428031,2025-01-05 00:00:00-05:00,True,True,2.939381,0.731196,55.1,6169.784,2025-01-06 18:51:00,FM-15,-0.6,-5.6,69.0,9.3,False,False,False,False
55.581109,19,0,False,43.002102,39.78821395833334,2025-01-06 19:00:00-05:00,2025-01-07 00:00:00+00:00,51301,PSEG,PS,PS,USW00014734,PJM,PSEG,actual_metered,2025-01-05 11:00:00-05:00,2025-01-06 00:00:00-05:00,False,2025-01-05 19:00:00-05:00,43.002102,2025-01-05 00:00:00-05:00,True,True,2.859014,-0.387905,53.11,6028.03,2025-01-06 19:51:00,FM-15,-1.1,-6.1,69.0,6.7,False,False,False,False
55.836407,20,0,False,41.575908,39.72903658333333,2025-01-06 20:00:00-05:00,2025-01-07 01:00:00+00:00,51301,PSEG,PS,PS,USW00014734,PJM,PSEG,actual_metered,2025-01-05 11:00:00-05:00,2025-01-06 00:00:00-05:00,False,2025-01-05 20:00:00-05:00,41.575908,2025-01-05 00:00:00-05:00,True,True,2.771013,1.085394,51.98,5926.679,2025-01-06 20:51:00,FM-15,-2.2,-8.3,63.0,9.8,False,False,False,False
49.576432,21,0,False,38.197307,39.49444883333334,2025-01-06 21:00:00-05:00,2025-01-07 02:00:00+00:00,51301,PSEG,PS,PS,USW00014734,PJM,PSEG,actual_metered,2025-01-05 11:00:00-05:00,2025-01-06 00:00:00-05:00,False,2025-01-05 21:00:00-05:00,38.197307,2025-01-05 00:00:00-05:00,True,True,2.164399,1.592033,45.82,5777.254,2025-01-06 21:51:00,FM-15,-2.8,-8.9,63.0,6.7,False,False,False,False
44.725126,22,0,False,36.441408,39.144953125,2025-01-06 22:00:00-05:00,2025-01-07 03:00:00+00:00,51301,PSEG,PS,PS,USW00014734,PJM,PSEG,actual_metered,2025-01-05 11:00:00-05:00,2025-01-06 00:00:00-05:00,False,2025-01-05 22:00:00-05:00,36.441408,2025-01-05 00:00:00-05:00,True,True,2.062657,0.592469,42.07,5504.942,2025-01-06 22:51:00,FM-15,-3.3,-11.7,53.0,6.7,False,False,False,False
41.714402,23,0,False,34.078687,38.85514641666666,2025-01-06 23:00:00-05:00,2025-01-07 04:00:00+00:00,51301,PSEG,PS,PS,USW00014734,PJM,PSEG,actual_metered,2025-01-05 11:00:00-05:00,2025-01-06 00:00:00-05:00,False,2025-01-05 23:00:00-05:00,34.078687,2025-01-05 00:00:00-05:00,True,True,2.016411,0.217991,39.48,5254.434,2025-01-06 23:51:00,FM-15,-5.0,-12.8,55.0,8.2,False,False,False,False
44.048234,0,1,False,35.798533,38.65000991666667,2025-01-07 00:00:00-05:00,2025-01-07 05:00:00+00:00,51301,PSEG,PS,PS,USW00014734,PJM,PSEG,actual_metered,2025-01-06 11:00:00-05:00,2025-01-07 00:00:00-05:00,False,2025-01-06 00:00:00-05:00,35.798533,2025-01-06 00:00:00-05:00,True,True,1.774618,0.473616,41.8,5107.808,2025-01-07 00:51:00,FM-15,-6.7,-14.4,55.0,7.2,False,False,False,False
43.585744,1,1,False,35.324516,38.50962941666666,2025-01-07 01:00:00-05:00,2025-01-07 06:00:00+00:00,51301,PSEG,PS,PS,USW00014734,PJM,PSEG,actual_metered,2025-01-06 11:00:00-05:00,2025-01-07 00:00:00-05:00,False,2025-01-06 01:00:00-05:00,35.324516,2025-01-06 00:00:00-05:00,True,True,1.685971,0.269773,41.63,5007.008,2025-01-07 01:51:00,FM-15,-6.7,-14.4,55.0,7.7,False,False,False,False
43.40358,2,1,False,34.134119,38.38292395833333,2025-01-07 02:00:00-05:00,2025-01-07 07:00:00+00:00,51301,PSEG,PS,PS,USW00014734,PJM,PSEG,actual_metered,2025-01-06 11:00:00-05:00,2025-01-07 00:00:00-05:00,False,2025-01-06 02:00:00-05:00,34.134119,2025-01-06 00:00:00-05:00,True,True,1.340457,0.303123,41.76,4940.795,2025-01-07 02:51:00,FM-15,-6.7,-13.9,57.0,7.2,False,False,False,False
42.516788,3,1,False,34.639338,38.264406125,2025-01-07 03:00:00-05:00,2025-01-07 08:00:00+00:00,51301,PSEG,PS,PS,USW00014734,PJM,PSEG,actual_metered,2025-01-06 11:00:00-05:00,2025-01-07 00:00:00-05:00,False,2025-01-06 03:00:00-05:00,34.639338,2025-01-06 00:00:00-05:00,True,True,1.23811,0.308678,40.97,4919.613,2025-01-07 03:51:00,FM-15,-6.1,-13.9,54.0,7.7,False,False,False,False
44.626362,4,1,False,34.95369,38.15985229166667,2025-01-07 04:00:00-05:00,2025-01-07 09:00:00+00:00,51301,PSEG,PS,PS,USW00014734,PJM,PSEG,actual_metered,2025-01-06 11:00:00-05:00,2025-01-07 00:00:00-05:00,False,2025-01-06 04:00:00-05:00,34.95369,2025-01-06 00:00:00-05:00,True,True,1.421796,0.314566,42.89,4984.134,2025-01-07 04:51:00,FM-15,-5.6,-13.9,52.0,7.7,False,False,False,False
52.651803,5,1,False,40.092212,38.240595125,2025-01-07 05:00:00-05:00,2025-01-07 10:00:00+00:00,51301,PSEG,PS,PS,USW00014734,PJM,PSEG,actual_metered,2025-01-06 11:00:00-05:00,2025-01-07 00:00:00-05:00,False,2025-01-06 05:00:00-05:00,40.092212,2025-01-06 00:00:00-05:00,True,True,1.630788,-0.308985,51.33,5193.324,2025-01-07 05:51:00,FM-15,-5.0,-13.3,53.0,7.7,False,False,False,False
67.229608,6,1,False,49.827294,38.62279766666666,2025-01-07 06:00:00-05:00,2025-01-07 11:00:00+00:00,51301,PSEG,PS,PS,USW00014734,PJM,PSEG,actual_metered,2025-01-06 11:00:00-05:00,2025-01-07 00:00:00-05:00,False,2025-01-06 06:00:00-05:00,49.827294,2025-01-06 00:00:00-05:00,True,True,2.037559,-5.047951,70.24,5610.978,2025-01-07 06:51:00,FM-15,-5.0,-13.9,50.0,9.8,False,False,False,False
95.932138,7,1,False,58.040123,39.003583375000005,2025-01-07 07:00:00-05:00,2025-01-07 12:00:00+00:00,51301,PSEG,PS,PS,USW00014734,PJM,PSEG,actual_metered,2025-01-06 11:00:00-05:00,2025-01-07 00:00:00-05:00,False,2025-01-06 07:00:00-05:00,58.040123,2025-01-06 00:00:00-05:00,True,True,3.501399,-6.399261,98.83,6010.682,2025-01-07 07:51:00,FM-15,-4.4,-12.8,52.0,7.7,False,False,False,False
68.066435,8,1,False,58.265621,39.65008666666667,2025-01-07 08:00:00-05:00,2025-01-07 13:00:00+00:00,51301,PSEG,PS,PS,USW00014734,PJM,PSEG,actual_metered,2025-01-06 11:00:00-05:00,2025-01-07 00:00:00-05:00,False,2025-01-06 08:00:00-05:00,58.265621,2025-01-06 00:00:00-05:00,True,True,2.40953,-1.033095,66.69,6038.063,2025-01-07 08:51:00,FM-15,-4.4,-13.9,48.0,9.8,False,False,False,False
56.957904,9,1,False,60.103859,40.71066091666667,2025-01-07 09:00:00-05:00,2025-01-07 14:00:00+00:00,51301,PSEG,PS,PS,USW00014734,PJM,PSEG,actual_metered,2025-01-06 11:00:00-05:00,2025-01-07 00:00:00-05:00,False,2025-01-06 09:00:00-05:00,60.103859,2025-01-06 00:00:00-05:00,True,True,2.609773,0.938131,53.41,5936.965,2025-01-07 09:51:00,FM-15,-3.3,-13.3,46.0,10.8,False,False,False,False
72.430937,10,1,False,66.968581,42.038477,2025-01-07 10:00:00-05:00,2025-01-07 15:00:00+00:00,51301,PSEG,PS,PS,USW00014734,PJM,PSEG,actual_metered,2025-01-06 11:00:00-05:00,2025-01-07 00:00:00-05:00,False,2025-01-06 10:00:00-05:00,66.968581,2025-01-06 00:00:00-05:00,True,True,4.37085,7.320087,60.74,5702.488,2025-01-07 10:51:00,FM-15,-2.2,-12.2,47.0,11.8,False,False,False,False
65.069049,11,1,False,63.594026,43.23275566666667,2025-01-07 11:00:00-05:00,2025-01-07 16:00:00+00:00,51301,PSEG,PS,PS,USW00014734,PJM,PSEG,actual_metered,2025-01-06 11:00:00-05:00,2025-01-07 00:00:00-05:00,False,2025-01-06 11:00:00-05:00,63.594026,2025-01-06 00:00:00-05:00,True,True,3.935178,8.153871,52.98,5506.2,2025-01-07 11:51:00,FM-15,-1.1,-11.7,45.0,10.8,False,False,False,False
62.930111,12,1,False,60.943189,44.309789375,2025-01-07 12:00:00-05:00,2025-01-07 17:00:00+00:00,51301,PSEG,PS,PS,USW00014734,PJM,PSEG,actual_metered,2025-01-06 11:00:00-05:00,2025-01-07 00:00:00-05:00,False,2025-01-06 12:00:00-05:00,60.943189,2025-01-06 00:00:00-05:00,True,True,3.760646,7.499465,51.67,5344.477,2025-01-07 12:51:00,FM-15,0.0,-11.1,43.0,9.8,False,False,False,False
60.648405,13,1,False,58.3656,45.298629874999996,2025-01-07 13:00:00-05:00,2025-01-07 18:00:00+00:00,51301,PSEG,PS,PS,USW00014734,PJM,PSEG,actual_metered,2025-01-06 11:00:00-05:00,2025-01-07 00:00:00-05:00,False,2025-01-06 13:00:00-05:00,58.3656,2025-01-06 00:00:00-05:00,True,True,3.677351,8.071054,48.9,5285.446,2025-01-07 13:51:00,FM-15,1.1,-10.6,42.0,8.8,False,False,False,False
54.589101,14,1,False,54.463821,46.10128604166667,2025-01-07 14:00:00-05:00,2025-01-07 19:00:00+00:00,51301,PSEG,PS,PS,USW00014734,PJM,PSEG,actual_metered,2025-01-06 11:00:00-05:00,2025-01-07 00:00:00-05:00,False,2025-01-06 14:00:00-05:00,54.463821,2025-01-06 00:00:00-05:00,True,True,3.34419,4.694911,46.55,5375.741,2025-01-07 14:51:00,FM-15,1.1,-11.1,40.0,12.9,False,False,False,False
57.38457,15,1,False,49.159896,46.71169212499999,2025-01-07 15:00:00-05:00,2025-01-07 20:00:00+00:00,51301,PSEG,PS,PS,USW00014734,PJM,PSEG,actual_metered,2025-01-06 11:00:00-05:00,2025-01-07 00:00:00-05:00,False,2025-01-06 15:00:00-05:00,49.159896,2025-01-06 00:00:00-05:00,True,True,3.070513,6.544057,47.77,5604.438,2025-01-07 15:51:00,FM-15,1.1,-11.1,40.0,8.2,False,False,False,False
64.726389,16,1,False,55.633992,47.38821229166667,2025-01-07 16:00:00-05:00,2025-01-07 21:00:00+00:00,51301,PSEG,PS,PS,USW00014734,PJM,PSEG,actual_metered,2025-01-06 11:00:00-05:00,2025-01-07 00:00:00-05:00,False,2025-01-06 16:00:00-05:00,55.633992,2025-01-06 00:00:00-05:00,True,True,3.447223,6.179166,55.1,5947.354,2025-01-07 16:51:00,FM-15,-0.6,-12.2,42.0,8.8,False,False,False,False
83.608055,17,1,False,70.295744,48.30531654166666,2025-01-07 17:00:00-05:00,2025-01-07 22:00:00+00:00,51301,PSEG,PS,PS,USW00014734,PJM,PSEG,actual_metered,2025-01-06 11:00:00-05:00,2025-01-07 00:00:00-05:00,False,2025-01-06 17:00:00-05:00,70.295744,2025-01-06 00:00:00-05:00,True,True,4.622271,2.515784,76.47,6323.537,2025-01-07 17:51:00,FM-15,-1.1,-11.7,45.0,8.8,False,False,False,False
77.730743,18,1,False,58.770577,48.86125595833334,2025-01-07 18:00:00-05:00,2025-01-07 23:00:00+00:00,51301,PSEG,PS,PS,USW00014734,PJM,PSEG,actual_metered,2025-01-06 11:00:00-05:00,2025-01-07 00:00:00-05:00,False,2025-01-06 18:00:00-05:00,58.770577,2025-01-06 00:00:00-05:00,True,True,3.264067,0.616676,73.85,6303.238,2025-01-07 18:51:00,FM-15,-1.7,-12.2,45.0,8.8,False,False,False,False
70.321519,19,1,False,55.581109,49.38538125,2025-01-07 19:00:00-05:00,2025-01-08 00:00:00+00:00,51301,PSEG,PS,PS,USW00014734,PJM,PSEG,actual_metered,2025-01-06 11:00:00-05:00,2025-01-07 00:00:00-05:00,False,2025-01-06 19:00:00-05:00,55.581109,2025-01-06 00:00:00-05:00,True,True,2.664979,0.25654,67.4,6240.295,2025-01-07 19:51:00,FM-15,-2.2,-12.2,47.0,6.2,False,False,False,False
67.82355,20,1,False,55.836407,49.97956870833334,2025-01-07 20:00:00-05:00,2025-01-08 01:00:00+00:00,51301,PSEG,PS,PS,USW00014734,PJM,PSEG,actual_metered,2025-01-06 11:00:00-05:00,2025-01-07 00:00:00-05:00,False,2025-01-06 20:00:00-05:00,55.836407,2025-01-06 00:00:00-05:00,True,True,2.572913,0.060637,65.19,6143.737,2025-01-07 20:51:00,FM-15,-2.2,-11.7,49.0,7.7,False,False,False,False
63.690934,21,1,False,49.576432,50.45369891666667,2025-01-07 21:00:00-05:00,2025-01-08 02:00:00+00:00,51301,PSEG,PS,PS,USW00014734,PJM,PSEG,actual_metered,2025-01-06 11:00:00-05:00,2025-01-07 00:00:00-05:00,False,2025-01-06 21:00:00-05:00,49.576432,2025-01-06 00:00:00-05:00,True,True,2.854032,1.566902,59.27,5987.587,2025-01-07 21:51:00,FM-15,-2.2,-12.2,47.0,9.3,False,False,False,False
62.237882,22,1,False,44.725126,50.79885383333334,2025-01-07 22:00:00-05:00,2025-01-08 03:00:00+00:00,51301,PSEG,PS,PS,USW00014734,PJM,PSEG,actual_metered,2025-01-06 11:00:00-05:00,2025-01-07 00:00:00-05:00,False,2025-01-06 22:00:00-05:00,44.725126,2025-01-06 00:00:00-05:00,True,True,2.289906,4.377976,55.57,5647.133,2025-01-07 22:51:00,FM-15,-2.2,-12.2,47.0,7.2,False,False,False,False
55.286418,23,1,False,41.714402,51.117008625000004,2025-01-07 23:00:00-05:00,2025-01-08 04:00:00+00:00,51301,PSEG,PS,PS,USW00014734,PJM,PSEG,actual_metered,2025-01-06 11:00:00-05:00,2025-01-07 00:00:00-05:00,False,2025-01-06 23:00:00-05:00,41.714402,2025-01-06 00:00:00-05:00,True,True,2.273218,1.1032,51.91,5352.395,2025-01-07 23:51:00,FM-15,-2.8,-12.8,46.0,10.3,False,False,False,False
56.878219,0,2,False,44.048234,51.46074616666667,2025-01-08 00:00:00-05:00,2025-01-08 05:00:00+00:00,51301,PSEG,PS,PS,USW00014734,PJM,PSEG,actual_metered,2025-01-07 11:00:00-05:00,2025-01-08 00:00:00-05:00,False,2025-01-07 00:00:00-05:00,44.048234,2025-01-07 00:00:00-05:00,True,True,2.464241,1.683978,52.73,5118.89,2025-01-08 00:51:00,FM-15,-2.8,-13.9,43.0,12.4,False,False,False,False
54.903951,1,2,False,43.585744,51.804964000000005,2025-01-08 01:00:00-05:00,2025-01-08 06:00:00+00:00,51301,PSEG,PS,PS,USW00014734,PJM,PSEG,actual_metered,2025-01-07 11:00:00-05:00,2025-01-08 00:00:00-05:00,False,2025-01-07 01:00:00-05:00,43.585744,2025-01-07 00:00:00-05:00,True,True,1.854686,1.739265,51.31,4998.579,2025-01-08 01:51:00,FM-15,-3.3,-13.9,44.0,8.2,False,False,False,False
54.661683,2,2,False,43.40358,52.19119154166666,2025-01-08 02:00:00-05:00,2025-01-08 07:00:00+00:00,51301,PSEG,PS,PS,USW00014734,PJM,PSEG,actual_metered,2025-01-07 11:00:00-05:00,2025-01-08 00:00:00-05:00,False,2025-01-07 02:00:00-05:00,43.40358,2025-01-07 00:00:00-05:00,True,True,1.753442,1.508241,51.4,4907.471,2025-01-08 02:51:00,FM-15,-2.8,-12.8,46.0,10.3,False,False,False,False
54.602873,3,2,False,42.516788,52.51941862500001,2025-01-08 03:00:00-05:00,2025-01-08 08:00:00+00:00,51301,PSEG,PS,PS,USW00014734,PJM,PSEG,actual_metered,2025-01-07 11:00:00-05:00,2025-01-08 00:00:00-05:00,False,2025-01-07 03:00:00-05:00,42.516788,2025-01-07 00:00:00-05:00,True,True,1.968379,1.434494,51.2,4867.309,2025-01-08 03:51:00,FM-15,-3.3,-13.3,46.0,8.8,False,False,False,False
56.199402,4,2,False,44.626362,52.922446625,2025-01-08 04:00:00-05:00,2025-01-08 09:00:00+00:00,51301,PSEG,PS,PS,USW00014734,PJM,PSEG,actual_metered,2025-01-07 11:00:00-05:00,2025-01-08 00:00:00-05:00,False,2025-01-07 04:00:00-05:00,44.626362,2025-01-07 00:00:00-05:00,True,True,1.854018,1.515384,52.83,4945.006,2025-01-08 04:51:00,FM-15,-3.3,-14.4,42.0,7.2,False,False,False,False
63.506755,5,2,False,52.651803,53.445762916666666,2025-01-08 05:00:00-05:00,2025-01-08 10:00:00+00:00,51301,PSEG,PS,PS,USW00014734,PJM,PSEG,actual_metered,2025-01-07 11:00:00-05:00,2025-01-08 00:00:00-05:00,False,2025-01-07 05:00:00-05:00,52.651803,2025-01-07 00:00:00-05:00,True,True,1.435734,2.461021,59.61,5158.522,2025-01-08 05:51:00,FM-15,-3.9,-14.4,44.0,6.7,False,False,False,False
87.242958,6,2,False,67.229608,54.17085933333334,2025-01-08 06:00:00-05:00,2025-01-08 11:00:00+00:00,51301,PSEG,PS,PS,USW00014734,PJM,PSEG,actual_metered,2025-01-07 11:00:00-05:00,2025-01-08 00:00:00-05:00,False,2025-01-07 06:00:00-05:00,67.229608,2025-01-07 00:00:00-05:00,True,True,2.069223,1.193735,83.98,5607.3,2025-01-08 06:51:00,FM-15,-3.9,-14.4,44.0,8.2,False,False,False,False
130.035157,7,2,False,95.932138,55.74969329166667,2025-01-08 07:00:00-05:00,2025-01-08 12:00:00+00:00,51301,PSEG,PS,PS,USW00014734,PJM,PSEG,actual_metered,2025-01-07 11:00:00-05:00,2025-01-08 00:00:00-05:00,False,2025-01-07 07:00:00-05:00,95.932138,2025-01-07 00:00:00-05:00,True,True,1.147076,4.948081,123.94,5955.824,2025-01-08 07:51:00,FM-15,-3.9,-13.9,46.0,7.2,False,False,False,False
78.925484,8,2,False,68.066435,56.158060541666664,2025-01-08 08:00:00-05:00,2025-01-08 13:00:00+00:00,51301,PSEG,PS,PS,USW00014734,PJM,PSEG,actual_metered,2025-01-07 11:00:00-05:00,2025-01-08 00:00:00-05:00,False,2025-01-07 08:00:00-05:00,68.066435,2025-01-07 00:00:00-05:00,True,True,1.282369,2.943115,74.7,5791.591,2025-01-08 08:51:00,FM-15,-2.8,-13.9,43.0,5.7,False,False,False,False
70.688965,9,2,False,56.957904,56.02697908333334,2025-01-08 09:00:00-05:00,2025-01-08 14:00:00+00:00,51301,PSEG,PS,PS,USW00014734,PJM,PSEG,actual_metered,2025-01-07 11:00:00-05:00,2025-01-08 00:00:00-05:00,False,2025-01-07 09:00:00-05:00,56.957904,2025-01-07 00:00:00-05:00,True,True,2.169933,5.789032,62.73,5602.26,2025-01-08 09:51:00,FM-15,-1.7,-13.9,39.0,7.2,False,False,False,False
81.022034,10,2,False,72.430937,56.25457724999999,2025-01-08 10:00:00-05:00,2025-01-08 15:00:00+00:00,51301,PSEG,PS,PS,USW00014734,PJM,PSEG,actual_metered,2025-01-07 11:00:00-05:00,2025-01-08 00:00:00-05:00,False,2025-01-07 10:00:00-05:00,72.430937,2025-01-07 00:00:00-05:00,True,True,3.624888,9.897146,67.5,5409.178,2025-01-08 10:51:00,FM-15,-1.1,-15.0,34.0,10.3,False,False,False,False
71.320007,11,2,False,65.069049,56.31603654166667,2025-01-08 11:00:00-05:00,2025-01-08 16:00:00+00:00,51301,PSEG,PS,PS,USW00014734,PJM,PSEG,actual_metered,2025-01-07 11:00:00-05:00,2025-01-08 00:00:00-05:00,False,2025-01-07 11:00:00-05:00,65.069049,2025-01-07 00:00:00-05:00,True,True,3.608728,7.741279,59.97,5247.685,2025-01-08 11:51:00,FM-15,-1.1,-15.0,34.0,11.3,False,False,False,False
67.268683,12,2,False,62.930111,56.398824958333336,2025-01-08 12:00:00-05:00,2025-01-08 17:00:00+00:00,51301,PSEG,PS,PS,USW00014734,PJM,PSEG,actual_metered,2025-01-07 11:00:00-05:00,2025-01-08 00:00:00-05:00,False,2025-01-07 12:00:00-05:00,62.930111,2025-01-07 00:00:00-05:00,True,True,3.355049,9.613634,54.3,5180.804,2025-01-08 12:51:00,FM-15,0.0,-15.6,30.0,10.3,False,False,False,False
64.888571,13,2,False,60.648405,56.49394183333333,2025-01-08 13:00:00-05:00,2025-01-08 18:00:00+00:00,51301,PSEG,PS,PS,USW00014734,PJM,PSEG,actual_metered,2025-01-07 11:00:00-05:00,2025-01-08 00:00:00-05:00,False,2025-01-07 13:00:00-05:00,60.648405,2025-01-07 00:00:00-05:00,True,True,3.275427,9.843144,51.77,5205.369,2025-01-08 13:51:00,FM-15,0.0,-16.7,27.0,11.3,False,False,False,False
62.771073,14,2,False,54.589101,56.499161833333325,2025-01-08 14:00:00-05:00,2025-01-08 19:00:00+00:00,51301,PSEG,PS,PS,USW00014734,PJM,PSEG,actual_metered,2025-01-07 11:00:00-05:00,2025-01-08 00:00:00-05:00,False,2025-01-07 14:00:00-05:00,54.589101,2025-01-07 00:00:00-05:00,True,True,3.123107,9.497966,50.15,5375.284,2025-01-08 14:51:00,FM-15,-0.6,-16.7,29.0,10.3,False,False,False,False
65.47281,15,2,False,57.38457,56.84185658333334,2025-01-08 15:00:00-05:00,2025-01-08 20:00:00+00:00,51301,PSEG,PS,PS,USW00014734,PJM,PSEG,actual_metered,2025-01-07 11:00:00-05:00,2025-01-08 00:00:00-05:00,False,2025-01-07 15:00:00-05:00,57.38457,2025-01-07 00:00:00-05:00,True,True,3.443908,10.368902,51.66,5657.712,2025-01-08 15:51:00,FM-15,-1.1,-16.7,30.0,9.8,False,False,False,False
83.231309,16,2,False,64.726389,57.22070645833333,2025-01-08 16:00:00-05:00,2025-01-08 21:00:00+00:00,51301,PSEG,PS,PS,USW00014734,PJM,PSEG,actual_metered,2025-01-07 11:00:00-05:00,2025-01-08 00:00:00-05:00,False,2025-01-07 16:00:00-05:00,64.726389,2025-01-07 00:00:00-05:00,True,True,4.06695,18.164359,61.0,6048.139,2025-01-08 16:51:00,FM-15,-2.8,-16.1,35.0,11.8,False,False,False,False
116.353394,17,2,False,83.608055,57.77538608333333,2025-01-08 17:00:00-05:00,2025-01-08 22:00:00+00:00,51301,PSEG,PS,PS,USW00014734,PJM,PSEG,actual_metered,2025-01-07 11:00:00-05:00,2025-01-08 00:00:00-05:00,False,2025-01-07 17:00:00-05:00,83.608055,2025-01-07 00:00:00-05:00,True,True,5.433436,22.689958,88.23,6500.098,2025-01-08 17:51:00,FM-15,-3.9,-16.1,39.0,9.3,False,False,False,False
92.106868,18,2,False,77.730743,58.565393,2025-01-08 18:00:00-05:00,2025-01-08 23:00:00+00:00,51301,PSEG,PS,PS,USW00014734,PJM,PSEG,actual_metered,2025-01-07 11:00:00-05:00,2025-01-08 00:00:00-05:00,False,2025-01-07 18:00:00-05:00,77.730743,2025-01-07 00:00:00-05:00,True,True,3.716366,9.750502,78.64,6547.35,2025-01-08 18:51:00,FM-15,-4.4,-16.1,40.0,8.2,False,False,False,False
83.659708,19,2,False,70.321519,59.17957675,2025-01-08 19:00:00-05:00,2025-01-09 00:00:00+00:00,51301,PSEG,PS,PS,USW00014734,PJM,PSEG,actual_metered,2025-01-07 11:00:00-05:00,2025-01-08 00:00:00-05:00,False,2025-01-07 19:00:00-05:00,70.321519,2025-01-07 00:00:00-05:00,True,True,3.459687,6.820021,73.38,6491.024,2025-01-08 19:51:00,FM-15,-4.4,-15.6,42.0,9.3,False,False,False,False
81.328771,20,2,False,67.82355,59.679041041666665,2025-01-08 20:00:00-05:00,2025-01-09 01:00:00+00:00,51301,PSEG,PS,PS,USW00014734,PJM,PSEG,actual_metered,2025-01-07 11:00:00-05:00,2025-01-08 00:00:00-05:00,False,2025-01-07 20:00:00-05:00,67.82355,2025-01-07 00:00:00-05:00,True,True,3.147123,5.891648,72.29,6321.999,2025-01-08 20:51:00,FM-15,-5.0,-15.6,44.0,7.2,False,False,False,False
75.928435,21,2,False,63.690934,60.26714529166666,2025-01-08 21:00:00-05:00,2025-01-09 02:00:00+00:00,51301,PSEG,PS,PS,USW00014734,PJM,PSEG,actual_metered,2025-01-07 11:00:00-05:00,2025-01-08 00:00:00-05:00,False,2025-01-07 21:00:00-05:00,63.690934,2025-01-07 00:00:00-05:00,True,True,3.164477,6.083958,66.68,6120.819,2025-01-08 21:51:00,FM-15,-5.0,-15.6,44.0,9.3,False,False,False,False
71.156924,22,2,False,62.237882,60.99684345833333,2025-01-08 22:00:00-05:00,2025-01-09 03:00:00+00:00,51301,PSEG,PS,PS,USW00014734,PJM,PSEG,actual_metered,2025-01-07 11:00:00-05:00,2025-01-08 00:00:00-05:00,False,2025-01-07 22:00:00-05:00,62.237882,2025-01-07 00:00:00-05:00,True,True,3.607101,4.249823,63.3,5809.514,2025-01-08 22:51:00,FM-15,-5.0,-15.6,44.0,7.2,False,False,False,False
66.637156,23,2,False,55.286418,61.562344125,2025-01-08 23:00:00-05:00,2025-01-09 04:00:00+00:00,51301,PSEG,PS,PS,USW00014734,PJM,PSEG,actual_metered,2025-01-07 11:00:00-05:00,2025-01-08 00:00:00-05:00,False,2025-01-07 23:00:00-05:00,55.286418,2025-01-07 00:00:00-05:00,True,True,4.29546,1.651696,60.69,5518.82,2025-01-08 23:51:00,FM-15,-5.6,-15.6,46.0,6.7,False,False,False,False
66.694283,0,3,False,56.878219,62.09692683333333,2025-01-09 00:00:00-05:00,2025-01-09 05:00:00+00:00,51301,PSEG,PS,PS,USW00014734,PJM,PSEG,actual_metered,2025-01-08 11:00:00-05:00,2025-01-09 00:00:00-05:00,False,2025-01-08 00:00:00-05:00,56.878219,2025-01-08 00:00:00-05:00,True,True,4.084715,1.659568,60.95,5295.769,2025-01-09 00:51:00,FM-15,-5.6,-15.0,48.0,7.2,False,False,False,False
63.266441,1,3,False,54.903951,62.56851879166666,2025-01-09 01:00:00-05:00,2025-01-09 06:00:00+00:00,51301,PSEG,PS,PS,USW00014734,PJM,PSEG,actual_metered,2025-01-08 11:00:00-05:00,2025-01-09 00:00:00-05:00,False,2025-01-08 01:00:00-05:00,54.903951,2025-01-08 00:00:00-05:00,True,True,3.461264,1.925177,57.88,5147.202,2025-01-09 01:51:00,FM-15,-5.0,-15.0,46.0,7.7,False,False,False,False
63.060565,2,3,False,54.661683,63.03760641666667,2025-01-09 02:00:00-05:00,2025-01-09 07:00:00+00:00,51301,PSEG,PS,PS,USW00014734,PJM,PSEG,actual_metered,2025-01-08 11:00:00-05:00,2025-01-09 00:00:00-05:00,False,2025-01-08 02:00:00-05:00,54.661683,2025-01-08 00:00:00-05:00,True,True,3.315612,1.944953,57.8,5062.42,2025-01-09 02:51:00,FM-15,-4.4,-14.4,46.0,9.8,False,False,False,False
63.580868,3,3,False,54.602873,63.541193291666666,2025-01-09 03:00:00-05:00,2025-01-09 08:00:00+00:00,51301,PSEG,PS,PS,USW00014734,PJM,PSEG,actual_metered,2025-01-08 11:00:00-05:00,2025-01-09 00:00:00-05:00,False,2025-01-08 03:00:00-05:00,54.602873,2025-01-08 00:00:00-05:00,True,True,3.322134,1.768734,58.49,5027.15,2025-01-09 03:51:00,FM-15,-5.0,-14.4,48.0,6.7,False,False,False,False
66.052557,4,3,False,56.199402,64.02340329166667,2025-01-09 04:00:00-05:00,2025-01-09 09:00:00+00:00,51301,PSEG,PS,PS,USW00014734,PJM,PSEG,actual_metered,2025-01-08 11:00:00-05:00,2025-01-09 00:00:00-05:00,False,2025-01-08 04:00:00-05:00,56.199402,2025-01-08 00:00:00-05:00,True,True,3.002117,0.66044,62.39,5098.788,2025-01-09 04:51:00,FM-15,-4.4,-14.4,46.0,9.3,False,False,False,False
71.522408,5,3,False,63.506755,64.47569295833334,2025-01-09 05:00:00-05:00,2025-01-09 10:00:00+00:00,51301,PSEG,PS,PS,USW00014734,PJM,PSEG,actual_metered,2025-01-08 11:00:00-05:00,2025-01-09 00:00:00-05:00,False,2025-01-08 05:00:00-05:00,63.506755,2025-01-08 00:00:00-05:00,True,True,3.389584,0.752824,67.38,5314.332,2025-01-09 05:51:00,FM-15,-5.0,-15.0,46.0,7.7,False,False,False,False
92.88787,6,3,False,87.242958,65.30958254166666,2025-01-09 06:00:00-05:00,2025-01-09 11:00:00+00:00,51301,PSEG,PS,PS,USW00014734,PJM,PSEG,actual_metered,2025-01-08 11:00:00-05:00,2025-01-09 00:00:00-05:00,False,2025-01-08 06:00:00-05:00,87.242958,2025-01-08 00:00:00-05:00,True,True,5.700403,-7.682533,94.87,5743.147,2025-01-09 06:51:00,FM-15,-5.0,-15.0,46.0,9.3,False,False,False,False
124.61842,7,3,False,130.035157,66.73054166666667,2025-01-09 07:00:00-05:00,2025-01-09 12:00:00+00:00,51301,PSEG,PS,PS,USW00014734,PJM,PSEG,actual_metered,2025-01-08 11:00:00-05:00,2025-01-09 00:00:00-05:00,False,2025-01-08 07:00:00-05:00,130.035157,2025-01-08 00:00:00-05:00,True,True,6.609933,-16.961513,134.97,6117.637,2025-01-09 07:51:00,FM-15,-4.4,-15.0,44.0,7.7,False,False,False,False
90.095566,8,3,False,78.925484,67.18300204166667,2025-01-09 08:00:00-05:00,2025-01-09 13:00:00+00:00,51301,PSEG,PS,PS,USW00014734,PJM,PSEG,actual_metered,2025-01-08 11:00:00-05:00,2025-01-09 00:00:00-05:00,False,2025-01-08 08:00:00-05:00,78.925484,2025-01-08 00:00:00-05:00,True,True,5.087457,-3.621891,88.63,5992.518,2025-01-09 08:51:00,FM-15,-3.3,-14.4,42.0,8.8,False,False,False,False
68.710168,9,3,False,70.688965,67.75512958333333,2025-01-09 09:00:00-05:00,2025-01-09 14:00:00+00:00,51301,PSEG,PS,PS,USW00014734,PJM,PSEG,actual_metered,2025-01-08 11:00:00-05:00,2025-01-09 00:00:00-05:00,False,2025-01-08 09:00:00-05:00,70.688965,2025-01-08 00:00:00-05:00,True,True,4.370027,2.220141,62.12,5657.127,2025-01-09 09:51:00,FM-15,-2.2,-13.9,41.0,10.3,False,False,False,False
57.183436,10,3,False,81.022034,68.11309195833333,2025-01-09 10:00:00-05:00,2025-01-09 15:00:00+00:00,51301,PSEG,PS,PS,USW00014734,PJM,PSEG,actual_metered,2025-01-08 11:00:00-05:00,2025-01-09 00:00:00-05:00,False,2025-01-08 10:00:00-05:00,81.022034,2025-01-08 00:00:00-05:00,True,True,4.328644,0.804792,52.05,5369.824,2025-01-09 10:51:00,FM-15,-0.6,-13.3,38.0,11.3,False,False,False,False
55.4175,11,3,False,71.320007,68.37354854166666,2025-01-09 11:00:00-05:00,2025-01-09 16:00:00+00:00,51301,PSEG,PS,PS,USW00014734,PJM,PSEG,actual_metered,2025-01-08 11:00:00-05:00,2025-01-09 00:00:00-05:00,False,2025-01-08 11:00:00-05:00,71.320007,2025-01-08 00:00:00-05:00,True,True,4.097134,1.830366,49.49,5180.615,2025-01-09 11:51:00,FM-15,1.1,-12.8,35.0,9.3,False,False,False,False
50.397403,12,3,False,67.268683,68.554322375,2025-01-09 12:00:00-05:00,2025-01-09 17:00:00+00:00,51301,PSEG,PS,PS,USW00014734,PJM,PSEG,actual_metered,2025-01-08 11:00:00-05:00,2025-01-09 00:00:00-05:00,False,2025-01-08 12:00:00-05:00,67.268683,2025-01-08 00:00:00-05:00,True,True,3.912233,0.60517,45.88,5114.885,2025-01-09 12:51:00,FM-15,1.1,-11.7,38.0,10.8,False,False,False,False
43.601267,13,3,False,64.888571,68.73099595833334,2025-01-09 13:00:00-05:00,2025-01-09 18:00:00+00:00,51301,PSEG,PS,PS,USW00014734,PJM,PSEG,actual_metered,2025-01-08 11:00:00-05:00,2025-01-09 00:00:00-05:00,False,2025-01-08 13:00:00-05:00,64.888571,2025-01-08 00:00:00-05:00,True,True,3.550395,-1.029128,41.08,5174.19,2025-01-09 13:51:00,FM-15,2.2,-11.1,37.0,9.8,False,False,False,False
42.322786,14,3,False,62.771073,69.07191145833333,2025-01-09 14:00:00-05:00,2025-01-09 19:00:00+00:00,51301,PSEG,PS,PS,USW00014734,PJM,PSEG,actual_metered,2025-01-08 11:00:00-05:00,2025-01-09 00:00:00-05:00,False,2025-01-08 14:00:00-05:00,62.771073,2025-01-08 00:00:00-05:00,True,True,3.479561,-1.376775,40.22,5438.414,2025-01-09 14:51:00,FM-15,2.2,-11.1,37.0,8.2,False,False,False,False
46.276775,15,3,False,65.47281,69.40892145833332,2025-01-09 15:00:00-05:00,2025-01-09 20:00:00+00:00,51301,PSEG,PS,PS,USW00014734,PJM,PSEG,actual_metered,2025-01-08 11:00:00-05:00,2025-01-09 00:00:00-05:00,False,2025-01-08 15:00:00-05:00,65.47281,2025-01-08 00:00:00-05:00,True,True,3.835158,-0.988383,43.43,5705.392,2025-01-09 15:51:00,FM-15,1.7,-10.6,40.0,9.8,False,False,False,False
58.623073,16,3,False,83.231309,70.17995979166666,2025-01-09 16:00:00-05:00,2025-01-09 21:00:00+00:00,51301,PSEG,PS,PS,USW00014734,PJM,PSEG,actual_metered,2025-01-08 11:00:00-05:00,2025-01-09 00:00:00-05:00,False,2025-01-08 16:00:00-05:00,83.231309,2025-01-08 00:00:00-05:00,True,True,4.64524,0.947833,53.03,5949.586,2025-01-09 16:51:00,FM-15,0.0,-10.6,45.0,8.8,False,False,False,False
80.509915,17,3,False,116.353394,71.54434891666666,2025-01-09 17:00:00-05:00,2025-01-09 22:00:00+00:00,51301,PSEG,PS,PS,USW00014734,PJM,PSEG,actual_metered,2025-01-08 11:00:00-05:00,2025-01-09 00:00:00-05:00,False,2025-01-08 17:00:00-05:00,116.353394,2025-01-08 00:00:00-05:00,True,True,6.047727,0.972188,73.49,6262.869,2025-01-09 17:51:00,FM-15,-0.6,-10.0,49.0,7.2,False,False,False,False
66.998046,18,3,False,92.106868,72.14335412499999,2025-01-09 18:00:00-05:00,2025-01-09 23:00:00+00:00,51301,PSEG,PS,PS,USW00014734,PJM,PSEG,actual_metered,2025-01-08 11:00:00-05:00,2025-01-09 00:00:00-05:00,False,2025-01-08 18:00:00-05:00,92.106868,2025-01-08 00:00:00-05:00,True,True,4.900078,-1.572032,63.67,6389.544,2025-01-09 18:51:00,FM-15,-1.1,-10.0,51.0,10.8,False,False,False,False
64.071613,19,3,False,83.659708,72.699112,2025-01-09 19:00:00-05:00,2025-01-10 00:00:00+00:00,51301,PSEG,PS,PS,USW00014734,PJM,PSEG,actual_metered,2025-01-08 11:00:00-05:00,2025-01-09 00:00:00-05:00,False,2025-01-08 19:00:00-05:00,83.659708,2025-01-08 00:00:00-05:00,True,True,4.73079,-3.929177,63.27,6229.637,2025-01-09 19:51:00,FM-15,-1.7,-10.0,54.0,6.7,False,False,False,False
59.071908,20,3,False,81.328771,73.26182954166667,2025-01-09 20:00:00-05:00,2025-01-10 01:00:00+00:00,51301,PSEG,PS,PS,USW00014734,PJM,PSEG,actual_metered,2025-01-08 11:00:00-05:00,2025-01-09 00:00:00-05:00,False,2025-01-08 20:00:00-05:00,81.328771,2025-01-08 00:00:00-05:00,True,True,4.439193,-6.447285,61.08,6086.501,2025-01-09 20:51:00,FM-15,-1.7,-10.0,54.0,5.1,False,False,False,False
59.810321,21,3,False,75.928435,73.77172541666667,2025-01-09 21:00:00-05:00,2025-01-10 02:00:00+00:00,51301,PSEG,PS,PS,USW00014734,PJM,PSEG,actual_metered,2025-01-08 11:00:00-05:00,2025-01-09 00:00:00-05:00,False,2025-01-08 21:00:00-05:00,75.928435,2025-01-08 00:00:00-05:00,True,True,4.289519,-3.679198,59.2,5926.501,2025-01-09 21:51:00,FM-15,-1.7,-10.0,54.0,7.2,False,False,False,False
59.580668,22,3,False,71.156924,74.14335216666666,2025-01-09 22:00:00-05:00,2025-01-10 03:00:00+00:00,51301,PSEG,PS,PS,USW00014734,PJM,PSEG,actual_metered,2025-01-08 11:00:00-05:00,2025-01-09 00:00:00-05:00,False,2025-01-08 22:00:00-05:00,71.156924,2025-01-08 00:00:00-05:00,True,True,4.453991,-1.633323,56.76,5638.129,2025-01-09 22:51:00,FM-15,-1.7,-10.0,54.0,6.2,False,False,False,False
57.738795,23,3,False,66.637156,74.61629958333333,2025-01-09 23:00:00-05:00,2025-01-10 04:00:00+00:00,51301,PSEG,PS,PS,USW00014734,PJM,PSEG,actual_metered,2025-01-08 11:00:00-05:00,2025-01-09 00:00:00-05:00,False,2025-01-08 23:00:00-05:00,66.637156,2025-01-08 00:00:00-05:00,True,True,4.201201,0.227594,53.31,5360.531,2025-01-09 23:51:00,FM-15,-2.2,-10.0,56.0,9.3,False,False,False,False
57.081567,0,4,False,66.694283,75.02530225,2025-01-10 00:00:00-05:00,2025-01-10 05:00:00+00:00,51301,PSEG,PS,PS,USW00014734,PJM,PSEG,actual_metered,2025-01-09 11:00:00-05:00,2025-01-10 00:00:00-05:00,False,2025-01-09 00:00:00-05:00,66.694283,2025-01-09 00:00:00-05:00,True,True,3.614778,-0.383211,53.85,5158.826,2025-01-10 00:51:00,FM-15,-2.2,-10.6,53.0,7.2,False,False,False,False
53.575618,1,4,False,63.266441,75.37373933333333,2025-01-10 01:00:00-05:00,2025-01-10 06:00:00+00:00,51301,PSEG,PS,PS,USW00014734,PJM,PSEG,actual_metered,2025-01-09 11:00:00-05:00,2025-01-10 00:00:00-05:00,False,2025-01-09 01:00:00-05:00,63.266441,2025-01-09 00:00:00-05:00,True,True,3.109075,-1.363457,51.83,5001.445,2025-01-10 01:51:00,FM-15,-2.2,-10.6,53.0,7.2,False,False,False,False
54.201597,2,4,False,63.060565,75.72369275,2025-01-10 02:00:00-05:00,2025-01-10 07:00:00+00:00,51301,PSEG,PS,PS,USW00014734,PJM,PSEG,actual_metered,2025-01-09 11:00:00-05:00,2025-01-10 00:00:00-05:00,False,2025-01-09 02:00:00-05:00,63.060565,2025-01-09 00:00:00-05:00,True,True,3.032832,-1.811235,52.98,4911.116,2025-01-10 02:51:00,FM-15,-2.8,-10.6,55.0,7.2,False,False,False,False
55.176999,3,4,False,63.580868,76.097775875,2025-01-10 03:00:00-05:00,2025-01-10 08:00:00+00:00,51301,PSEG,PS,PS,USW00014734,PJM,PSEG,actual_metered,2025-01-09 11:00:00-05:00,2025-01-10 00:00:00-05:00,False,2025-01-09 03:00:00-05:00,63.580868,2025-01-09 00:00:00-05:00,True,True,3.025282,-1.108283,53.26,4853.308,2025-01-10 03:51:00,FM-15,-2.8,-10.6,55.0,6.7,False,False,False,False
56.457161,4,4,False,66.052557,76.508324,2025-01-10 04:00:00-05:00,2025-01-10 09:00:00+00:00,51301,PSEG,PS,PS,USW00014734,PJM,PSEG,actual_metered,2025-01-09 11:00:00-05:00,2025-01-10 00:00:00-05:00,False,2025-01-09 04:00:00-05:00,66.052557,2025-01-09 00:00:00-05:00,True,True,2.605703,-0.278542,54.13,4940.657,2025-01-10 04:51:00,FM-15,-2.8,-10.6,55.0,4.1,False,False,False,False
59.117025,5,4,False,71.522408,76.84230954166667,2025-01-10 05:00:00-05:00,2025-01-10 10:00:00+00:00,51301,PSEG,PS,PS,USW00014734,PJM,PSEG,actual_metered,2025-01-09 11:00:00-05:00,2025-01-10 00:00:00-05:00,False,2025-01-09 05:00:00-05:00,71.522408,2025-01-09 00:00:00-05:00,True,True,2.873796,-0.706771,56.95,5147.907,2025-01-10 05:51:00,FM-15,-2.8,-10.6,55.0,6.2,False,False,False,False
77.065297,6,4,False,92.88787,77.07751420833334,2025-01-10 06:00:00-05:00,2025-01-10 11:00:00+00:00,51301,PSEG,PS,PS,USW00014734,PJM,PSEG,actual_metered,2025-01-09 11:00:00-05:00,2025-01-10 00:00:00-05:00,False,2025-01-09 06:00:00-05:00,92.88787,2025-01-09 00:00:00-05:00,True,True,5.028537,-11.68324,83.72,5489.462,2025-01-10 06:51:00,FM-15,-2.2,-10.6,53.0,6.2,False,False,False,False
98.917913,7,4,False,124.61842,76.85181683333333,2025-01-10 07:00:00-05:00,2025-01-10 12:00:00+00:00,51301,PSEG,PS,PS,USW00014734,PJM,PSEG,actual_metered,2025-01-09 11:00:00-05:00,2025-01-10 00:00:00-05:00,False,2025-01-09 07:00:00-05:00,124.61842,2025-01-09 00:00:00-05:00,True,True,5.223261,-12.935348,106.63,5846.61,2025-01-10 07:51:00,FM-15,-1.7,-10.6,51.0,4.1,False,False,False,False
67.22908,8,4,False,90.095566,77.31723691666666,2025-01-10 08:00:00-05:00,2025-01-10 13:00:00+00:00,51301,PSEG,PS,PS,USW00014734,PJM,PSEG,actual_metered,2025-01-09 11:00:00-05:00,2025-01-10 00:00:00-05:00,False,2025-01-09 08:00:00-05:00,90.095566,2025-01-09 00:00:00-05:00,True,True,3.839235,-3.350155,66.74,5695.752,2025-01-10 08:51:00,FM-15,-0.6,-10.6,47.0,5.7,False,False,False,False
61.338955,9,4,False,68.710168,77.23478704166666,2025-01-10 09:00:00-05:00,2025-01-10 14:00:00+00:00,51301,PSEG,PS,PS,USW00014734,PJM,PSEG,actual_metered,2025-01-09 11:00:00-05:00,2025-01-10 00:00:00-05:00,False,2025-01-09 09:00:00-05:00,68.710168,2025-01-09 00:00:00-05:00,True,True,4.035944,-0.286989,57.59,5409.433,2025-01-10 09:51:00,FM-15,1.1,-10.0,44.0,6.2,False,False,False,False
49.513332,10,4,False,57.183436,76.241512125,2025-01-10 10:00:00-05:00,2025-01-10 15:00:00+00:00,51301,PSEG,PS,PS,USW00014734,PJM,PSEG,actual_metered,2025-01-09 11:00:00-05:00,2025-01-10 00:00:00-05:00,False,2025-01-09 10:00:00-05:00,57.183436,2025-01-09 00:00:00-05:00,True,True,3.900973,-1.697641,47.31,5140.337,2025-01-10 10:51:00,FM-15,2.8,-10.6,37.0,5.1,False,False,False,False
47.635884,11,4,False,55.4175,75.57890766666667,2025-01-10 11:00:00-05:00,2025-01-10 16:00:00+00:00,51301,PSEG,PS,PS,USW00014734,PJM,PSEG,actual_metered,2025-01-09 11:00:00-05:00,2025-01-10 00:00:00-05:00,False,2025-01-09 11:00:00-05:00,55.4175,2025-01-09 00:00:00-05:00,True,True,3.753042,-1.717158,45.6,4940.536,2025-01-10 11:51:00,FM-15,3.9,-10.6,34.0,6.7,False,False,False,False
45.165973,12,4,False,50.397403,74.87593766666667,2025-01-10 12:00:00-05:00,2025-01-10 17:00:00+00:00,51301,PSEG,PS,PS,USW00014734,PJM,PSEG,actual_metered,2025-01-09 11:00:00-05:00,2025-01-10 00:00:00-05:00,False,2025-01-09 12:00:00-05:00,50.397403,2025-01-09 00:00:00-05:00,True,True,3.655829,-1.569856,43.08,4896.256,2025-01-10 12:51:00,FM-15,5.0,-10.6,32.0,7.2,False,False,False,False
44.921576,13,4,False,43.601267,73.98896666666667,2025-01-10 13:00:00-05:00,2025-01-10 18:00:00+00:00,51301,PSEG,PS,PS,USW00014734,PJM,PSEG,actual_metered,2025-01-09 11:00:00-05:00,2025-01-10 00:00:00-05:00,False,2025-01-09 13:00:00-05:00,43.601267,2025-01-09 00:00:00-05:00,True,True,3.670037,-1.258461,42.51,5089.494,2025-01-10 13:51:00,FM-15,5.0,-10.0,33.0,4.6,False,False,False,False
45.10031,14,4,False,42.322786,73.13695470833333,2025-01-10 14:00:00-05:00,2025-01-10 19:00:00+00:00,51301,PSEG,PS,PS,USW00014734,PJM,PSEG,actual_metered,2025-01-09 11:00:00-05:00,2025-01-10 00:00:00-05:00,False,2025-01-09 14:00:00-05:00,42.322786,2025-01-09 00:00:00-05:00,True,True,3.708802,-1.638492,43.03,5278.676,2025-01-10 14:51:00,FM-15,5.0,-10.0,33.0,5.7,False,False,False,False
46.17138,15,4,False,46.276775,72.33711991666667,2025-01-10 15:00:00-05:00,2025-01-10 20:00:00+00:00,51301,PSEG,PS,PS,USW00014734,PJM,PSEG,actual_metered,2025-01-09 11:00:00-05:00,2025-01-10 00:00:00-05:00,False,2025-01-09 15:00:00-05:00,46.276775,2025-01-09 00:00:00-05:00,True,True,3.849338,-1.367958,43.69,5389.554,2025-01-10 15:51:00,FM-15,3.9,-10.0,36.0,5.7,False,False,False,False
49.122188,16,4,False,58.623073,71.31177674999999,2025-01-10 16:00:00-05:00,2025-01-10 21:00:00+00:00,51301,PSEG,PS,PS,USW00014734,PJM,PSEG,actual_metered,2025-01-09 11:00:00-05:00,2025-01-10 00:00:00-05:00,False,2025-01-09 16:00:00-05:00,58.623073,2025-01-09 00:00:00-05:00,True,True,4.113393,-2.081205,47.09,5577.533,2025-01-10 16:51:00,FM-15,3.3,-10.0,37.0,3.1,False,False,False,False
60.667838,17,4,False,80.509915,69.81829845833333,2025-01-10 17:00:00-05:00,2025-01-10 22:00:00+00:00,51301,PSEG,PS,PS,USW00014734,PJM,PSEG,actual_metered,2025-01-09 11:00:00-05:00,2025-01-10 00:00:00-05:00,False,2025-01-09 17:00:00-05:00,80.509915,2025-01-09 00:00:00-05:00,True,True,4.671351,-0.793513,56.79,5865.806,2025-01-10 17:51:00,FM-15,2.8,-9.4,41.0,3.1,False,False,False,False
49.615553,18,4,False,66.998046,68.77209754166667,2025-01-10 18:00:00-05:00,2025-01-10 23:00:00+00:00,51301,PSEG,PS,PS,USW00014734,PJM,PSEG,actual_metered,2025-01-09 11:00:00-05:00,2025-01-10 00:00:00-05:00,False,2025-01-09 18:00:00-05:00,66.998046,2025-01-09 00:00:00-05:00,True,True,3.773631,-3.128078,48.97,5917.466,2025-01-10 18:51:00,FM-15,2.8,-9.4,41.0,2.6,False,False,False,False
46.382808,19,4,False,64.071613,67.95592691666667,2025-01-10 19:00:00-05:00,2025-01-11 00:00:00+00:00,51301,PSEG,PS,PS,USW00014734,PJM,PSEG,actual_metered,2025-01-09 11:00:00-05:00,2025-01-10 00:00:00-05:00,False,2025-01-09 19:00:00-05:00,64.071613,2025-01-09 00:00:00-05:00,True,True,3.33296,-1.570152,44.62,5742.148,2025-01-10 19:51:00,FM-15,2.8,-9.4,41.0,2.6,False,False,False,False
45.183359,20,4,False,59.071908,67.028557625,2025-01-10 20:00:00-05:00,2025-01-11 01:00:00+00:00,51301,PSEG,PS,PS,USW00014734,PJM,PSEG,actual_metered,2025-01-09 11:00:00-05:00,2025-01-10 00:00:00-05:00,False,2025-01-09 20:00:00-05:00,59.071908,2025-01-09 00:00:00-05:00,True,True,3.107747,-0.674388,42.75,5594.446,2025-01-10 20:51:00,FM-15,2.2,-8.9,44.0,3.6,False,False,False,False
43.677647,21,4,False,59.810321,66.35696954166666,2025-01-10 21:00:00-05:00,2025-01-11 02:00:00+00:00,51301,PSEG,PS,PS,USW00014734,PJM,PSEG,actual_metered,2025-01-09 11:00:00-05:00,2025-01-10 00:00:00-05:00,False,2025-01-09 21:00:00-05:00,59.810321,2025-01-09 00:00:00-05:00,True,True,3.014203,-0.996556,41.66,5439.954,2025-01-10 21:51:00,FM-15,1.7,-9.4,44.0,1.5,False,False,False,False
43.186953,22,4,False,59.580668,65.87462554166667,2025-01-10 22:00:00-05:00,2025-01-11 03:00:00+00:00,51301,PSEG,PS,PS,USW00014734,PJM,PSEG,actual_metered,2025-01-09 11:00:00-05:00,2025-01-10 00:00:00-05:00,False,2025-01-09 22:00:00-05:00,59.580668,2025-01-09 00:00:00-05:00,True,True,3.197233,-0.78028,40.77,5214.6,2025-01-10 22:51:00,FM-15,1.7,-9.4,44.0,2.6,False,False,False,False
41.716847,23,4,False,57.738795,65.5038605,2025-01-10 23:00:00-05:00,2025-01-11 04:00:00+00:00,51301,PSEG,PS,PS,USW00014734,PJM,PSEG,actual_metered,2025-01-09 11:00:00-05:00,2025-01-10 00:00:00-05:00,False,2025-01-09 23:00:00-05:00,57.738795,2025-01-09 00:00:00-05:00,True,True,3.056905,-0.090058,38.75,4963.192,2025-01-10 23:51:00,FM-15,1.7,-9.4,44.0,3.1,False,False,False,False
46.752026,0,5,True,57.081567,65.10333066666666,2025-01-11 00:00:00-05:00,2025-01-11 05:00:00+00:00,51301,PSEG,PS,PS,USW00014734,PJM,PSEG,actual_metered,2025-01-10 11:00:00-05:00,2025-01-11 00:00:00-05:00,False,2025-01-10 00:00:00-05:00,57.081567,2025-01-10 00:00:00-05:00,True,True,1.965862,1.186164,43.6,4753.178,2025-01-11 00:51:00,FM-15,1.1,-9.4,46.0,2.1,False,False,False,False
42.723311,1,5,True,53.575618,64.699546375,2025-01-11 01:00:00-05:00,2025-01-11 06:00:00+00:00,51301,PSEG,PS,PS,USW00014734,PJM,PSEG,actual_metered,2025-01-10 11:00:00-05:00,2025-01-11 00:00:00-05:00,False,2025-01-10 01:00:00-05:00,53.575618,2025-01-10 00:00:00-05:00,True,True,1.512967,0.990344,40.22,4595.236,2025-01-11 01:51:00,FM-15,0.6,-8.9,49.0,0.0,False,False,False,False
40.513397,2,5,True,54.201597,64.33042270833333,2025-01-11 02:00:00-05:00,2025-01-11 07:00:00+00:00,51301,PSEG,PS,PS,USW00014734,PJM,PSEG,actual_metered,2025-01-10 11:00:00-05:00,2025-01-11 00:00:00-05:00,False,2025-01-10 02:00:00-05:00,54.201597,2025-01-10 00:00:00-05:00,True,True,1.037949,0.995448,38.48,4501.822,2025-01-11 02:51:00,FM-15,0.0,-8.3,54.0,2.6,False,False,False,False
40.300375,3,5,True,55.176999,63.980261500000005,2025-01-11 03:00:00-05:00,2025-01-11 08:00:00+00:00,51301,PSEG,PS,PS,USW00014734,PJM,PSEG,actual_metered,2025-01-10 11:00:00-05:00,2025-01-11 00:00:00-05:00,False,2025-01-10 03:00:00-05:00,55.176999,2025-01-10 00:00:00-05:00,True,True,0.863339,1.017036,38.42,4457.409,2025-01-11 03:51:00,FM-15,-0.6,-6.7,64.0,4.1,False,False,False,False
39.932606,4,5,True,56.457161,63.58045333333334,2025-01-11 04:00:00-05:00,2025-01-11 09:00:00+00:00,51301,PSEG,PS,PS,USW00014734,PJM,PSEG,actual_metered,2025-01-10 11:00:00-05:00,2025-01-11 00:00:00-05:00,False,2025-01-10 04:00:00-05:00,56.457161,2025-01-10 00:00:00-05:00,True,True,0.931928,1.070678,37.93,4474.345,2025-01-11 04:51:00,FM-15,-2.2,-5.0,81.0,2.1,False,False,False,False
40.773558,5,5,True,59.117025,63.063562375000004,2025-01-11 05:00:00-05:00,2025-01-11 10:00:00+00:00,51301,PSEG,PS,PS,USW00014734,PJM,PSEG,actual_metered,2025-01-10 11:00:00-05:00,2025-01-11 00:00:00-05:00,False,2025-01-10 05:00:00-05:00,59.117025,2025-01-10 00:00:00-05:00,True,True,1.460718,0.98284,38.33,4566.119,2025-01-11 05:51:00,FM-15,-2.2,-5.0,81.0,1.5,False,False,False,False
43.406667,6,5,True,77.065297,62.4042885,2025-01-11 06:00:00-05:00,2025-01-11 11:00:00+00:00,51301,PSEG,PS,PS,USW00014734,PJM,PSEG,actual_metered,2025-01-10 11:00:00-05:00,2025-01-11 00:00:00-05:00,False,2025-01-10 06:00:00-05:00,77.065297,2025-01-10 00:00:00-05:00,True,True,1.272492,1.024175,41.11,4772.811,2025-01-11 06:51:00,FM-15,-2.2,-5.0,81.0,2.6,False,False,False,False
48.254729,7,5,True,98.917913,61.33343404166666,2025-01-11 07:00:00-05:00,2025-01-11 12:00:00+00:00,51301,PSEG,PS,PS,USW00014734,PJM,PSEG,actual_metered,2025-01-10 11:00:00-05:00,2025-01-11 00:00:00-05:00,False,2025-01-10 07:00:00-05:00,98.917913,2025-01-10 00:00:00-05:00,True,True,1.025946,0.868783,46.36,4959.887,2025-01-11 07:51:00,FM-15,-2.2,-5.0,81.0,3.1,False,False,False,False
51.69458,8,5,True,67.22908,60.38066379166667,2025-01-11 08:00:00-05:00,2025-01-11 13:00:00+00:00,51301,PSEG,PS,PS,USW00014734,PJM,PSEG,actual_metered,2025-01-10 11:00:00-05:00,2025-01-11 00:00:00-05:00,False,2025-01-10 08:00:00-05:00,67.22908,2025-01-10 00:00:00-05:00,True,True,1.2072,0.81738,49.67,4978.804,2025-01-11 08:51:00,FM-15,-1.1,-5.0,75.0,2.6,False,False,False,False
50.913153,9,5,True,61.338955,60.073529916666665,2025-01-11 09:00:00-05:00,2025-01-11 14:00:00+00:00,51301,PSEG,PS,PS,USW00014734,PJM,PSEG,actual_metered,2025-01-10 11:00:00-05:00,2025-01-11 00:00:00-05:00,False,2025-01-10 09:00:00-05:00,61.338955,2025-01-10 00:00:00-05:00,True,True,1.422764,1.000389,48.49,5063.809,2025-01-11 09:51:00,FM-15,-0.6,-5.0,72.0,2.1,False,False,False,False
50.637649,10,5,True,49.513332,59.753942249999994,2025-01-11 10:00:00-05:00,2025-01-11 15:00:00+00:00,51301,PSEG,PS,PS,USW00014734,PJM,PSEG,actual_metered,2025-01-10 11:00:00-05:00,2025-01-11 00:00:00-05:00,False,2025-01-10 10:00:00-05:00,49.513332,2025-01-10 00:00:00-05:00,True,True,1.65903,1.008619,47.97,5009.108,2025-01-11 10:51:00,FM-15,0.0,-4.4,73.0,3.1,False,False,False,False
46.645997,11,5,True,47.635884,59.42970825,2025-01-11 11:00:00-05:00,2025-01-11 16:00:00+00:00,51301,PSEG,PS,PS,USW00014734,PJM,PSEG,actual_metered,2025-01-10 11:00:00-05:00,2025-01-11 00:00:00-05:00,False,2025-01-10 11:00:00-05:00,47.635884,2025-01-10 00:00:00-05:00,True,True,1.356314,0.889683,44.4,4840.93,2025-01-11 11:51:00,FM-15,1.7,-5.0,61.0,5.7,False,False,False,False
42.604365,12,5,True,45.165973,59.211732000000005,2025-01-11 12:00:00-05:00,2025-01-11 17:00:00+00:00,51301,PSEG,PS,PS,USW00014734,PJM,PSEG,actual_metered,2025-01-10 11:00:00-05:00,2025-01-11 00:00:00-05:00,False,2025-01-10 12:00:00-05:00,45.165973,2025-01-10 00:00:00-05:00,True,True,1.228037,1.246328,40.13,4827.563,2025-01-11 12:51:00,FM-15,2.2,-5.6,57.0,6.2,False,False,False,False
40.575468,13,5,True,44.921576,59.266744875,2025-01-11 13:00:00-05:00,2025-01-11 18:00:00+00:00,51301,PSEG,PS,PS,USW00014734,PJM,PSEG,actual_metered,2025-01-10 11:00:00-05:00,2025-01-11 00:00:00-05:00,False,2025-01-10 13:00:00-05:00,44.921576,2025-01-10 00:00:00-05:00,True,True,1.3232,0.972268,38.28,4767.014,2025-01-11 13:51:00,FM-15,2.8,-5.6,54.0,5.1,False,False,False,False
40.06791,14,5,True,45.10031,59.38247504166667,2025-01-11 14:00:00-05:00,2025-01-11 19:00:00+00:00,51301,PSEG,PS,PS,USW00014734,PJM,PSEG,actual_metered,2025-01-10 11:00:00-05:00,2025-01-11 00:00:00-05:00,False,2025-01-10 14:00:00-05:00,45.10031,2025-01-10 00:00:00-05:00,True,True,1.31089,1.05702,37.7,4858.259,2025-01-11 14:51:00,FM-15,2.8,-6.7,50.0,7.2,False,False,False,False
40.188555,15,5,True,46.17138,59.378083583333336,2025-01-11 15:00:00-05:00,2025-01-11 20:00:00+00:00,51301,PSEG,PS,PS,USW00014734,PJM,PSEG,actual_metered,2025-01-10 11:00:00-05:00,2025-01-11 00:00:00-05:00,False,2025-01-10 15:00:00-05:00,46.17138,2025-01-10 00:00:00-05:00,True,True,1.304121,0.844434,38.04,5034.73,2025-01-11 15:51:00,FM-15,2.8,-7.2,48.0,6.2,False,False,False,False
45.944272,16,5,True,49.122188,58.98221337499999,2025-01-11 16:00:00-05:00,2025-01-11 21:00:00+00:00,51301,PSEG,PS,PS,USW00014734,PJM,PSEG,actual_metered,2025-01-10 11:00:00-05:00,2025-01-11 00:00:00-05:00,False,2025-01-10 16:00:00-05:00,49.122188,2025-01-10 00:00:00-05:00,True,True,1.136192,1.31808,43.49,5260.547,2025-01-11 16:51:00,FM-15,1.1,-6.7,56.0,6.7,False,False,False,False
56.874056,17,5,True,60.667838,58.155460166666664,2025-01-11 17:00:00-05:00,2025-01-11 22:00:00+00:00,51301,PSEG,PS,PS,USW00014734,PJM,PSEG,actual_metered,2025-01-10 11:00:00-05:00,2025-01-11 00:00:00-05:00,False,2025-01-10 17:00:00-05:00,60.667838,2025-01-10 00:00:00-05:00,True,True,1.532767,1.921289,53.42,5546.478,2025-01-11 17:51:00,FM-15,0.6,-8.3,52.0,8.2,False,False,False,False
51.791015,18,5,True,49.615553,57.431189625,2025-01-11 18:00:00-05:00,2025-01-11 23:00:00+00:00,51301,PSEG,PS,PS,USW00014734,PJM,PSEG,actual_metered,2025-01-10 11:00:00-05:00,2025-01-11 00:00:00-05:00,False,2025-01-10 18:00:00-05:00,49.615553,2025-01-10 00:00:00-05:00,True,True,0.858531,1.792484,49.14,5673.29,2025-01-11 18:51:00,FM-15,0.6,-8.3,52.0,7.7,False,False,False,False
50.25927,19,5,True,46.382808,56.694156083333326,2025-01-11 19:00:00-05:00,2025-01-12 00:00:00+00:00,51301,PSEG,PS,PS,USW00014734,PJM,PSEG,actual_metered,2025-01-10 11:00:00-05:00,2025-01-11 00:00:00-05:00,False,2025-01-10 19:00:00-05:00,46.382808,2025-01-10 00:00:00-05:00,True,True,0.880586,1.848684,47.53,5678.096,2025-01-11 19:51:00,FM-15,0.0,-9.4,50.0,8.2,False,False,False,False
48.586433,20,5,True,45.183359,56.11546654166667,2025-01-11 20:00:00-05:00,2025-01-12 01:00:00+00:00,51301,PSEG,PS,PS,USW00014734,PJM,PSEG,actual_metered,2025-01-10 11:00:00-05:00,2025-01-11 00:00:00-05:00,False,2025-01-10 20:00:00-05:00,45.183359,2025-01-10 00:00:00-05:00,True,True,0.672159,2.034274,45.88,5596.405,2025-01-11 20:51:00,FM-15,0.0,-8.9,52.0,7.7,False,False,False,False
47.360277,21,5,True,43.677647,55.44327179166667,2025-01-11 21:00:00-05:00,2025-01-12 02:00:00+00:00,51301,PSEG,PS,PS,USW00014734,PJM,PSEG,actual_metered,2025-01-10 11:00:00-05:00,2025-01-11 00:00:00-05:00,False,2025-01-10 21:00:00-05:00,43.677647,2025-01-10 00:00:00-05:00,True,True,0.892241,1.988036,44.48,5504.376,2025-01-11 21:51:00,FM-15,0.0,-8.9,52.0,7.7,False,False,False,False
46.182788,22,5,True,43.186953,54.76020033333333,2025-01-11 22:00:00-05:00,2025-01-12 03:00:00+00:00,51301,PSEG,PS,PS,USW00014734,PJM,PSEG,actual_metered,2025-01-10 11:00:00-05:00,2025-01-11 00:00:00-05:00,False,2025-01-10 22:00:00-05:00,43.186953,2025-01-10 00:00:00-05:00,True,True,1.370187,2.102601,42.71,5231.632,2025-01-11 22:51:00,FM-15,-0.6,-8.9,54.0,5.1,False,False,False,False
44.040323,23,5,True,41.716847,54.09261916666667,2025-01-11 23:00:00-05:00,2025-01-12 04:00:00+00:00,51301,PSEG,PS,PS,USW00014734,PJM,PSEG,actual_metered,2025-01-10 11:00:00-05:00,2025-01-11 00:00:00-05:00,False,2025-01-10 23:00:00-05:00,41.716847,2025-01-10 00:00:00-05:00,True,True,1.798866,2.001457,40.24,4990.161,2025-01-11 23:51:00,FM-15,-0.6,-8.3,56.0,5.1,False,False,False,False
50.118034,0,6,True,46.752026,53.662221625,2025-01-12 00:00:00-05:00,2025-01-12 05:00:00+00:00,51301,PSEG,PS,PS,USW00014734,PJM,PSEG,actual_metered,2025-01-11 11:00:00-05:00,2025-01-12 00:00:00-05:00,False,2025-01-11 00:00:00-05:00,46.752026,2025-01-11 00:00:00-05:00,True,True,1.742725,1.355309,47.02,4799.817,2025-01-12 00:51:00,FM-15,-0.6,-7.8,59.0,4.6,False,False,False,False
46.518984,1,6,True,42.723311,53.21004216666666,2025-01-12 01:00:00-05:00,2025-01-12 06:00:00+00:00,51301,PSEG,PS,PS,USW00014734,PJM,PSEG,actual_metered,2025-01-11 11:00:00-05:00,2025-01-12 00:00:00-05:00,False,2025-01-11 01:00:00-05:00,42.723311,2025-01-11 00:00:00-05:00,True,True,1.361437,1.927547,43.23,4650.707,2025-01-12 01:51:00,FM-15,-1.1,-7.2,64.0,2.1,False,False,False,False
45.719294,2,6,True,40.513397,52.639700500000004,2025-01-12 02:00:00-05:00,2025-01-12 07:00:00+00:00,51301,PSEG,PS,PS,USW00014734,PJM,PSEG,actual_metered,2025-01-11 11:00:00-05:00,2025-01-12 00:00:00-05:00,False,2025-01-11 02:00:00-05:00,40.513397,2025-01-11 00:00:00-05:00,True,True,1.13996,1.479334,43.1,4519.968,2025-01-12 02:51:00,FM-15,0.0,-6.7,61.0,2.6,False,False,False,False
45.676986,3,6,True,40.300375,52.01984116666667,2025-01-12 03:00:00-05:00,2025-01-12 08:00:00+00:00,51301,PSEG,PS,PS,USW00014734,PJM,PSEG,actual_metered,2025-01-11 11:00:00-05:00,2025-01-12 00:00:00-05:00,False,2025-01-11 03:00:00-05:00,40.300375,2025-01-11 00:00:00-05:00,True,True,1.043237,1.343749,43.29,4442.945,2025-01-12 03:51:00,FM-15,1.1,-6.1,59.0,2.1,False,False,False,False
44.998742,4,6,True,39.932606,51.33131804166666,2025-01-12 04:00:00-05:00,2025-01-12 09:00:00+00:00,51301,PSEG,PS,PS,USW00014734,PJM,PSEG,actual_metered,2025-01-11 11:00:00-05:00,2025-01-12 00:00:00-05:00,False,2025-01-11 04:00:00-05:00,39.932606,2025-01-11 00:00:00-05:00,True,True,1.238167,1.270575,42.49,4405.293,2025-01-12 04:51:00,FM-15,1.1,-6.7,56.0,3.6,False,False,False,False
45.195377,5,6,True,40.773558,50.567006916666664,2025-01-12 05:00:00-05:00,2025-01-12 10:00:00+00:00,51301,PSEG,PS,PS,USW00014734,PJM,PSEG,actual_metered,2025-01-11 11:00:00-05:00,2025-01-12 00:00:00-05:00,False,2025-01-11 05:00:00-05:00,40.773558,2025-01-11 00:00:00-05:00,True,True,1.404181,1.811196,41.98,4453.525,2025-01-12 05:51:00,FM-15,0.6,-7.2,56.0,5.1,False,False,False,False
48.282115,6,6,True,43.406667,49.164564000000006,2025-01-12 06:00:00-05:00,2025-01-12 11:00:00+00:00,51301,PSEG,PS,PS,USW00014734,PJM,PSEG,actual_metered,2025-01-11 11:00:00-05:00,2025-01-12 00:00:00-05:00,False,2025-01-11 06:00:00-05:00,43.406667,2025-01-11 00:00:00-05:00,True,True,1.69311,0.579005,46.01,4622.019,2025-01-12 06:51:00,FM-15,0.0,-7.2,59.0,3.1,False,False,False,False
50.121039,7,6,True,48.254729,47.053598,2025-01-12 07:00:00-05:00,2025-01-12 12:00:00+00:00,51301,PSEG,PS,PS,USW00014734,PJM,PSEG,actual_metered,2025-01-11 11:00:00-05:00,2025-01-12 00:00:00-05:00,False,2025-01-11 07:00:00-05:00,48.254729,2025-01-11 00:00:00-05:00,True,True,1.700456,-3.549417,51.97,4735.184,2025-01-12 07:51:00,FM-15,0.6,-7.2,56.0,2.6,False,False,False,False
49.22712,8,6,True,51.69458,46.40632716666667,2025-01-12 08:00:00-05:00,2025-01-12 13:00:00+00:00,51301,PSEG,PS,PS,USW00014734,PJM,PSEG,actual_metered,2025-01-11 11:00:00-05:00,2025-01-12 00:00:00-05:00,False,2025-01-11 08:00:00-05:00,51.69458,2025-01-11 00:00:00-05:00,True,True,1.561356,1.785764,45.88,4572.391,2025-01-12 08:51:00,FM-15,2.2,-6.7,52.0,3.1,False,False,False,False
38.180636,9,6,True,50.913153,45.97191875000001,2025-01-12 09:00:00-05:00,2025-01-12 14:00:00+00:00,51301,PSEG,PS,PS,USW00014734,PJM,PSEG,actual_metered,2025-01-11 11:00:00-05:00,2025-01-12 00:00:00-05:00,False,2025-01-11 09:00:00-05:00,50.913153,2025-01-11 00:00:00-05:00,True,True,1.543697,1.276939,35.36,4341.094,2025-01-12 09:51:00,FM-15,3.3,-6.1,51.0,2.6,False,False,False,False
35.152781,10,6,True,50.637649,46.018765291666675,2025-01-12 10:00:00-05:00,2025-01-12 15:00:00+00:00,51301,PSEG,PS,PS,USW00014734,PJM,PSEG,actual_metered,2025-01-11 11:00:00-05:00,2025-01-12 00:00:00-05:00,False,2025-01-11 10:00:00-05:00,50.637649,2025-01-11 00:00:00-05:00,True,True,2.019378,0.423403,32.71,4140.46,2025-01-12 10:51:00,FM-15,5.0,-6.1,45.0,4.6,False,False,False,False
34.075047,11,6,True,46.645997,45.97752,2025-01-12 11:00:00-05:00,2025-01-12 16:00:00+00:00,51301,PSEG,PS,PS,USW00014734,PJM,PSEG,actual_metered,2025-01-11 11:00:00-05:00,2025-01-12 00:00:00-05:00,False,2025-01-11 11:00:00-05:00,46.645997,2025-01-11 00:00:00-05:00,True,True,2.035347,-0.0103,32.05,4033.619,2025-01-12 11:51:00,FM-15,5.6,-6.1,43.0,4.6,False,False,False,False
32.866342,12,6,True,42.604365,45.870786333333335,2025-01-12 12:00:00-05:00,2025-01-12 17:00:00+00:00,51301,PSEG,PS,PS,USW00014734,PJM,PSEG,actual_metered,2025-01-11 11:00:00-05:00,2025-01-12 00:00:00-05:00,False,2025-01-11 12:00:00-05:00,42.604365,2025-01-11 00:00:00-05:00,True,True,1.875731,0.070611,30.92,4016.075,2025-01-12 12:51:00,FM-15,6.7,-6.1,40.0,4.6,False,False,False,False
31.564224,13,6,True,40.575468,45.6896985,2025-01-12 13:00:00-05:00,2025-01-12 18:00:00+00:00,51301,PSEG,PS,PS,USW00014734,PJM,PSEG,actual_metered,2025-01-11 11:00:00-05:00,2025-01-12 00:00:00-05:00,False,2025-01-11 13:00:00-05:00,40.575468,2025-01-11 00:00:00-05:00,True,True,1.535931,0.118293,29.91,4178.475,2025-01-12 13:51:00,FM-15,7.2,-6.1,39.0,4.1,False,False,False,False
31.771192,14,6,True,40.06791,45.48001516666667,2025-01-12 14:00:00-05:00,2025-01-12 19:00:00+00:00,51301,PSEG,PS,PS,USW00014734,PJM,PSEG,actual_metered,2025-01-11 11:00:00-05:00,2025-01-12 00:00:00-05:00,False,2025-01-11 14:00:00-05:00,40.06791,2025-01-11 00:00:00-05:00,True,True,1.452031,0.169161,30.15,4452.494,2025-01-12 14:51:00,FM-15,6.7,-6.1,40.0,4.1,False,False,False,False
32.892681,15,6,True,40.188555,45.230730791666666,2025-01-12 15:00:00-05:00,2025-01-12 20:00:00+00:00,51301,PSEG,PS,PS,USW00014734,PJM,PSEG,actual_metered,2025-01-11 11:00:00-05:00,2025-01-12 00:00:00-05:00,False,2025-01-11 15:00:00-05:00,40.188555,2025-01-11 00:00:00-05:00,True,True,1.311718,0.090963,31.49,4685.522,2025-01-12 15:51:00,FM-15,5.6,-6.7,41.0,3.1,False,False,False,False
40.822333,16,6,True,45.944272,45.098317625,2025-01-12 16:00:00-05:00,2025-01-12 21:00:00+00:00,51301,PSEG,PS,PS,USW00014734,PJM,PSEG,actual_metered,2025-01-11 11:00:00-05:00,2025-01-12 00:00:00-05:00,False,2025-01-11 16:00:00-05:00,45.944272,2025-01-11 00:00:00-05:00,True,True,1.761361,0.490972,38.57,4998.381,2025-01-12 16:51:00,FM-15,5.0,-6.7,43.0,4.1,False,False,False,False
56.641767,17,6,True,56.874056,44.940243375,2025-01-12 17:00:00-05:00,2025-01-12 22:00:00+00:00,51301,PSEG,PS,PS,USW00014734,PJM,PSEG,actual_metered,2025-01-11 11:00:00-05:00,2025-01-12 00:00:00-05:00,False,2025-01-11 17:00:00-05:00,56.874056,2025-01-11 00:00:00-05:00,True,True,2.487098,2.184669,51.97,5330.629,2025-01-12 17:51:00,FM-15,5.0,-6.7,43.0,3.1,False,False,False,False
53.352931,18,6,True,51.791015,45.030887625,2025-01-12 18:00:00-05:00,2025-01-12 23:00:00+00:00,51301,PSEG,PS,PS,USW00014734,PJM,PSEG,actual_metered,2025-01-11 11:00:00-05:00,2025-01-12 00:00:00-05:00,False,2025-01-11 18:00:00-05:00,51.791015,2025-01-11 00:00:00-05:00,True,True,1.550252,1.872679,49.93,5456.156,2025-01-12 18:51:00,FM-15,4.4,-6.7,45.0,1.5,False,False,False,False
51.480588,19,6,True,50.25927,45.19240687500001,2025-01-12 19:00:00-05:00,2025-01-13 00:00:00+00:00,51301,PSEG,PS,PS,USW00014734,PJM,PSEG,actual_metered,2025-01-11 11:00:00-05:00,2025-01-12 00:00:00-05:00,False,2025-01-11 19:00:00-05:00,50.25927,2025-01-11 00:00:00-05:00,True,True,1.426671,1.493917,48.56,5341.861,2025-01-12 19:51:00,FM-15,3.3,-6.7,48.0,0.0,False,False,False,False
50.663556,20,6,True,48.586433,45.334201625,2025-01-12 20:00:00-05:00,2025-01-13 01:00:00+00:00,51301,PSEG,PS,PS,USW00014734,PJM,PSEG,actual_metered,2025-01-11 11:00:00-05:00,2025-01-12 00:00:00-05:00,False,2025-01-11 20:00:00-05:00,48.586433,2025-01-11 00:00:00-05:00,True,True,1.225248,2.048308,47.39,5262.816,2025-01-12 20:51:00,FM-15,1.7,-6.1,57.0,2.6,False,False,False,False
46.778614,21,6,True,47.360277,45.48764454166667,2025-01-12 21:00:00-05:00,2025-01-13 02:00:00+00:00,51301,PSEG,PS,PS,USW00014734,PJM,PSEG,actual_metered,2025-01-11 11:00:00-05:00,2025-01-12 00:00:00-05:00,False,2025-01-11 21:00:00-05:00,47.360277,2025-01-11 00:00:00-05:00,True,True,1.128805,1.849809,43.8,5109.556,2025-01-12 21:51:00,FM-15,3.3,-6.1,51.0,3.6,False,False,False,False
45.082598,22,6,True,46.182788,45.612471000000006,2025-01-12 22:00:00-05:00,2025-01-13 03:00:00+00:00,51301,PSEG,PS,PS,USW00014734,PJM,PSEG,actual_metered,2025-01-11 11:00:00-05:00,2025-01-12 00:00:00-05:00,False,2025-01-11 22:00:00-05:00,46.182788,2025-01-11 00:00:00-05:00,True,True,1.379035,1.923563,41.78,4889.41,2025-01-12 22:51:00,FM-15,3.3,-6.1,51.0,3.1,False,False,False,False
43.487909,23,6,True,44.040323,45.7092825,2025-01-12 23:00:00-05:00,2025-01-13 04:00:00+00:00,51301,PSEG,PS,PS,USW00014734,PJM,PSEG,actual_metered,2025-01-11 11:00:00-05:00,2025-01-12 00:00:00-05:00,False,2025-01-11 23:00:00-05:00,44.040323,2025-01-11 00:00:00-05:00,True,True,1.332133,1.745776,40.41,4639.208,2025-01-12 23:51:00,FM-15,2.8,-6.1,52.0,3.6,False,False,False,False
39.29886,0,0,False,50.118034,45.84953283333334,2025-01-13 00:00:00-05:00,2025-01-13 05:00:00+00:00,51301,PSEG,PS,PS,USW00014734,PJM,PSEG,actual_metered,2025-01-12 11:00:00-05:00,2025-01-13 00:00:00-05:00,False,2025-01-12 00:00:00-05:00,50.118034,2025-01-12 00:00:00-05:00,True,True,1.476114,1.462746,36.36,4444.118,2025-01-13 00:51:00,FM-15,2.2,-6.1,55.0,2.6,False,False,False,False
37.72586,1,0,False,46.518984,46.007685875,2025-01-13 01:00:00-05:00,2025-01-13 06:00:00+00:00,51301,PSEG,PS,PS,USW00014734,PJM,PSEG,actual_metered,2025-01-12 11:00:00-05:00,2025-01-13 00:00:00-05:00,False,2025-01-12 01:00:00-05:00,46.518984,2025-01-12 00:00:00-05:00,True,True,1.286837,1.159023,35.28,4324.378,2025-01-13 01:51:00,FM-15,0.6,-6.1,61.0,2.1,False,False,False,False
37.317749,2,0,False,45.719294,46.22459824999999,2025-01-13 02:00:00-05:00,2025-01-13 07:00:00+00:00,51301,PSEG,PS,PS,USW00014734,PJM,PSEG,actual_metered,2025-01-12 11:00:00-05:00,2025-01-13 00:00:00-05:00,False,2025-01-12 02:00:00-05:00,45.719294,2025-01-12 00:00:00-05:00,True,True,0.992576,1.075173,35.25,4276.074,2025-01-13 02:51:00,FM-15,1.1,-6.1,59.0,1.5,False,False,False,False
36.879226,3,0,False,45.676986,46.448623708333336,2025-01-13 03:00:00-05:00,2025-01-13 08:00:00+00:00,51301,PSEG,PS,PS,USW00014734,PJM,PSEG,actual_metered,2025-01-12 11:00:00-05:00,2025-01-13 00:00:00-05:00,False,2025-01-12 03:00:00-05:00,45.676986,2025-01-12 00:00:00-05:00,True,True,1.001854,0.737372,35.14,4280.044,2025-01-13 03:51:00,FM-15,1.1,-5.6,61.0,2.1,False,False,False,False
38.379949,4,0,False,44.998742,46.65971270833334,2025-01-13 04:00:00-05:00,2025-01-13 09:00:00+00:00,51301,PSEG,PS,PS,USW00014734,PJM,PSEG,actual_metered,2025-01-12 11:00:00-05:00,2025-01-13 00:00:00-05:00,False,2025-01-12 04:00:00-05:00,44.998742,2025-01-12 00:00:00-05:00,True,True,0.994259,0.38569,37.0,4388.515,2025-01-13 04:51:00,FM-15,-0.6,-7.2,61.0,2.1,False,False,False,False
42.297756,5,0,False,45.195377,46.84395516666667,2025-01-13 05:00:00-05:00,2025-01-13 10:00:00+00:00,51301,PSEG,PS,PS,USW00014734,PJM,PSEG,actual_metered,2025-01-12 11:00:00-05:00,2025-01-13 00:00:00-05:00,False,2025-01-12 05:00:00-05:00,45.195377,2025-01-12 00:00:00-05:00,True,True,1.196481,-1.068725,42.17,4655.33,2025-01-13 05:51:00,FM-15,-0.6,-5.6,69.0,2.6,False,False,False,False
64.452034,6,0,False,48.282115,47.04709883333334,2025-01-13 06:00:00-05:00,2025-01-13 11:00:00+00:00,51301,PSEG,PS,PS,USW00014734,PJM,PSEG,actual_metered,2025-01-12 11:00:00-05:00,2025-01-13 00:00:00-05:00,False,2025-01-12 06:00:00-05:00,48.282115,2025-01-12 00:00:00-05:00,True,True,1.991388,-1.309354,63.77,5113.531,2025-01-13 06:51:00,FM-15,-0.6,-6.1,67.0,3.6,False,False,False,False
78.667123,7,0,False,50.121039,47.12486175,2025-01-13 07:00:00-05:00,2025-01-13 12:00:00+00:00,51301,PSEG,PS,PS,USW00014734,PJM,PSEG,actual_metered,2025-01-12 11:00:00-05:00,2025-01-13 00:00:00-05:00,False,2025-01-12 07:00:00-05:00,50.121039,2025-01-12 00:00:00-05:00,True,True,1.630773,0.47635,76.56,5459.945,2025-01-13 07:51:00,FM-15,-0.6,-6.1,67.0,4.6,False,False,False,False
54.917944,8,0,False,49.22712,47.022050916666664,2025-01-13 08:00:00-05:00,2025-01-13 13:00:00+00:00,51301,PSEG,PS,PS,USW00014734,PJM,PSEG,actual_metered,2025-01-12 11:00:00-05:00,2025-01-13 00:00:00-05:00,False,2025-01-12 08:00:00-05:00,49.22712,2025-01-12 00:00:00-05:00,True,True,1.125237,-0.957293,54.75,5364.119,2025-01-13 08:51:00,FM-15,0.6,-5.6,64.0,4.6,False,False,False,False
43.579184,9,0,False,38.180636,46.491529375,2025-01-13 09:00:00-05:00,2025-01-13 14:00:00+00:00,51301,PSEG,PS,PS,USW00014734,PJM,PSEG,actual_metered,2025-01-12 11:00:00-05:00,2025-01-13 00:00:00-05:00,False,2025-01-12 09:00:00-05:00,38.180636,2025-01-12 00:00:00-05:00,True,True,1.057937,1.221247,41.3,5442.773,2025-01-13 09:51:00,FM-15,1.7,-5.6,59.0,3.6,False,False,False,False
42.495496,10,0,False,35.152781,45.84632654166666,2025-01-13 10:00:00-05:00,2025-01-13 15:00:00+00:00,51301,PSEG,PS,PS,USW00014734,PJM,PSEG,actual_metered,2025-01-12 11:00:00-05:00,2025-01-13 00:00:00-05:00,False,2025-01-12 10:00:00-05:00,35.152781,2025-01-12 00:00:00-05:00,True,True,1.182355,1.053141,40.26,5380.684,2025-01-13 10:51:00,FM-15,3.3,-6.1,51.0,5.1,False,False,False,False
39.251149,11,0,False,34.075047,45.32253695833334,2025-01-13 11:00:00-05:00,2025-01-13 16:00:00+00:00,51301,PSEG,PS,PS,USW00014734,PJM,PSEG,actual_metered,2025-01-12 11:00:00-05:00,2025-01-13 00:00:00-05:00,False,2025-01-12 11:00:00-05:00,34.075047,2025-01-12 00:00:00-05:00,True,True,1.244092,0.987057,37.02,5353.032,2025-01-13 11:51:00,FM-15,4.4,-6.1,47.0,4.1,False,False,False,False
37.299584,12,0,False,32.866342,44.916786,2025-01-13 12:00:00-05:00,2025-01-13 17:00:00+00:00,51301,PSEG,PS,PS,USW00014734,PJM,PSEG,actual_metered,2025-01-12 11:00:00-05:00,2025-01-13 00:00:00-05:00,False,2025-01-12 12:00:00-05:00,32.866342,2025-01-12 00:00:00-05:00,True,True,1.376866,1.062718,34.86,5297.872,2025-01-13 12:51:00,FM-15,5.0,-6.1,45.0,5.1,False,False,False,False
35.281609,13,0,False,31.564224,44.5413175,2025-01-13 13:00:00-05:00,2025-01-13 18:00:00+00:00,51301,PSEG,PS,PS,USW00014734,PJM,PSEG,actual_metered,2025-01-12 11:00:00-05:00,2025-01-13 00:00:00-05:00,False,2025-01-12 13:00:00-05:00,31.564224,2025-01-12 00:00:00-05:00,True,True,1.378616,0.982993,32.92,5419.356,2025-01-13 13:51:00,FM-15,5.0,-6.1,45.0,6.7,False,False,False,False
34.792096,14,0,False,31.771192,44.19562091666666,2025-01-13 14:00:00-05:00,2025-01-13 19:00:00+00:00,51301,PSEG,PS,PS,USW00014734,PJM,PSEG,actual_metered,2025-01-12 11:00:00-05:00,2025-01-13 00:00:00-05:00,False,2025-01-12 14:00:00-05:00,31.771192,2025-01-12 00:00:00-05:00,True,True,1.45964,0.982456,32.35,5178.42,2025-01-13 14:51:00,FM-15,6.7,-5.6,41.0,8.8,False,False,False,False
34.961024,15,0,False,32.892681,43.89162616666667,2025-01-13 15:00:00-05:00,2025-01-13 20:00:00+00:00,51301,PSEG,PS,PS,USW00014734,PJM,PSEG,actual_metered,2025-01-12 11:00:00-05:00,2025-01-13 00:00:00-05:00,False,2025-01-12 15:00:00-05:00,32.892681,2025-01-12 00:00:00-05:00,True,True,1.408302,0.882722,32.67,5226.97,2025-01-13 15:51:00,FM-15,6.1,-5.6,43.0,6.2,False,False,False,False
41.916237,16,0,False,40.822333,43.678212041666676,2025-01-13 16:00:00-05:00,2025-01-13 21:00:00+00:00,51301,PSEG,PS,PS,USW00014734,PJM,PSEG,actual_metered,2025-01-12 11:00:00-05:00,2025-01-13 00:00:00-05:00,False,2025-01-12 16:00:00-05:00,40.822333,2025-01-12 00:00:00-05:00,True,True,1.308536,1.377701,39.23,5482.375,2025-01-13 16:51:00,FM-15,5.6,-5.6,45.0,5.1,False,False,False,False
62.289892,17,0,False,56.641767,43.66853333333333,2025-01-13 17:00:00-05:00,2025-01-13 22:00:00+00:00,51301,PSEG,PS,PS,USW00014734,PJM,PSEG,actual_metered,2025-01-12 11:00:00-05:00,2025-01-13 00:00:00-05:00,False,2025-01-12 17:00:00-05:00,56.641767,2025-01-12 00:00:00-05:00,True,True,2.595319,2.194573,57.5,5737.811,2025-01-13 17:51:00,FM-15,5.0,-6.1,45.0,5.1,False,False,False,False
56.06987,18,0,False,53.352931,43.733613166666665,2025-01-13 18:00:00-05:00,2025-01-13 23:00:00+00:00,51301,PSEG,PS,PS,USW00014734,PJM,PSEG,actual_metered,2025-01-12 11:00:00-05:00,2025-01-13 00:00:00-05:00,False,2025-01-12 18:00:00-05:00,53.352931,2025-01-12 00:00:00-05:00,True,True,1.910298,0.589572,53.57,5735.534,2025-01-13 18:51:00,FM-15,3.9,-6.1,48.0,3.6,False,False,False,False
53.000606,19,0,False,51.480588,43.78450141666667,2025-01-13 19:00:00-05:00,2025-01-14 00:00:00+00:00,51301,PSEG,PS,PS,USW00014734,PJM,PSEG,actual_metered,2025-01-12 11:00:00-05:00,2025-01-13 00:00:00-05:00,False,2025-01-12 19:00:00-05:00,51.480588,2025-01-12 00:00:00-05:00,True,True,1.829627,0.420979,50.75,5734.784,2025-01-13 19:51:00,FM-15,3.3,-6.1,51.0,3.6,False,False,False,False
51.300156,20,0,False,50.663556,43.87104820833333,2025-01-13 20:00:00-05:00,2025-01-14 01:00:00+00:00,51301,PSEG,PS,PS,USW00014734,PJM,PSEG,actual_metered,2025-01-12 11:00:00-05:00,2025-01-13 00:00:00-05:00,False,2025-01-12 20:00:00-05:00,50.663556,2025-01-12 00:00:00-05:00,True,True,1.926323,-0.316167,49.69,5661.68,2025-01-13 20:51:00,FM-15,2.8,-6.1,52.0,3.6,False,False,False,False
46.662531,21,0,False,46.778614,43.84681225,2025-01-13 21:00:00-05:00,2025-01-14 02:00:00+00:00,51301,PSEG,PS,PS,USW00014734,PJM,PSEG,actual_metered,2025-01-12 11:00:00-05:00,2025-01-13 00:00:00-05:00,False,2025-01-12 21:00:00-05:00,46.778614,2025-01-12 00:00:00-05:00,True,True,1.528055,0.134476,45.0,5414.893,2025-01-13 21:51:00,FM-15,2.8,-7.2,48.0,4.1,False,False,False,False
43.602895,22,0,False,45.082598,43.800971000000004,2025-01-13 22:00:00-05:00,2025-01-14 03:00:00+00:00,51301,PSEG,PS,PS,USW00014734,PJM,PSEG,actual_metered,2025-01-12 11:00:00-05:00,2025-01-13 00:00:00-05:00,False,2025-01-12 22:00:00-05:00,45.082598,2025-01-12 00:00:00-05:00,True,True,1.807159,0.125736,41.67,5166.314,2025-01-13 22:51:00,FM-15,1.7,-7.8,50.0,3.6,False,False,False,False
39.832498,23,0,False,43.487909,43.777953749999995,2025-01-13 23:00:00-05:00,2025-01-14 04:00:00+00:00,51301,PSEG,PS,PS,USW00014734,PJM,PSEG,actual_metered,2025-01-12 11:00:00-05:00,2025-01-13 00:00:00-05:00,False,2025-01-12 23:00:00-05:00,43.487909,2025-01-12 00:00:00-05:00,True,True,1.420358,-0.75786,39.17,4884.155,2025-01-13 23:51:00,FM-15,1.7,-10.0,42.0,4.6,False,False,False,False
41.310401,0,1,False,39.29886,43.32715483333333,2025-01-14 00:00:00-05:00,2025-01-14 05:00:00+00:00,51301,PSEG,PS,PS,USW00014734,PJM,PSEG,actual_metered,2025-01-13 11:00:00-05:00,2025-01-14 00:00:00-05:00,False,2025-01-13 00:00:00-05:00,39.29886,2025-01-13 00:00:00-05:00,True,True,1.627707,-0.567306,40.25,4781.109,2025-01-14 00:51:00,FM-15,1.1,-10.6,42.0,2.6,False,False,False,False
43.033696,1,1,False,37.72586,42.96077466666666,2025-01-14 01:00:00-05:00,2025-01-14 06:00:00+00:00,51301,PSEG,PS,PS,USW00014734,PJM,PSEG,actual_metered,2025-01-13 11:00:00-05:00,2025-01-14 00:00:00-05:00,False,2025-01-13 01:00:00-05:00,37.72586,2025-01-13 00:00:00-05:00,True,True,1.259406,-1.01571,42.79,4664.307,2025-01-14 01:51:00,FM-15,0.0,-9.4,50.0,2.1,False,False,False,False
42.654304,2,1,False,37.317749,42.61071029166666,2025-01-14 02:00:00-05:00,2025-01-14 07:00:00+00:00,51301,PSEG,PS,PS,USW00014734,PJM,PSEG,actual_metered,2025-01-13 11:00:00-05:00,2025-01-14 00:00:00-05:00,False,2025-01-13 02:00:00-05:00,37.317749,2025-01-13 00:00:00-05:00,True,True,1.320886,-1.966582,43.3,4608.093,2025-01-14 02:51:00,FM-15,-1.1,-9.4,54.0,2.6,False,False,False,False
42.755699,3,1,False,36.879226,42.244136958333335,2025-01-14 03:00:00-05:00,2025-01-14 08:00:00+00:00,51301,PSEG,PS,PS,USW00014734,PJM,PSEG,actual_metered,2025-01-13 11:00:00-05:00,2025-01-14 00:00:00-05:00,False,2025-01-13 03:00:00-05:00,36.879226,2025-01-13 00:00:00-05:00,True,True,1.292418,-2.136719,43.6,4606.735,2025-01-14 03:51:00,FM-15,-1.1,-10.0,51.0,4.1,False,False,False,False
48.058977,4,1,False,38.379949,41.968353916666665,2025-01-14 04:00:00-05:00,2025-01-14 09:00:00+00:00,51301,PSEG,PS,PS,USW00014734,PJM,PSEG,actual_metered,2025-01-13 11:00:00-05:00,2025-01-14 00:00:00-05:00,False,2025-01-13 04:00:00-05:00,38.379949,2025-01-13 00:00:00-05:00,True,True,1.257697,-2.30872,49.11,4712.594,2025-01-14 04:51:00,FM-15,-1.1,-11.7,45.0,3.6,False,False,False,False
54.125643,5,1,False,42.297756,41.84761970833333,2025-01-14 05:00:00-05:00,2025-01-14 10:00:00+00:00,51301,PSEG,PS,PS,USW00014734,PJM,PSEG,actual_metered,2025-01-13 11:00:00-05:00,2025-01-14 00:00:00-05:00,False,2025-01-13 05:00:00-05:00,42.297756,2025-01-13 00:00:00-05:00,True,True,1.193533,-4.68789,57.62,4959.99,2025-01-14 05:51:00,FM-15,-1.7,-12.2,45.0,5.7,False,False,False,False
59.718481,6,1,False,64.452034,42.52136633333333,2025-01-14 06:00:00-05:00,2025-01-14 11:00:00+00:00,51301,PSEG,PS,PS,USW00014734,PJM,PSEG,actual_metered,2025-01-13 11:00:00-05:00,2025-01-14 00:00:00-05:00,False,2025-01-13 06:00:00-05:00,64.452034,2025-01-13 00:00:00-05:00,True,True,2.258803,-12.210322,69.67,5388.981,2025-01-14 06:51:00,FM-15,-1.7,-13.9,39.0,7.7,False,False,False,False
88.033135,7,1,False,78.667123,43.710786500000005,2025-01-14 07:00:00-05:00,2025-01-14 12:00:00+00:00,51301,PSEG,PS,PS,USW00014734,PJM,PSEG,actual_metered,2025-01-13 11:00:00-05:00,2025-01-14 00:00:00-05:00,False,2025-01-13 07:00:00-05:00,78.667123,2025-01-13 00:00:00-05:00,True,True,2.91705,-9.533915,94.65,5674.4,2025-01-14 07:51:00,FM-15,-1.7,-14.4,38.0,5.7,False,False,False,False
57.932415,8,1,False,54.917944,43.94790416666667,2025-01-14 08:00:00-05:00,2025-01-14 13:00:00+00:00,51301,PSEG,PS,PS,USW00014734,PJM,PSEG,actual_metered,2025-01-13 11:00:00-05:00,2025-01-14 00:00:00-05:00,False,2025-01-13 08:00:00-05:00,54.917944,2025-01-13 00:00:00-05:00,True,True,1.480875,-0.88846,57.34,5585.607,2025-01-14 08:51:00,FM-15,-1.1,-14.4,36.0,7.2,False,False,False,False
47.625564,9,1,False,43.579184,44.172843666666665,2025-01-14 09:00:00-05:00,2025-01-14 14:00:00+00:00,51301,PSEG,PS,PS,USW00014734,PJM,PSEG,actual_metered,2025-01-13 11:00:00-05:00,2025-01-14 00:00:00-05:00,False,2025-01-13 09:00:00-05:00,43.579184,2025-01-13 00:00:00-05:00,True,True,1.603504,0.69206,45.33,5311.965,2025-01-14 09:51:00,FM-15,-0.6,-15.0,33.0,7.7,False,False,False,False
50.092265,10,1,False,42.495496,44.478790124999996,2025-01-14 10:00:00-05:00,2025-01-14 15:00:00+00:00,51301,PSEG,PS,PS,USW00014734,PJM,PSEG,actual_metered,2025-01-13 11:00:00-05:00,2025-01-14 00:00:00-05:00,False,2025-01-13 10:00:00-05:00,42.495496,2025-01-13 00:00:00-05:00,True,True,1.944219,1.008046,47.14,5056.482,2025-01-14 10:51:00,FM-15,0.0,-14.4,33.0,7.7,False,False,False,False
47.834693,11,1,False,39.251149,44.69446104166666,2025-01-14 11:00:00-05:00,2025-01-14 16:00:00+00:00,51301,PSEG,PS,PS,USW00014734,PJM,PSEG,actual_metered,2025-01-13 11:00:00-05:00,2025-01-14 00:00:00-05:00,False,2025-01-13 11:00:00-05:00,39.251149,2025-01-13 00:00:00-05:00,True,True,1.755224,1.189469,44.89,4919.1,2025-01-14 11:51:00,FM-15,0.6,-13.9,33.0,8.8,False,False,False,False
46.196876,12,1,False,37.299584,44.87917945833333,2025-01-14 12:00:00-05:00,2025-01-14 17:00:00+00:00,51301,PSEG,PS,PS,USW00014734,PJM,PSEG,actual_metered,2025-01-13 11:00:00-05:00,2025-01-14 00:00:00-05:00,False,2025-01-13 12:00:00-05:00,37.299584,2025-01-13 00:00:00-05:00,True,True,1.831101,1.365775,43.0,4857.048,2025-01-14 12:51:00,FM-15,1.1,-14.4,31.0,6.7,False,False,False,False
44.645626,13,1,False,35.281609,45.03407049999999,2025-01-14 13:00:00-05:00,2025-01-14 18:00:00+00:00,51301,PSEG,PS,PS,USW00014734,PJM,PSEG,actual_metered,2025-01-13 11:00:00-05:00,2025-01-14 00:00:00-05:00,False,2025-01-13 13:00:00-05:00,35.281609,2025-01-13 00:00:00-05:00,True,True,1.577516,1.38811,41.68,4922.504,2025-01-14 13:51:00,FM-15,1.1,-14.4,31.0,6.7,False,False,False,False
44.163456,14,1,False,34.792096,45.1599415,2025-01-14 14:00:00-05:00,2025-01-14 19:00:00+00:00,51301,PSEG,PS,PS,USW00014734,PJM,PSEG,actual_metered,2025-01-13 11:00:00-05:00,2025-01-14 00:00:00-05:00,False,2025-01-13 14:00:00-05:00,34.792096,2025-01-13 00:00:00-05:00,True,True,1.662769,1.390687,41.11,5115.929,2025-01-14 14:51:00,FM-15,1.1,-14.4,31.0,8.2,False,False,False,False
47.072681,15,1,False,34.961024,45.24612245833333,2025-01-14 15:00:00-05:00,2025-01-14 20:00:00+00:00,51301,PSEG,PS,PS,USW00014734,PJM,PSEG,actual_metered,2025-01-13 11:00:00-05:00,2025-01-14 00:00:00-05:00,False,2025-01-13 15:00:00-05:00,34.961024,2025-01-13 00:00:00-05:00,True,True,1.820269,1.452412,43.8,5486.585,2025-01-14 15:51:00,FM-15,0.0,-15.0,32.0,8.2,False,False,False,False
65.35983,16,1,False,41.916237,45.29170179166666,2025-01-14 16:00:00-05:00,2025-01-14 21:00:00+00:00,51301,PSEG,PS,PS,USW00014734,PJM,PSEG,actual_metered,2025-01-13 11:00:00-05:00,2025-01-14 00:00:00-05:00,False,2025-01-13 16:00:00-05:00,41.916237,2025-01-13 00:00:00-05:00,True,True,2.374244,7.645586,55.34,5830.171,2025-01-14 16:51:00,FM-15,-0.6,-15.0,33.0,6.2,False,False,False,False
103.942595,17,1,False,62.289892,45.52704033333333,2025-01-14 17:00:00-05:00,2025-01-14 22:00:00+00:00,51301,PSEG,PS,PS,USW00014734,PJM,PSEG,actual_metered,2025-01-13 11:00:00-05:00,2025-01-14 00:00:00-05:00,False,2025-01-13 17:00:00-05:00,62.289892,2025-01-13 00:00:00-05:00,True,True,3.743266,11.719329,88.48,6149.79,2025-01-14 17:51:00,FM-15,-0.6,-15.6,31.0,7.7,False,False,False,False
84.499917,18,1,False,56.06987,45.640246125,2025-01-14 18:00:00-05:00,2025-01-14 23:00:00+00:00,51301,PSEG,PS,PS,USW00014734,PJM,PSEG,actual_metered,2025-01-13 11:00:00-05:00,2025-01-14 00:00:00-05:00,False,2025-01-13 18:00:00-05:00,56.06987,2025-01-13 00:00:00-05:00,True,True,2.109864,9.910053,72.48,6175.877,2025-01-14 18:51:00,FM-15,-0.6,-15.0,33.0,6.7,False,False,False,False
74.84269,19,1,False,53.000606,45.703580208333335,2025-01-14 19:00:00-05:00,2025-01-15 00:00:00+00:00,51301,PSEG,PS,PS,USW00014734,PJM,PSEG,actual_metered,2025-01-13 11:00:00-05:00,2025-01-14 00:00:00-05:00,False,2025-01-13 19:00:00-05:00,53.000606,2025-01-13 00:00:00-05:00,True,True,1.750043,6.652647,66.44,6038.615,2025-01-14 19:51:00,FM-15,-1.1,-15.0,34.0,7.2,False,False,False,False
69.685641,20,1,False,51.300156,45.730105208333335,2025-01-14 20:00:00-05:00,2025-01-15 01:00:00+00:00,51301,PSEG,PS,PS,USW00014734,PJM,PSEG,actual_metered,2025-01-13 11:00:00-05:00,2025-01-14 00:00:00-05:00,False,2025-01-13 20:00:00-05:00,51.300156,2025-01-13 00:00:00-05:00,True,True,1.399766,6.025875,62.26,5924.252,2025-01-14 20:51:00,FM-15,-1.7,-13.9,39.0,7.7,False,False,False,False
65.793037,21,1,False,46.662531,45.725268416666665,2025-01-14 21:00:00-05:00,2025-01-15 02:00:00+00:00,51301,PSEG,PS,PS,USW00014734,PJM,PSEG,actual_metered,2025-01-13 11:00:00-05:00,2025-01-14 00:00:00-05:00,False,2025-01-13 21:00:00-05:00,46.662531,2025-01-13 00:00:00-05:00,True,True,1.457149,4.445888,59.89,5773.693,2025-01-14 21:51:00,FM-15,-2.8,-12.8,46.0,6.7,False,False,False,False
61.15207,22,1,False,43.602895,45.663614125,2025-01-14 22:00:00-05:00,2025-01-15 03:00:00+00:00,51301,PSEG,PS,PS,USW00014734,PJM,PSEG,actual_metered,2025-01-13 11:00:00-05:00,2025-01-14 00:00:00-05:00,False,2025-01-13 22:00:00-05:00,43.602895,2025-01-13 00:00:00-05:00,True,True,1.565804,2.186266,57.4,5520.973,2025-01-14 22:51:00,FM-15,-3.3,-12.2,51.0,6.7,False,False,False,False
55.07477,23,1,False,39.832498,45.51130533333333,2025-01-14 23:00:00-05:00,2025-01-15 04:00:00+00:00,51301,PSEG,PS,PS,USW00014734,PJM,PSEG,actual_metered,2025-01-13 11:00:00-05:00,2025-01-14 00:00:00-05:00,False,2025-01-13 23:00:00-05:00,39.832498,2025-01-13 00:00:00-05:00,True,True,1.44686,-3.15209,56.78,5255.583,2025-01-14 23:51:00,FM-15,-3.9,-12.2,53.0,6.2,False,False,False,False
52.70917,0,2,False,41.310401,45.59511954166666,2025-01-15 00:00:00-05:00,2025-01-15 05:00:00+00:00,51301,PSEG,PS,PS,USW00014734,PJM,PSEG,actual_metered,2025-01-14 11:00:00-05:00,2025-01-15 00:00:00-05:00,False,2025-01-14 00:00:00-05:00,41.310401,2025-01-14 00:00:00-05:00,True,True,0.880408,1.198762,50.63,5053.497,2025-01-15 00:51:00,FM-15,-4.4,-14.4,46.0,7.2,False,False,False,False
52.139026,1,2,False,43.033696,45.816279375,2025-01-15 01:00:00-05:00,2025-01-15 06:00:00+00:00,51301,PSEG,PS,PS,USW00014734,PJM,PSEG,actual_metered,2025-01-14 11:00:00-05:00,2025-01-15 00:00:00-05:00,False,2025-01-14 01:00:00-05:00,43.033696,2025-01-14 00:00:00-05:00,True,True,0.186235,1.622791,50.33,4941.397,2025-01-15 01:51:00,FM-15,-4.4,-15.6,42.0,10.3,False,False,False,False
51.432849,2,2,False,42.654304,46.03863583333333,2025-01-15 02:00:00-05:00,2025-01-15 07:00:00+00:00,51301,PSEG,PS,PS,USW00014734,PJM,PSEG,actual_metered,2025-01-14 11:00:00-05:00,2025-01-15 00:00:00-05:00,False,2025-01-14 02:00:00-05:00,42.654304,2025-01-14 00:00:00-05:00,True,True,0.113148,1.619701,49.7,4878.054,2025-01-15 02:51:00,FM-15,-5.0,-15.6,44.0,4.1,False,False,False,False
53.176943,3,2,False,42.755699,46.283488874999996,2025-01-15 03:00:00-05:00,2025-01-15 08:00:00+00:00,51301,PSEG,PS,PS,USW00014734,PJM,PSEG,actual_metered,2025-01-14 11:00:00-05:00,2025-01-15 00:00:00-05:00,False,2025-01-14 03:00:00-05:00,42.755699,2025-01-14 00:00:00-05:00,True,True,0.179085,0.847858,52.15,4854.833,2025-01-15 03:51:00,FM-15,-5.6,-15.0,48.0,7.2,False,False,False,False
53.151321,4,2,False,48.058977,46.686781708333335,2025-01-15 04:00:00-05:00,2025-01-15 09:00:00+00:00,51301,PSEG,PS,PS,USW00014734,PJM,PSEG,actual_metered,2025-01-14 11:00:00-05:00,2025-01-15 00:00:00-05:00,False,2025-01-14 04:00:00-05:00,48.058977,2025-01-14 00:00:00-05:00,True,True,-0.016822,0.488143,52.68,4937.863,2025-01-15 04:51:00,FM-15,-5.6,-14.4,50.0,5.7,False,False,False,False
53.534834,5,2,False,54.125643,47.179610333333336,2025-01-15 05:00:00-05:00,2025-01-15 10:00:00+00:00,51301,PSEG,PS,PS,USW00014734,PJM,PSEG,actual_metered,2025-01-14 11:00:00-05:00,2025-01-15 00:00:00-05:00,False,2025-01-14 05:00:00-05:00,54.125643,2025-01-14 00:00:00-05:00,True,True,-0.245985,-2.479181,56.26,5156.523,2025-01-15 05:51:00,FM-15,-5.6,-13.9,52.0,5.7,False,False,False,False
59.255352,6,2,False,59.718481,46.98237895833333,2025-01-15 06:00:00-05:00,2025-01-15 11:00:00+00:00,51301,PSEG,PS,PS,USW00014734,PJM,PSEG,actual_metered,2025-01-14 11:00:00-05:00,2025-01-15 00:00:00-05:00,False,2025-01-14 06:00:00-05:00,59.718481,2025-01-14 00:00:00-05:00,True,True,-0.209107,-12.695541,72.16,5553.92,2025-01-15 06:51:00,FM-15,-5.6,-13.3,55.0,5.7,False,False,False,False
81.720604,7,2,False,88.033135,47.372629458333336,2025-01-15 07:00:00-05:00,2025-01-15 12:00:00+00:00,51301,PSEG,PS,PS,USW00014734,PJM,PSEG,actual_metered,2025-01-14 11:00:00-05:00,2025-01-15 00:00:00-05:00,False,2025-01-14 07:00:00-05:00,88.033135,2025-01-14 00:00:00-05:00,True,True,0.142657,-15.732053,97.31,5830.434,2025-01-15 07:51:00,FM-15,-4.4,-12.8,52.0,4.6,False,False,False,False
59.466951,8,2,False,57.932415,47.49823241666667,2025-01-15 08:00:00-05:00,2025-01-15 13:00:00+00:00,51301,PSEG,PS,PS,USW00014734,PJM,PSEG,actual_metered,2025-01-14 11:00:00-05:00,2025-01-15 00:00:00-05:00,False,2025-01-14 08:00:00-05:00,57.932415,2025-01-14 00:00:00-05:00,True,True,0.692807,-5.345856,64.12,5719.067,2025-01-15 08:51:00,FM-15,-2.8,-12.8,46.0,8.2,False,False,False,False
56.411625,9,2,False,47.625564,47.666831583333334,2025-01-15 09:00:00-05:00,2025-01-15 14:00:00+00:00,51301,PSEG,PS,PS,USW00014734,PJM,PSEG,actual_metered,2025-01-14 11:00:00-05:00,2025-01-15 00:00:00-05:00,False,2025-01-14 09:00:00-05:00,47.625564,2025-01-14 00:00:00-05:00,True,True,0.916104,1.935521,53.56,5461.896,2025-01-15 09:51:00,FM-15,-1.7,-12.8,43.0,7.7,False,False,False,False
58.011604,10,2,False,50.092265,47.983363625,2025-01-15 10:00:00-05:00,2025-01-15 15:00:00+00:00,51301,PSEG,PS,PS,USW00014734,PJM,PSEG,actual_metered,2025-01-14 11:00:00-05:00,2025-01-15 00:00:00-05:00,False,2025-01-14 10:00:00-05:00,50.092265,2025-01-14 00:00:00-05:00,True,True,2.699997,1.691607,53.62,5178.12,2025-01-15 10:51:00,FM-15,-0.6,-13.3,38.0,6.7,False,False,False,False
53.654643,11,2,False,47.834693,48.34101129166667,2025-01-15 11:00:00-05:00,2025-01-15 16:00:00+00:00,51301,PSEG,PS,PS,USW00014734,PJM,PSEG,actual_metered,2025-01-14 11:00:00-05:00,2025-01-15 00:00:00-05:00,False,2025-01-14 11:00:00-05:00,47.834693,2025-01-14 00:00:00-05:00,True,True,2.651063,1.96358,49.04,5084.421,2025-01-15 11:51:00,FM-15,0.6,-13.9,33.0,6.7,False,False,False,False
48.891277,12,2,False,46.196876,48.711731791666665,2025-01-15 12:00:00-05:00,2025-01-15 17:00:00+00:00,51301,PSEG,PS,PS,USW00014734,PJM,PSEG,actual_metered,2025-01-14 11:00:00-05:00,2025-01-15 00:00:00-05:00,False,2025-01-14 12:00:00-05:00,46.196876,2025-01-14 00:00:00-05:00,True,True,2.459553,1.931724,44.5,4986.418,2025-01-15 12:51:00,FM-15,0.6,-13.3,35.0,8.2,False,False,False,False
46.429293,13,2,False,44.645626,49.10189916666667,2025-01-15 13:00:00-05:00,2025-01-15 18:00:00+00:00,51301,PSEG,PS,PS,USW00014734,PJM,PSEG,actual_metered,2025-01-14 11:00:00-05:00,2025-01-15 00:00:00-05:00,False,2025-01-14 13:00:00-05:00,44.645626,2025-01-14 00:00:00-05:00,True,True,2.448082,1.811211,42.17,5023.65,2025-01-15 13:51:00,FM-15,1.7,-13.3,32.0,7.2,False,False,False,False
45.676647,14,2,False,44.163456,49.492372499999995,2025-01-15 14:00:00-05:00,2025-01-15 19:00:00+00:00,51301,PSEG,PS,PS,USW00014734,PJM,PSEG,actual_metered,2025-01-14 11:00:00-05:00,2025-01-15 00:00:00-05:00,False,2025-01-14 14:00:00-05:00,44.163456,2025-01-14 00:00:00-05:00,True,True,2.551137,1.99551,41.13,5158.237,2025-01-15 14:51:00,FM-15,1.1,-13.9,32.0,6.7,False,False,False,False
49.673589,15,2,False,47.072681,49.997024875,2025-01-15 15:00:00-05:00,2025-01-15 20:00:00+00:00,51301,PSEG,PS,PS,USW00014734,PJM,PSEG,actual_metered,2025-01-14 11:00:00-05:00,2025-01-15 00:00:00-05:00,False,2025-01-14 15:00:00-05:00,47.072681,2025-01-14 00:00:00-05:00,True,True,2.832092,2.631497,44.21,5453.665,2025-01-15 15:51:00,FM-15,1.1,-13.9,32.0,8.2,False,False,False,False
66.127938,16,2,False,65.35983,50.97384125,2025-01-15 16:00:00-05:00,2025-01-15 21:00:00+00:00,51301,PSEG,PS,PS,USW00014734,PJM,PSEG,actual_metered,2025-01-14 11:00:00-05:00,2025-01-15 00:00:00-05:00,False,2025-01-14 16:00:00-05:00,65.35983,2025-01-14 00:00:00-05:00,True,True,3.98324,6.534698,55.61,5816.394,2025-01-15 16:51:00,FM-15,-0.6,-13.3,38.0,6.2,False,False,False,False
105.982783,17,2,False,103.942595,52.709370541666665,2025-01-15 17:00:00-05:00,2025-01-15 22:00:00+00:00,51301,PSEG,PS,PS,USW00014734,PJM,PSEG,actual_metered,2025-01-14 11:00:00-05:00,2025-01-15 00:00:00-05:00,False,2025-01-14 17:00:00-05:00,103.942595,2025-01-14 00:00:00-05:00,True,True,5.354572,13.828211,86.8,6122.795,2025-01-15 17:51:00,FM-15,-1.1,-13.3,39.0,5.1,False,False,False,False
76.551383,18,2,False,84.499917,53.89395583333334,2025-01-15 18:00:00-05:00,2025-01-15 23:00:00+00:00,51301,PSEG,PS,PS,USW00014734,PJM,PSEG,actual_metered,2025-01-14 11:00:00-05:00,2025-01-15 00:00:00-05:00,False,2025-01-14 18:00:00-05:00,84.499917,2025-01-14 00:00:00-05:00,True,True,2.78829,6.813093,66.95,6160.379,2025-01-15 18:51:00,FM-15,-1.7,-13.3,41.0,4.1,False,False,False,False
68.675597,19,2,False,74.84269,54.80404266666667,2025-01-15 19:00:00-05:00,2025-01-16 00:00:00+00:00,51301,PSEG,PS,PS,USW00014734,PJM,PSEG,actual_metered,2025-01-14 11:00:00-05:00,2025-01-15 00:00:00-05:00,False,2025-01-14 19:00:00-05:00,74.84269,2025-01-14 00:00:00-05:00,True,True,2.313036,4.522561,61.84,6111.356,2025-01-15 19:51:00,FM-15,-1.7,-13.9,39.0,5.1,False,False,False,False
66.514956,20,2,False,69.685641,55.570104541666666,2025-01-15 20:00:00-05:00,2025-01-16 01:00:00+00:00,51301,PSEG,PS,PS,USW00014734,PJM,PSEG,actual_metered,2025-01-14 11:00:00-05:00,2025-01-15 00:00:00-05:00,False,2025-01-14 20:00:00-05:00,69.685641,2025-01-14 00:00:00-05:00,True,True,2.243936,4.67102,59.6,5985.154,2025-01-15 20:51:00,FM-15,-2.2,-13.3,43.0,2.6,False,False,False,False
67.662904,21,2,False,65.793037,56.36720895833333,2025-01-15 21:00:00-05:00,2025-01-16 02:00:00+00:00,51301,PSEG,PS,PS,USW00014734,PJM,PSEG,actual_metered,2025-01-14 11:00:00-05:00,2025-01-15 00:00:00-05:00,False,2025-01-14 21:00:00-05:00,65.793037,2025-01-14 00:00:00-05:00,True,True,1.601493,7.501411,58.56,5823.434,2025-01-15 21:51:00,FM-15,-2.8,-13.3,45.0,2.6,False,False,False,False
64.682949,22,2,False,61.15207,57.09842458333333,2025-01-15 22:00:00-05:00,2025-01-16 03:00:00+00:00,51301,PSEG,PS,PS,USW00014734,PJM,PSEG,actual_metered,2025-01-14 11:00:00-05:00,2025-01-15 00:00:00-05:00,False,2025-01-14 22:00:00-05:00,61.15207,2025-01-14 00:00:00-05:00,True,True,2.107227,5.035722,57.54,5518.673,2025-01-15 22:51:00,FM-15,-2.2,-12.8,44.0,2.6,False,False,False,False
60.212271,23,2,False,55.07477,57.73351925,2025-01-15 23:00:00-05:00,2025-01-16 04:00:00+00:00,51301,PSEG,PS,PS,USW00014734,PJM,PSEG,actual_metered,2025-01-14 11:00:00-05:00,2025-01-15 00:00:00-05:00,False,2025-01-14 23:00:00-05:00,55.07477,2025-01-14 00:00:00-05:00,True,True,1.850538,4.781733,53.58,5229.655,2025-01-15 23:51:00,FM-15,-2.8,-12.8,46.0,3.6,False,False,False,False
61.035344,0,3,False,52.70917,58.20846795833334,2025-01-16 00:00:00-05:00,2025-01-16 05:00:00+00:00,51301,PSEG,PS,PS,USW00014734,PJM,PSEG,actual_metered,2025-01-15 11:00:00-05:00,2025-01-16 00:00:00-05:00,False,2025-01-15 00:00:00-05:00,52.70917,2025-01-15 00:00:00-05:00,True,True,2.11363,-0.018286,58.94,4999.039,2025-01-16 00:51:00,FM-15,-3.9,-11.7,55.0,3.6,False,False,False,False
57.008632,1,3,False,52.139026,58.587856708333334,2025-01-16 01:00:00-05:00,2025-01-16 06:00:00+00:00,51301,PSEG,PS,PS,USW00014734,PJM,PSEG,actual_metered,2025-01-15 11:00:00-05:00,2025-01-16 00:00:00-05:00,False,2025-01-15 01:00:00-05:00,52.139026,2025-01-15 00:00:00-05:00,True,True,1.867189,-0.858557,56.0,4885.75,2025-01-16 01:51:00,FM-15,-3.9,-11.1,58.0,5.7,False,False,False,False
55.139322,2,3,False,51.432849,58.953629416666665,2025-01-16 02:00:00-05:00,2025-01-16 07:00:00+00:00,51301,PSEG,PS,PS,USW00014734,PJM,PSEG,actual_metered,2025-01-15 11:00:00-05:00,2025-01-16 00:00:00-05:00,False,2025-01-15 02:00:00-05:00,51.432849,2025-01-15 00:00:00-05:00,True,True,1.781252,-1.99193,55.35,4813.228,2025-01-16 02:51:00,FM-15,-3.9,-11.7,55.0,4.1,False,False,False,False
55.093018,3,3,False,53.176943,59.387847916666665,2025-01-16 03:00:00-05:00,2025-01-16 08:00:00+00:00,51301,PSEG,PS,PS,USW00014734,PJM,PSEG,actual_metered,2025-01-15 11:00:00-05:00,2025-01-16 00:00:00-05:00,False,2025-01-15 03:00:00-05:00,53.176943,2025-01-15 00:00:00-05:00,True,True,1.570642,-0.777624,54.3,4789.328,2025-01-16 03:51:00,FM-15,-3.9,-11.7,55.0,3.6,False,False,False,False
57.143727,4,3,False,53.151321,59.600028916666666,2025-01-16 04:00:00-05:00,2025-01-16 09:00:00+00:00,51301,PSEG,PS,PS,USW00014734,PJM,PSEG,actual_metered,2025-01-15 11:00:00-05:00,2025-01-16 00:00:00-05:00,False,2025-01-15 04:00:00-05:00,53.151321,2025-01-15 00:00:00-05:00,True,True,1.523338,-2.079611,57.7,4873.481,2025-01-16 04:51:00,FM-15,-3.9,-12.2,53.0,3.6,False,False,False,False
60.552621,5,3,False,53.534834,59.57541187499999,2025-01-16 05:00:00-05:00,2025-01-16 10:00:00+00:00,51301,PSEG,PS,PS,USW00014734,PJM,PSEG,actual_metered,2025-01-15 11:00:00-05:00,2025-01-16 00:00:00-05:00,False,2025-01-15 05:00:00-05:00,53.534834,2025-01-15 00:00:00-05:00,True,True,0.811623,-3.109002,62.85,5096.671,2025-01-16 05:51:00,FM-15,-4.4,-12.8,52.0,4.1,False,False,False,False
77.445366,6,3,False,59.255352,59.55611483333334,2025-01-16 06:00:00-05:00,2025-01-16 11:00:00+00:00,51301,PSEG,PS,PS,USW00014734,PJM,PSEG,actual_metered,2025-01-15 11:00:00-05:00,2025-01-16 00:00:00-05:00,False,2025-01-15 06:00:00-05:00,59.255352,2025-01-15 00:00:00-05:00,True,True,1.149242,-2.673876,78.97,5509.85,2025-01-16 06:51:00,FM-15,-5.0,-13.3,53.0,3.6,False,False,False,False
98.58257,7,3,False,81.720604,59.293092708333326,2025-01-16 07:00:00-05:00,2025-01-16 12:00:00+00:00,51301,PSEG,PS,PS,USW00014734,PJM,PSEG,actual_metered,2025-01-15 11:00:00-05:00,2025-01-16 00:00:00-05:00,False,2025-01-15 07:00:00-05:00,81.720604,2025-01-15 00:00:00-05:00,True,True,1.703007,-4.430437,101.31,5800.932,2025-01-16 07:51:00,FM-15,-5.0,-12.8,55.0,3.1,False,False,False,False
68.894087,8,3,False,59.466951,59.35703170833333,2025-01-16 08:00:00-05:00,2025-01-16 13:00:00+00:00,51301,PSEG,PS,PS,USW00014734,PJM,PSEG,actual_metered,2025-01-15 11:00:00-05:00,2025-01-16 00:00:00-05:00,False,2025-01-15 08:00:00-05:00,59.466951,2025-01-15 00:00:00-05:00,True,True,1.446429,1.587658,65.86,5761.077,2025-01-16 08:51:00,FM-15,-3.9,-12.2,53.0,3.6,False,False,False,False
59.804995,9,3,False,56.411625,59.723117583333334,2025-01-16 09:00:00-05:00,2025-01-16 14:00:00+00:00,51301,PSEG,PS,PS,USW00014734,PJM,PSEG,actual_metered,2025-01-15 11:00:00-05:00,2025-01-16 00:00:00-05:00,False,2025-01-15 09:00:00-05:00,56.411625,2025-01-15 00:00:00-05:00,True,True,2.313482,4.251513,53.24,5541.658,2025-01-16 09:51:00,FM-15,-2.8,-12.8,46.0,4.6,False,False,False,False
56.239056,10,3,False,58.011604,60.05309004166667,2025-01-16 10:00:00-05:00,2025-01-16 15:00:00+00:00,51301,PSEG,PS,PS,USW00014734,PJM,PSEG,actual_metered,2025-01-15 11:00:00-05:00,2025-01-16 00:00:00-05:00,False,2025-01-15 10:00:00-05:00,58.011604,2025-01-15 00:00:00-05:00,True,True,2.992012,6.327044,46.92,5595.773,2025-01-16 10:51:00,FM-15,-2.8,-12.8,46.0,5.7,False,False,False,False
51.685164,11,3,False,53.654643,60.29558795833333,2025-01-16 11:00:00-05:00,2025-01-16 16:00:00+00:00,51301,PSEG,PS,PS,USW00014734,PJM,PSEG,actual_metered,2025-01-15 11:00:00-05:00,2025-01-16 00:00:00-05:00,False,2025-01-15 11:00:00-05:00,53.654643,2025-01-15 00:00:00-05:00,True,True,2.940919,5.424245,43.32,5563.951,2025-01-16 11:51:00,FM-15,-1.7,-12.8,43.0,7.2,False,False,False,False
49.421721,12,3,False,48.891277,60.40785466666667,2025-01-16 12:00:00-05:00,2025-01-16 17:00:00+00:00,51301,PSEG,PS,PS,USW00014734,PJM,PSEG,actual_metered,2025-01-15 11:00:00-05:00,2025-01-16 00:00:00-05:00,False,2025-01-15 12:00:00-05:00,48.891277,2025-01-15 00:00:00-05:00,True,True,2.942024,4.309697,42.17,5458.173,2025-01-16 12:51:00,FM-15,-1.1,-13.9,38.0,4.6,False,False,False,False
48.779606,13,3,False,46.429293,60.482174125,2025-01-16 13:00:00-05:00,2025-01-16 18:00:00+00:00,51301,PSEG,PS,PS,USW00014734,PJM,PSEG,actual_metered,2025-01-15 11:00:00-05:00,2025-01-16 00:00:00-05:00,False,2025-01-15 13:00:00-05:00,46.429293,2025-01-15 00:00:00-05:00,True,True,3.02318,3.366426,42.39,5525.171,2025-01-16 13:51:00,FM-15,-1.1,-12.8,41.0,6.2,False,False,False,False
47.168061,14,3,False,45.676647,60.54522375,2025-01-16 14:00:00-05:00,2025-01-16 19:00:00+00:00,51301,PSEG,PS,PS,USW00014734,PJM,PSEG,actual_metered,2025-01-15 11:00:00-05:00,2025-01-16 00:00:00-05:00,False,2025-01-15 14:00:00-05:00,45.676647,2025-01-15 00:00:00-05:00,True,True,2.92776,4.080301,40.16,5587.771,2025-01-16 14:51:00,FM-15,-1.1,-10.6,49.0,5.1,False,False,False,False
48.683973,15,3,False,49.673589,60.65359491666666,2025-01-16 15:00:00-05:00,2025-01-16 20:00:00+00:00,51301,PSEG,PS,PS,USW00014734,PJM,PSEG,actual_metered,2025-01-15 11:00:00-05:00,2025-01-16 00:00:00-05:00,False,2025-01-15 15:00:00-05:00,49.673589,2025-01-15 00:00:00-05:00,True,True,2.734369,5.669604,40.28,5705.515,2025-01-16 15:51:00,FM-15,-1.1,-9.4,54.0,5.7,False,False,False,False
56.260727,16,3,False,66.127938,60.68559941666667,2025-01-16 16:00:00-05:00,2025-01-16 21:00:00+00:00,51301,PSEG,PS,PS,USW00014734,PJM,PSEG,actual_metered,2025-01-15 11:00:00-05:00,2025-01-16 00:00:00-05:00,False,2025-01-15 16:00:00-05:00,66.127938,2025-01-15 00:00:00-05:00,True,True,3.177864,8.812863,44.27,5930.704,2025-01-16 16:51:00,FM-15,-1.7,-8.3,61.0,3.6,False,False,False,False
84.023381,17,3,False,105.982783,60.770607250000005,2025-01-16 17:00:00-05:00,2025-01-16 22:00:00+00:00,51301,PSEG,PS,PS,USW00014734,PJM,PSEG,actual_metered,2025-01-15 11:00:00-05:00,2025-01-16 00:00:00-05:00,False,2025-01-15 17:00:00-05:00,105.982783,2025-01-15 00:00:00-05:00,True,True,4.351426,18.241955,61.43,6142.302,2025-01-16 17:51:00,FM-15,-1.7,-7.8,63.0,3.6,False,False,False,False
65.286112,18,3,False,76.551383,60.43941833333333,2025-01-16 18:00:00-05:00,2025-01-16 23:00:00+00:00,51301,PSEG,PS,PS,USW00014734,PJM,PSEG,actual_metered,2025-01-15 11:00:00-05:00,2025-01-16 00:00:00-05:00,False,2025-01-15 18:00:00-05:00,76.551383,2025-01-15 00:00:00-05:00,True,True,3.262747,8.163365,53.86,6168.991,2025-01-16 18:51:00,FM-15,-2.2,-6.7,72.0,3.6,False,False,False,False
53.550288,19,3,False,68.675597,60.182456124999995,2025-01-16 19:00:00-05:00,2025-01-17 00:00:00+00:00,51301,PSEG,PS,PS,USW00014734,PJM,PSEG,actual_metered,2025-01-15 11:00:00-05:00,2025-01-16 00:00:00-05:00,False,2025-01-15 19:00:00-05:00,68.675597,2025-01-15 00:00:00-05:00,True,True,2.605776,5.844512,45.1,6076.628,2025-01-16 19:51:00,FM-15,-2.2,-6.1,75.0,3.6,False,False,False,False
52.270447,20,3,False,66.514956,60.05034425,2025-01-16 20:00:00-05:00,2025-01-17 01:00:00+00:00,51301,PSEG,PS,PS,USW00014734,PJM,PSEG,actual_metered,2025-01-15 11:00:00-05:00,2025-01-16 00:00:00-05:00,False,2025-01-15 20:00:00-05:00,66.514956,2025-01-15 00:00:00-05:00,True,True,2.531533,5.168914,44.57,5952.221,2025-01-16 20:51:00,FM-15,-2.2,-6.1,75.0,4.1,False,False,False,False
51.566391,21,3,False,67.662904,60.128255375,2025-01-16 21:00:00-05:00,2025-01-17 02:00:00+00:00,51301,PSEG,PS,PS,USW00014734,PJM,PSEG,actual_metered,2025-01-15 11:00:00-05:00,2025-01-16 00:00:00-05:00,False,2025-01-15 21:00:00-05:00,67.662904,2025-01-15 00:00:00-05:00,True,True,2.840417,5.185974,43.54,5782.809,2025-01-16 21:51:00,FM-15,-2.8,-6.1,78.0,4.6,False,False,False,False
44.89653,22,3,False,64.682949,60.27537533333333,2025-01-16 22:00:00-05:00,2025-01-17 03:00:00+00:00,51301,PSEG,PS,PS,USW00014734,PJM,PSEG,actual_metered,2025-01-15 11:00:00-05:00,2025-01-16 00:00:00-05:00,False,2025-01-15 22:00:00-05:00,64.682949,2025-01-15 00:00:00-05:00,True,True,2.502795,0.863735,41.53,5515.508,2025-01-16 22:51:00,FM-15,-2.8,-6.7,75.0,4.1,False,False,False,False
43.246682,23,3,False,60.212271,60.489437875,2025-01-16 23:00:00-05:00,2025-01-17 04:00:00+00:00,51301,PSEG,PS,PS,USW00014734,PJM,PSEG,actual_metered,2025-01-15 11:00:00-05:00,2025-01-16 00:00:00-05:00,False,2025-01-15 23:00:00-05:00,60.212271,2025-01-15 00:00:00-05:00,True,True,2.148716,0.467966,40.63,5218.853,2025-01-16 23:51:00,FM-15,-3.3,-6.7,78.0,4.1,False,False,False,False
44.416763,0,4,False,61.035344,60.83636179166666,2025-01-17 00:00:00-05:00,2025-01-17 05:00:00+00:00,51301,PSEG,PS,PS,USW00014734,PJM,PSEG,actual_metered,2025-01-16 11:00:00-05:00,2025-01-17 00:00:00-05:00,False,2025-01-16 00:00:00-05:00,61.035344,2025-01-16 00:00:00-05:00,True,True,2.724798,-0.328035,42.02,4993.741,2025-01-17 00:51:00,FM-15,-2.8,-6.7,75.0,5.1,False,False,False,False
42.20818,1,4,False,57.008632,61.03926204166666,2025-01-17 01:00:00-05:00,2025-01-17 06:00:00+00:00,51301,PSEG,PS,PS,USW00014734,PJM,PSEG,actual_metered,2025-01-16 11:00:00-05:00,2025-01-17 00:00:00-05:00,False,2025-01-16 01:00:00-05:00,57.008632,2025-01-16 00:00:00-05:00,True,True,2.244368,-0.396188,40.36,4858.392,2025-01-17 01:51:00,FM-15,-3.3,-7.2,75.0,3.6,False,False,False,False
41.547914,2,4,False,55.139322,61.19369841666667,2025-01-17 02:00:00-05:00,2025-01-17 07:00:00+00:00,51301,PSEG,PS,PS,USW00014734,PJM,PSEG,actual_metered,2025-01-16 11:00:00-05:00,2025-01-17 00:00:00-05:00,False,2025-01-16 02:00:00-05:00,55.139322,2025-01-16 00:00:00-05:00,True,True,2.133682,-0.245768,39.66,4796.117,2025-01-17 02:51:00,FM-15,-3.9,-7.2,78.0,4.6,False,False,False,False
41.397618,3,4,False,55.093018,61.273534874999996,2025-01-17 03:00:00-05:00,2025-01-17 08:00:00+00:00,51301,PSEG,PS,PS,USW00014734,PJM,PSEG,actual_metered,2025-01-16 11:00:00-05:00,2025-01-17 00:00:00-05:00,False,2025-01-16 03:00:00-05:00,55.093018,2025-01-16 00:00:00-05:00,True,True,2.133159,-0.075541,39.34,4769.143,2025-01-17 03:51:00,FM-15,-3.9,-8.3,72.0,3.6,False,False,False,False
42.229439,4,4,False,57.143727,61.43988512500001,2025-01-17 04:00:00-05:00,2025-01-17 09:00:00+00:00,51301,PSEG,PS,PS,USW00014734,PJM,PSEG,actual_metered,2025-01-16 11:00:00-05:00,2025-01-17 00:00:00-05:00,False,2025-01-16 04:00:00-05:00,57.143727,2025-01-16 00:00:00-05:00,True,True,2.12521,-0.075771,40.18,4833.444,2025-01-17 04:51:00,FM-15,-3.9,-8.3,72.0,3.1,False,False,False,False
46.875182,5,4,False,60.552621,61.732292916666665,2025-01-17 05:00:00-05:00,2025-01-17 10:00:00+00:00,51301,PSEG,PS,PS,USW00014734,PJM,PSEG,actual_metered,2025-01-16 11:00:00-05:00,2025-01-17 00:00:00-05:00,False,2025-01-16 05:00:00-05:00,60.552621,2025-01-16 00:00:00-05:00,True,True,2.251602,0.85358,43.77,5052.776,2025-01-17 05:51:00,FM-15,-3.3,-7.8,71.0,3.1,False,False,False,False
60.820406,6,4,False,77.445366,62.490210166666664,2025-01-17 06:00:00-05:00,2025-01-17 11:00:00+00:00,51301,PSEG,PS,PS,USW00014734,PJM,PSEG,actual_metered,2025-01-16 11:00:00-05:00,2025-01-17 00:00:00-05:00,False,2025-01-16 06:00:00-05:00,77.445366,2025-01-16 00:00:00-05:00,True,True,3.038602,-1.268196,59.05,5423.781,2025-01-17 06:51:00,FM-15,-3.3,-8.3,69.0,2.6,False,False,False,False
79.477888,7,4,False,98.58257,63.19279208333334,2025-01-17 07:00:00-05:00,2025-01-17 12:00:00+00:00,51301,PSEG,PS,PS,USW00014734,PJM,PSEG,actual_metered,2025-01-16 11:00:00-05:00,2025-01-17 00:00:00-05:00,False,2025-01-16 07:00:00-05:00,98.58257,2025-01-16 00:00:00-05:00,True,True,3.135661,2.782227,73.56,5697.576,2025-01-17 07:51:00,FM-15,-3.3,-7.8,71.0,2.6,False,False,False,False
52.399911,8,4,False,68.894087,63.585589416666664,2025-01-17 08:00:00-05:00,2025-01-17 13:00:00+00:00,51301,PSEG,PS,PS,USW00014734,PJM,PSEG,actual_metered,2025-01-16 11:00:00-05:00,2025-01-17 00:00:00-05:00,False,2025-01-16 08:00:00-05:00,68.894087,2025-01-16 00:00:00-05:00,True,True,2.059649,2.840262,47.5,5733.297,2025-01-17 08:51:00,FM-15,-1.7,-6.7,69.0,1.5,False,False,False,False
44.247321,9,4,False,59.804995,63.72697983333333,2025-01-17 09:00:00-05:00,2025-01-17 14:00:00+00:00,51301,PSEG,PS,PS,USW00014734,PJM,PSEG,actual_metered,2025-01-16 11:00:00-05:00,2025-01-17 00:00:00-05:00,False,2025-01-16 09:00:00-05:00,59.804995,2025-01-16 00:00:00-05:00,True,True,2.877676,2.639645,38.73,5519.062,2025-01-17 09:51:00,FM-15,1.1,-6.7,56.0,4.1,False,False,False,False
39.742581,10,4,False,56.239056,63.653123666666666,2025-01-17 10:00:00-05:00,2025-01-17 15:00:00+00:00,51301,PSEG,PS,PS,USW00014734,PJM,PSEG,actual_metered,2025-01-16 11:00:00-05:00,2025-01-17 00:00:00-05:00,False,2025-01-16 10:00:00-05:00,56.239056,2025-01-16 00:00:00-05:00,True,True,2.57949,2.593091,34.57,5050.306,2025-01-17 10:51:00,FM-15,2.8,-5.6,54.0,4.6,False,False,False,False
36.770978,11,4,False,51.685164,63.57106204166667,2025-01-17 11:00:00-05:00,2025-01-17 16:00:00+00:00,51301,PSEG,PS,PS,USW00014734,PJM,PSEG,actual_metered,2025-01-16 11:00:00-05:00,2025-01-17 00:00:00-05:00,False,2025-01-16 11:00:00-05:00,51.685164,2025-01-16 00:00:00-05:00,True,True,2.243554,2.217424,32.31,4794.282,2025-01-17 11:51:00,FM-15,4.4,-5.6,49.0,3.6,False,False,False,False
33.69676,12,4,False,49.421721,63.593163874999995,2025-01-17 12:00:00-05:00,2025-01-17 17:00:00+00:00,51301,PSEG,PS,PS,USW00014734,PJM,PSEG,actual_metered,2025-01-16 11:00:00-05:00,2025-01-17 00:00:00-05:00,False,2025-01-16 12:00:00-05:00,49.421721,2025-01-16 00:00:00-05:00,True,True,2.072197,0.664563,30.96,4666.122,2025-01-17 12:51:00,FM-15,5.6,-5.0,47.0,3.6,False,False,False,False
33.229854,13,4,False,48.779606,63.691093583333334,2025-01-17 13:00:00-05:00,2025-01-17 18:00:00+00:00,51301,PSEG,PS,PS,USW00014734,PJM,PSEG,actual_metered,2025-01-16 11:00:00-05:00,2025-01-17 00:00:00-05:00,False,2025-01-16 13:00:00-05:00,48.779606,2025-01-16 00:00:00-05:00,True,True,1.913024,0.95683,30.36,4699.779,2025-01-17 13:51:00,FM-15,6.7,-5.6,41.0,3.1,False,False,False,False
32.948329,14,4,False,47.168061,63.75323583333333,2025-01-17 14:00:00-05:00,2025-01-17 19:00:00+00:00,51301,PSEG,PS,PS,USW00014734,PJM,PSEG,actual_metered,2025-01-16 11:00:00-05:00,2025-01-17 00:00:00-05:00,False,2025-01-16 14:00:00-05:00,47.168061,2025-01-16 00:00:00-05:00,True,True,2.009625,0.898704,30.04,4902.502,2025-01-17 14:51:00,FM-15,6.1,-6.1,42.0,4.1,False,False,False,False
33.143291,15,4,False,48.683973,63.71200183333334,2025-01-17 15:00:00-05:00,2025-01-17 20:00:00+00:00,51301,PSEG,PS,PS,USW00014734,PJM,PSEG,actual_metered,2025-01-16 11:00:00-05:00,2025-01-17 00:00:00-05:00,False,2025-01-16 15:00:00-05:00,48.683973,2025-01-16 00:00:00-05:00,True,True,1.991782,0.771509,30.38,5169.342,2025-01-17 15:51:00,FM-15,6.1,-6.1,42.0,5.1,False,False,False,False
35.676051,16,4,False,56.260727,63.30086804166666,2025-01-17 16:00:00-05:00,2025-01-17 21:00:00+00:00,51301,PSEG,PS,PS,USW00014734,PJM,PSEG,actual_metered,2025-01-16 11:00:00-05:00,2025-01-17 00:00:00-05:00,False,2025-01-16 16:00:00-05:00,56.260727,2025-01-16 00:00:00-05:00,True,True,2.137553,-0.171502,33.71,5422.506,2025-01-17 16:51:00,FM-15,5.0,-5.6,47.0,3.1,False,False,False,False
44.535109,17,4,False,84.023381,62.38589295833333,2025-01-17 17:00:00-05:00,2025-01-17 22:00:00+00:00,51301,PSEG,PS,PS,USW00014734,PJM,PSEG,actual_metered,2025-01-16 11:00:00-05:00,2025-01-17 00:00:00-05:00,False,2025-01-16 17:00:00-05:00,84.023381,2025-01-16 00:00:00-05:00,True,True,2.79634,-0.471231,42.21,5623.389,2025-01-17 17:51:00,FM-15,4.4,-6.1,47.0,3.1,False,False,False,False
40.479082,18,4,False,65.286112,61.91650666666667,2025-01-17 18:00:00-05:00,2025-01-17 23:00:00+00:00,51301,PSEG,PS,PS,USW00014734,PJM,PSEG,actual_metered,2025-01-16 11:00:00-05:00,2025-01-17 00:00:00-05:00,False,2025-01-16 18:00:00-05:00,65.286112,2025-01-16 00:00:00-05:00,True,True,1.744351,-2.425269,41.16,5624.327,2025-01-17 18:51:00,FM-15,3.3,-5.6,52.0,2.1,False,False,False,False
40.73453,19,4,False,53.550288,61.28628545833334,2025-01-17 19:00:00-05:00,2025-01-18 00:00:00+00:00,51301,PSEG,PS,PS,USW00014734,PJM,PSEG,actual_metered,2025-01-16 11:00:00-05:00,2025-01-17 00:00:00-05:00,False,2025-01-16 19:00:00-05:00,53.550288,2025-01-16 00:00:00-05:00,True,True,1.27318,-0.33865,39.8,5558.801,2025-01-17 19:51:00,FM-15,3.3,-5.0,55.0,2.6,False,False,False,False
40.963643,20,4,False,52.270447,60.69276425,2025-01-17 20:00:00-05:00,2025-01-18 01:00:00+00:00,51301,PSEG,PS,PS,USW00014734,PJM,PSEG,actual_metered,2025-01-16 11:00:00-05:00,2025-01-17 00:00:00-05:00,False,2025-01-16 20:00:00-05:00,52.270447,2025-01-16 00:00:00-05:00,True,True,1.454512,-0.000869,39.51,5481.424,2025-01-17 20:51:00,FM-15,1.7,-5.0,61.0,2.1,False,False,False,False
40.213889,21,4,False,51.566391,60.02207620833334,2025-01-17 21:00:00-05:00,2025-01-18 02:00:00+00:00,51301,PSEG,PS,PS,USW00014734,PJM,PSEG,actual_metered,2025-01-16 11:00:00-05:00,2025-01-17 00:00:00-05:00,False,2025-01-16 21:00:00-05:00,51.566391,2025-01-16 00:00:00-05:00,True,True,1.756586,0.417303,38.04,5365.299,2025-01-17 21:51:00,FM-15,1.1,-5.6,61.0,3.1,False,False,False,False
37.433004,22,4,False,44.89653,59.197642083333335,2025-01-17 22:00:00-05:00,2025-01-18 03:00:00+00:00,51301,PSEG,PS,PS,USW00014734,PJM,PSEG,actual_metered,2025-01-16 11:00:00-05:00,2025-01-17 00:00:00-05:00,False,2025-01-16 22:00:00-05:00,44.89653,2025-01-16 00:00:00-05:00,True,True,1.566326,0.246678,35.62,5166.886,2025-01-17 22:51:00,FM-15,1.1,-6.1,59.0,2.6,False,False,False,False
36.117614,23,4,False,43.246682,58.49074254166666,2025-01-17 23:00:00-05:00,2025-01-18 04:00:00+00:00,51301,PSEG,PS,PS,USW00014734,PJM,PSEG,actual_metered,2025-01-16 11:00:00-05:00,2025-01-17 00:00:00-05:00,False,2025-01-16 23:00:00-05:00,43.246682,2025-01-16 00:00:00-05:00,True,True,1.844125,0.703489,33.57,4939.72,2025-01-17 23:51:00,FM-15,0.6,-6.7,58.0,3.6,False,False,False,False
39.210593,0,5,True,44.416763,57.798301666666674,2025-01-18 00:00:00-05:00,2025-01-18 05:00:00+00:00,51301,PSEG,PS,PS,USW00014734,PJM,PSEG,actual_metered,2025-01-17 11:00:00-05:00,2025-01-18 00:00:00-05:00,False,2025-01-17 00:00:00-05:00,44.416763,2025-01-17 00:00:00-05:00,True,True,2.206243,0.93435,36.07,4757.463,2025-01-18 00:51:00,FM-15,0.6,-6.7,58.0,3.1,False,False,False,False
37.316796,1,5,True,42.20818,57.181616166666664,2025-01-18 01:00:00-05:00,2025-01-18 06:00:00+00:00,51301,PSEG,PS,PS,USW00014734,PJM,PSEG,actual_metered,2025-01-17 11:00:00-05:00,2025-01-18 00:00:00-05:00,False,2025-01-17 01:00:00-05:00,42.20818,2025-01-17 00:00:00-05:00,True,True,1.75343,1.143366,34.42,4612.12,2025-01-18 01:51:00,FM-15,0.6,-6.7,58.0,3.6,False,False,False,False
35.694486,2,5,True,41.547914,56.6153075,2025-01-18 02:00:00-05:00,2025-01-18 07:00:00+00:00,51301,PSEG,PS,PS,USW00014734,PJM,PSEG,actual_metered,2025-01-17 11:00:00-05:00,2025-01-18 00:00:00-05:00,False,2025-01-17 02:00:00-05:00,41.547914,2025-01-17 00:00:00-05:00,True,True,1.700938,1.363548,32.63,4509.758,2025-01-18 02:51:00,FM-15,0.6,-5.0,66.0,4.6,False,False,False,False
34.866034,3,5,True,41.397618,56.04466583333333,2025-01-18 03:00:00-05:00,2025-01-18 08:00:00+00:00,51301,PSEG,PS,PS,USW00014734,PJM,PSEG,actual_metered,2025-01-17 11:00:00-05:00,2025-01-18 00:00:00-05:00,False,2025-01-17 03:00:00-05:00,41.397618,2025-01-17 00:00:00-05:00,True,True,1.632111,1.803923,31.43,4459.73,2025-01-18 03:51:00,FM-15,0.6,-4.4,70.0,3.1,False,False,False,False
35.343659,4,5,True,42.229439,55.42323716666667,2025-01-18 04:00:00-05:00,2025-01-18 09:00:00+00:00,51301,PSEG,PS,PS,USW00014734,PJM,PSEG,actual_metered,2025-01-17 11:00:00-05:00,2025-01-18 00:00:00-05:00,False,2025-01-17 04:00:00-05:00,42.229439,2025-01-17 00:00:00-05:00,True,True,1.490247,1.873412,31.98,4453.833,2025-01-18 04:51:00,FM-15,0.6,-4.4,70.0,2.1,False,False,False,False
39.752011,5,5,True,46.875182,54.85334387500001,2025-01-18 05:00:00-05:00,2025-01-18 10:00:00+00:00,51301,PSEG,PS,PS,USW00014734,PJM,PSEG,actual_metered,2025-01-17 11:00:00-05:00,2025-01-18 00:00:00-05:00,False,2025-01-17 05:00:00-05:00,46.875182,2025-01-17 00:00:00-05:00,True,True,1.858291,2.44372,35.45,4515.114,2025-01-18 05:51:00,FM-15,1.1,-3.9,70.0,3.1,False,False,False,False
41.205715,6,5,True,60.820406,54.16063720833333,2025-01-18 06:00:00-05:00,2025-01-18 11:00:00+00:00,51301,PSEG,PS,PS,USW00014734,PJM,PSEG,actual_metered,2025-01-17 11:00:00-05:00,2025-01-18 00:00:00-05:00,False,2025-01-17 06:00:00-05:00,60.820406,2025-01-17 00:00:00-05:00,True,True,2.061812,2.413903,36.73,4656.235,2025-01-18 06:51:00,FM-15,2.8,-2.8,67.0,3.6,False,False,False,False
42.628808,7,5,True,79.477888,53.36460879166666,2025-01-18 07:00:00-05:00,2025-01-18 12:00:00+00:00,51301,PSEG,PS,PS,USW00014734,PJM,PSEG,actual_metered,2025-01-17 11:00:00-05:00,2025-01-18 00:00:00-05:00,False,2025-01-17 07:00:00-05:00,79.477888,2025-01-17 00:00:00-05:00,True,True,2.443991,2.174817,38.01,4736.92,2025-01-18 07:51:00,FM-15,3.3,-1.7,70.0,4.1,False,False,False,False
43.428119,8,5,True,52.399911,52.677351458333334,2025-01-18 08:00:00-05:00,2025-01-18 13:00:00+00:00,51301,PSEG,PS,PS,USW00014734,PJM,PSEG,actual_metered,2025-01-17 11:00:00-05:00,2025-01-18 00:00:00-05:00,False,2025-01-17 08:00:00-05:00,52.399911,2025-01-17 00:00:00-05:00,True,True,2.153389,2.02473,39.25,4766.302,2025-01-18 08:51:00,FM-15,3.9,-0.6,73.0,2.6,False,False,False,False
40.927047,9,5,True,44.247321,52.02911504166667,2025-01-18 09:00:00-05:00,2025-01-18 14:00:00+00:00,51301,PSEG,PS,PS,USW00014734,PJM,PSEG,actual_metered,2025-01-17 11:00:00-05:00,2025-01-18 00:00:00-05:00,False,2025-01-17 09:00:00-05:00,44.247321,2025-01-17 00:00:00-05:00,True,True,2.2487,1.448347,37.23,4848.097,2025-01-18 09:51:00,FM-15,5.6,-1.1,62.0,3.1,False,False,False,False
56.892898,10,5,True,39.742581,51.34176191666666,2025-01-18 10:00:00-05:00,2025-01-18 15:00:00+00:00,51301,PSEG,PS,PS,USW00014734,PJM,PSEG,actual_metered,2025-01-17 11:00:00-05:00,2025-01-18 00:00:00-05:00,False,2025-01-17 10:00:00-05:00,39.742581,2025-01-17 00:00:00-05:00,True,True,3.456512,2.446386,50.99,4926.313,2025-01-18 10:51:00,FM-15,6.7,0.0,63.0,2.1,False,False,False,False
54.876868,11,5,True,36.770978,50.7203375,2025-01-18 11:00:00-05:00,2025-01-18 16:00:00+00:00,51301,PSEG,PS,PS,USW00014734,PJM,PSEG,actual_metered,2025-01-17 11:00:00-05:00,2025-01-18 00:00:00-05:00,False,2025-01-17 11:00:00-05:00,36.770978,2025-01-17 00:00:00-05:00,True,True,3.062729,2.824139,48.99,4906.583,2025-01-18 11:51:00,FM-15,7.8,1.7,66.0,2.6,False,False,False,False
48.398974,12,5,True,33.69676,50.06513079166667,2025-01-18 12:00:00-05:00,2025-01-18 17:00:00+00:00,51301,PSEG,PS,PS,USW00014734,PJM,PSEG,actual_metered,2025-01-17 11:00:00-05:00,2025-01-18 00:00:00-05:00,False,2025-01-17 12:00:00-05:00,33.69676,2025-01-17 00:00:00-05:00,True,True,2.449133,2.289841,43.66,4895.137,2025-01-18 12:51:00,FM-15,7.8,3.3,73.0,3.1,False,False,False,False
44.693852,13,5,True,33.229854,49.41722445833333,2025-01-18 13:00:00-05:00,2025-01-18 18:00:00+00:00,51301,PSEG,PS,PS,USW00014734,PJM,PSEG,actual_metered,2025-01-17 11:00:00-05:00,2025-01-18 00:00:00-05:00,False,2025-01-17 13:00:00-05:00,33.229854,2025-01-17 00:00:00-05:00,True,True,2.395885,1.397967,40.9,4946.514,2025-01-18 13:51:00,FM-15,7.8,3.9,77.0,3.1,False,False,False,False
41.945834,14,5,True,32.948329,48.82473562500001,2025-01-18 14:00:00-05:00,2025-01-18 19:00:00+00:00,51301,PSEG,PS,PS,USW00014734,PJM,PSEG,actual_metered,2025-01-17 11:00:00-05:00,2025-01-18 00:00:00-05:00,False,2025-01-17 14:00:00-05:00,32.948329,2025-01-17 00:00:00-05:00,True,True,2.268816,1.157018,38.52,4930.353,2025-01-18 14:51:00,FM-15,7.2,4.4,83.0,0.0,False,False,False,False
43.913416,15,5,True,33.143291,48.17720720833333,2025-01-18 15:00:00-05:00,2025-01-18 20:00:00+00:00,51301,PSEG,PS,PS,USW00014734,PJM,PSEG,actual_metered,2025-01-17 11:00:00-05:00,2025-01-18 00:00:00-05:00,False,2025-01-17 15:00:00-05:00,33.143291,2025-01-17 00:00:00-05:00,True,True,2.286536,1.14688,40.48,4922.372,2025-01-18 15:51:00,FM-15,7.2,5.0,86.0,0.0,False,False,False,False
46.537067,16,5,True,35.676051,47.31951237500001,2025-01-18 16:00:00-05:00,2025-01-18 21:00:00+00:00,51301,PSEG,PS,PS,USW00014734,PJM,PSEG,actual_metered,2025-01-17 11:00:00-05:00,2025-01-18 00:00:00-05:00,False,2025-01-17 16:00:00-05:00,35.676051,2025-01-17 00:00:00-05:00,True,True,2.53873,0.928337,43.07,4934.069,2025-01-18 16:51:00,FM-15,6.7,4.4,85.0,0.0,False,False,False,False
58.841004,17,5,True,44.535109,45.674167708333336,2025-01-18 17:00:00-05:00,2025-01-18 22:00:00+00:00,51301,PSEG,PS,PS,USW00014734,PJM,PSEG,actual_metered,2025-01-17 11:00:00-05:00,2025-01-18 00:00:00-05:00,False,2025-01-17 17:00:00-05:00,44.535109,2025-01-17 00:00:00-05:00,True,True,3.527669,1.263335,54.05,5169.6,2025-01-18 17:51:00,FM-15,6.1,4.4,89.0,0.0,False,False,False,False
57.521963,18,5,True,40.479082,44.64054145833333,2025-01-18 18:00:00-05:00,2025-01-18 23:00:00+00:00,51301,PSEG,PS,PS,USW00014734,PJM,PSEG,actual_metered,2025-01-17 11:00:00-05:00,2025-01-18 00:00:00-05:00,False,2025-01-17 18:00:00-05:00,40.479082,2025-01-17 00:00:00-05:00,True,True,2.713186,1.018777,53.79,5186.196,2025-01-18 18:51:00,FM-15,6.1,4.4,89.0,0.0,False,False,False,False
54.262431,19,5,True,40.73453,44.10655154166667,2025-01-18 19:00:00-05:00,2025-01-19 00:00:00+00:00,51301,PSEG,PS,PS,USW00014734,PJM,PSEG,actual_metered,2025-01-17 11:00:00-05:00,2025-01-18 00:00:00-05:00,False,2025-01-17 19:00:00-05:00,40.73453,2025-01-17 00:00:00-05:00,True,True,2.796912,0.395519,51.07,5108.19,2025-01-18 19:51:00,FM-15,6.1,4.4,89.0,2.1,False,False,False,False
53.430693,20,5,True,40.963643,43.63543470833333,2025-01-18 20:00:00-05:00,2025-01-19 01:00:00+00:00,51301,PSEG,PS,PS,USW00014734,PJM,PSEG,actual_metered,2025-01-17 11:00:00-05:00,2025-01-18 00:00:00-05:00,False,2025-01-17 20:00:00-05:00,40.963643,2025-01-17 00:00:00-05:00,True,True,2.656919,0.813774,49.96,5028.936,2025-01-18 20:51:00,FM-15,6.1,3.9,86.0,3.6,False,False,False,False
51.490713,21,5,True,40.213889,43.162413791666665,2025-01-18 21:00:00-05:00,2025-01-19 02:00:00+00:00,51301,PSEG,PS,PS,USW00014734,PJM,PSEG,actual_metered,2025-01-17 11:00:00-05:00,2025-01-18 00:00:00-05:00,False,2025-01-17 21:00:00-05:00,40.213889,2025-01-17 00:00:00-05:00,True,True,2.352521,0.638192,48.5,4971.533,2025-01-18 21:51:00,FM-15,5.6,3.9,89.0,3.1,False,False,False,False
49.465494,22,5,True,37.433004,42.851433541666665,2025-01-18 22:00:00-05:00,2025-01-19 03:00:00+00:00,51301,PSEG,PS,PS,USW00014734,PJM,PSEG,actual_metered,2025-01-17 11:00:00-05:00,2025-01-18 00:00:00-05:00,False,2025-01-17 22:00:00-05:00,37.433004,2025-01-17 00:00:00-05:00,True,True,2.499375,0.746119,46.22,4778.662,2025-01-18 22:51:00,FM-15,4.4,2.8,89.0,3.1,False,False,False,False
45.008671,23,5,True,36.117614,42.55438904166667,2025-01-18 23:00:00-05:00,2025-01-19 04:00:00+00:00,51301,PSEG,PS,PS,USW00014734,PJM,PSEG,actual_metered,2025-01-17 11:00:00-05:00,2025-01-18 00:00:00-05:00,False,2025-01-17 23:00:00-05:00,36.117614,2025-01-17 00:00:00-05:00,True,True,2.2937,0.804971,41.91,4618.218,2025-01-18 23:51:00,FM-15,3.3,1.7,89.0,1.5,False,False,False,False
44.119582,0,6,True,39.210593,42.33746529166667,2025-01-19 00:00:00-05:00,2025-01-19 05:00:00+00:00,51301,PSEG,PS,PS,USW00014734,PJM,PSEG,actual_metered,2025-01-18 11:00:00-05:00,2025-01-19 00:00:00-05:00,False,2025-01-18 00:00:00-05:00,39.210593,2025-01-18 00:00:00-05:00,True,True,2.232177,1.867405,40.02,4427.907,2025-01-19 00:51:00,FM-15,1.7,0.6,93.0,0.0,False,False,False,False
42.2603,1,6,True,37.316796,42.133657625,2025-01-19 01:00:00-05:00,2025-01-19 06:00:00+00:00,51301,PSEG,PS,PS,USW00014734,PJM,PSEG,actual_metered,2025-01-18 11:00:00-05:00,2025-01-19 00:00:00-05:00,False,2025-01-18 01:00:00-05:00,37.316796,2025-01-18 00:00:00-05:00,True,True,1.936529,1.923771,38.4,4308.678,2025-01-19 01:51:00,FM-15,2.8,0.6,86.0,3.1,False,False,False,False
41.16731,2,6,True,35.694486,41.889764791666664,2025-01-19 02:00:00-05:00,2025-01-19 07:00:00+00:00,51301,PSEG,PS,PS,USW00014734,PJM,PSEG,actual_metered,2025-01-18 11:00:00-05:00,2025-01-19 00:00:00-05:00,False,2025-01-18 02:00:00-05:00,35.694486,2025-01-18 00:00:00-05:00,True,True,1.927707,1.479603,37.76,4207.867,2025-01-19 02:51:00,FM-15,3.3,0.6,83.0,3.1,False,False,False,False
41.172189,3,6,True,34.866034,41.61761545833333,2025-01-19 03:00:00-05:00,2025-01-19 08:00:00+00:00,51301,PSEG,PS,PS,USW00014734,PJM,PSEG,actual_metered,2025-01-18 11:00:00-05:00,2025-01-19 00:00:00-05:00,False,2025-01-18 03:00:00-05:00,34.866034,2025-01-18 00:00:00-05:00,True,True,1.884446,1.717743,37.57,4165.517,2025-01-19 03:51:00,FM-15,3.3,-0.6,76.0,5.7,False,False,False,False
40.875405,4,6,True,35.343659,41.330707958333335,2025-01-19 04:00:00-05:00,2025-01-19 09:00:00+00:00,51301,PSEG,PS,PS,USW00014734,PJM,PSEG,actual_metered,2025-01-18 11:00:00-05:00,2025-01-19 00:00:00-05:00,False,2025-01-18 04:00:00-05:00,35.343659,2025-01-18 00:00:00-05:00,True,True,1.886298,1.199107,37.79,4173.973,2025-01-19 04:51:00,FM-15,2.8,-1.1,76.0,2.6,False,False,False,False
39.975332,5,6,True,39.752011,41.03390916666667,2025-01-19 05:00:00-05:00,2025-01-19 10:00:00+00:00,51301,PSEG,PS,PS,USW00014734,PJM,PSEG,actual_metered,2025-01-18 11:00:00-05:00,2025-01-19 00:00:00-05:00,False,2025-01-18 05:00:00-05:00,39.752011,2025-01-18 00:00:00-05:00,True,True,1.76541,0.869922,37.34,4237.016,2025-01-19 05:51:00,FM-15,3.3,-1.1,73.0,5.1,False,False,False,False
43.07228,6,6,True,41.205715,40.216630375,2025-01-19 06:00:00-05:00,2025-01-19 11:00:00+00:00,51301,PSEG,PS,PS,USW00014734,PJM,PSEG,actual_metered,2025-01-18 11:00:00-05:00,2025-01-19 00:00:00-05:00,False,2025-01-18 06:00:00-05:00,41.205715,2025-01-18 00:00:00-05:00,True,True,1.752601,1.499679,39.82,4290.277,2025-01-19 06:51:00,FM-15,3.9,-1.1,70.0,1.5,False,False,False,False
47.993405,7,6,True,42.628808,38.68125204166667,2025-01-19 07:00:00-05:00,2025-01-19 12:00:00+00:00,51301,PSEG,PS,PS,USW00014734,PJM,PSEG,actual_metered,2025-01-18 11:00:00-05:00,2025-01-19 00:00:00-05:00,False,2025-01-18 07:00:00-05:00,42.628808,2025-01-18 00:00:00-05:00,True,True,2.095598,-0.272193,46.17,4404.795,2025-01-19 07:51:00,FM-15,3.3,-1.1,73.0,3.1,False,False,False,False
53.205485,8,6,True,43.428119,38.307427374999996,2025-01-19 08:00:00-05:00,2025-01-19 13:00:00+00:00,51301,PSEG,PS,PS,USW00014734,PJM,PSEG,actual_metered,2025-01-18 11:00:00-05:00,2025-01-19 00:00:00-05:00,False,2025-01-18 08:00:00-05:00,43.428119,2025-01-18 00:00:00-05:00,True,True,2.537498,1.967987,48.7,4444.383,2025-01-19 08:51:00,FM-15,3.9,-0.6,73.0,4.6,False,False,False,False
55.917297,9,6,True,40.927047,38.169082625,2025-01-19 09:00:00-05:00,2025-01-19 14:00:00+00:00,51301,PSEG,PS,PS,USW00014734,PJM,PSEG,actual_metered,2025-01-18 11:00:00-05:00,2025-01-19 00:00:00-05:00,False,2025-01-18 09:00:00-05:00,40.927047,2025-01-18 00:00:00-05:00,True,True,2.492464,2.264833,51.16,4567.409,2025-01-19 09:51:00,FM-15,3.9,-1.1,70.0,5.1,False,False,False,False
86.545029,10,6,True,56.892898,38.88367916666667,2025-01-19 10:00:00-05:00,2025-01-19 15:00:00+00:00,51301,PSEG,PS,PS,USW00014734,PJM,PSEG,actual_metered,2025-01-18 11:00:00-05:00,2025-01-19 00:00:00-05:00,False,2025-01-18 10:00:00-05:00,56.892898,2025-01-18 00:00:00-05:00,True,True,5.038486,4.496543,77.01,4609.731,2025-01-19 10:51:00,FM-15,4.4,-1.1,68.0,5.7,False,False,False,False
85.441975,11,6,True,54.876868,39.638091249999995,2025-01-19 11:00:00-05:00,2025-01-19 16:00:00+00:00,51301,PSEG,PS,PS,USW00014734,PJM,PSEG,actual_metered,2025-01-18 11:00:00-05:00,2025-01-19 00:00:00-05:00,False,2025-01-18 11:00:00-05:00,54.876868,2025-01-18 00:00:00-05:00,True,True,4.852997,4.628978,75.96,4701.674,2025-01-19 11:51:00,FM-15,4.4,-1.1,68.0,4.6,False,False,False,False
84.588115,12,6,True,48.398974,40.2506835,2025-01-19 12:00:00-05:00,2025-01-19 17:00:00+00:00,51301,PSEG,PS,PS,USW00014734,PJM,PSEG,actual_metered,2025-01-18 11:00:00-05:00,2025-01-19 00:00:00-05:00,False,2025-01-18 12:00:00-05:00,48.398974,2025-01-18 00:00:00-05:00,True,True,4.379669,4.658446,75.55,4871.073,2025-01-19 12:51:00,FM-15,3.9,-1.1,70.0,4.1,False,False,False,False
80.235094,13,6,True,44.693852,40.72835008333333,2025-01-19 13:00:00-05:00,2025-01-19 18:00:00+00:00,51301,PSEG,PS,PS,USW00014734,PJM,PSEG,actual_metered,2025-01-18 11:00:00-05:00,2025-01-19 00:00:00-05:00,False,2025-01-18 13:00:00-05:00,44.693852,2025-01-18 00:00:00-05:00,True,True,3.640837,4.664257,71.93,5016.362,2025-01-19 13:51:00,FM-15,2.8,-1.1,76.0,6.2,False,False,False,False
84.67325,14,6,True,41.945834,41.103246125000005,2025-01-19 14:00:00-05:00,2025-01-19 19:00:00+00:00,51301,PSEG,PS,PS,USW00014734,PJM,PSEG,actual_metered,2025-01-18 11:00:00-05:00,2025-01-19 00:00:00-05:00,False,2025-01-18 14:00:00-05:00,41.945834,2025-01-18 00:00:00-05:00,True,True,3.288742,4.844508,76.54,5133.335,2025-01-19 14:51:00,FM-15,1.1,-1.1,85.0,4.6,False,False,False,False
92.039134,15,6,True,43.913416,41.55200133333333,2025-01-19 15:00:00-05:00,2025-01-19 20:00:00+00:00,51301,PSEG,PS,PS,USW00014734,PJM,PSEG,actual_metered,2025-01-18 11:00:00-05:00,2025-01-19 00:00:00-05:00,False,2025-01-18 15:00:00-05:00,43.913416,2025-01-18 00:00:00-05:00,True,True,2.882556,4.996578,84.16,5208.649,2025-01-19 15:51:00,FM-15,1.1,-1.1,85.0,6.7,False,False,False,False
108.660364,16,6,True,46.537067,42.00454366666667,2025-01-19 16:00:00-05:00,2025-01-19 21:00:00+00:00,51301,PSEG,PS,PS,USW00014734,PJM,PSEG,actual_metered,2025-01-18 11:00:00-05:00,2025-01-19 00:00:00-05:00,False,2025-01-18 16:00:00-05:00,46.537067,2025-01-18 00:00:00-05:00,True,True,2.593015,3.417349,102.65,5382.012,2025-01-19 16:51:00,FM-15,0.6,-1.7,85.0,6.2,False,False,False,False
173.261802,17,6,True,58.841004,42.600622625,2025-01-19 17:00:00-05:00,2025-01-19 22:00:00+00:00,51301,PSEG,PS,PS,USW00014734,PJM,PSEG,actual_metered,2025-01-18 11:00:00-05:00,2025-01-19 00:00:00-05:00,False,2025-01-18 17:00:00-05:00,58.841004,2025-01-18 00:00:00-05:00,True,True,4.430815,3.190987,165.64,5549.25,2025-01-19 17:51:00,FM-15,0.0,-1.7,88.0,9.8,False,False,False,False
174.760242,18,6,True,57.521963,43.31074266666667,2025-01-19 18:00:00-05:00,2025-01-19 23:00:00+00:00,51301,PSEG,PS,PS,USW00014734,PJM,PSEG,actual_metered,2025-01-18 11:00:00-05:00,2025-01-19 00:00:00-05:00,False,2025-01-18 18:00:00-05:00,57.521963,2025-01-18 00:00:00-05:00,True,True,3.69703,0.993212,170.07,5585.385,2025-01-19 18:51:00,FM-15,-0.6,-2.2,89.0,6.7,False,False,False,False
162.823911,19,6,True,54.262431,43.874405208333336,2025-01-19 19:00:00-05:00,2025-01-20 00:00:00+00:00,51301,PSEG,PS,PS,USW00014734,PJM,PSEG,actual_metered,2025-01-18 11:00:00-05:00,2025-01-19 00:00:00-05:00,False,2025-01-18 19:00:00-05:00,54.262431,2025-01-18 00:00:00-05:00,True,True,2.181147,1.452764,159.19,5525.472,2025-01-19 19:51:00,FM-15,-0.6,-2.2,89.0,7.2,False,False,False,False
159.419601,20,6,True,53.430693,44.393865625,2025-01-19 20:00:00-05:00,2025-01-20 01:00:00+00:00,51301,PSEG,PS,PS,USW00014734,PJM,PSEG,actual_metered,2025-01-18 11:00:00-05:00,2025-01-19 00:00:00-05:00,False,2025-01-18 20:00:00-05:00,53.430693,2025-01-18 00:00:00-05:00,True,True,3.730114,0.969487,154.72,5443.716,2025-01-19 20:51:00,FM-15,-0.6,-2.8,85.0,7.2,False,False,False,False
150.71109,21,6,True,51.490713,44.86373329166667,2025-01-19 21:00:00-05:00,2025-01-20 02:00:00+00:00,51301,PSEG,PS,PS,USW00014734,PJM,PSEG,actual_metered,2025-01-18 11:00:00-05:00,2025-01-19 00:00:00-05:00,False,2025-01-18 21:00:00-05:00,51.490713,2025-01-18 00:00:00-05:00,True,True,4.175553,0.835537,145.7,5320.25,2025-01-19 21:51:00,FM-15,-1.1,-3.9,82.0,5.7,False,False,False,False
142.615582,22,6,True,49.465494,45.36508704166667,2025-01-19 22:00:00-05:00,2025-01-20 03:00:00+00:00,51301,PSEG,PS,PS,USW00014734,PJM,PSEG,actual_metered,2025-01-18 11:00:00-05:00,2025-01-19 00:00:00-05:00,False,2025-01-18 22:00:00-05:00,49.465494,2025-01-18 00:00:00-05:00,True,True,4.460262,0.74532,137.41,5170.303,2025-01-19 22:51:00,FM-15,-2.2,-6.1,75.0,6.2,False,False,False,False
117.995183,23,6,True,45.008671,45.735547749999995,2025-01-19 23:00:00-05:00,2025-01-20 04:00:00+00:00,51301,PSEG,PS,PS,USW00014734,PJM,PSEG,actual_metered,2025-01-18 11:00:00-05:00,2025-01-19 00:00:00-05:00,False,2025-01-18 23:00:00-05:00,45.008671,2025-01-18 00:00:00-05:00,True,True,2.783856,1.671327,113.54,4977.67,2025-01-19 23:51:00,FM-15,-4.4,-8.9,71.0,5.7,False,False,False,False
96.137857,0,0,False,44.119582,45.94008895833333,2025-01-20 00:00:00-05:00,2025-01-20 05:00:00+00:00,51301,PSEG,PS,PS,USW00014734,PJM,PSEG,actual_metered,2025-01-19 11:00:00-05:00,2025-01-20 00:00:00-05:00,False,2025-01-19 00:00:00-05:00,44.119582,2025-01-19 00:00:00-05:00,True,True,2.180514,-6.912657,100.87,4849.443,2025-01-20 00:51:00,FM-15,-5.0,-9.4,72.0,4.1,False,False,False,False
94.236847,1,0,False,42.2603,46.14606829166667,2025-01-20 01:00:00-05:00,2025-01-20 06:00:00+00:00,51301,PSEG,PS,PS,USW00014734,PJM,PSEG,actual_metered,2025-01-19 11:00:00-05:00,2025-01-20 00:00:00-05:00,False,2025-01-19 01:00:00-05:00,42.2603,2025-01-19 00:00:00-05:00,True,True,1.681683,-8.664836,101.22,4747.017,2025-01-20 01:51:00,FM-15,-5.6,-10.6,68.0,5.7,False,False,False,False
96.704599,2,0,False,41.16731,46.374102625,2025-01-20 02:00:00-05:00,2025-01-20 07:00:00+00:00,51301,PSEG,PS,PS,USW00014734,PJM,PSEG,actual_metered,2025-01-19 11:00:00-05:00,2025-01-20 00:00:00-05:00,False,2025-01-19 02:00:00-05:00,41.16731,2025-01-19 00:00:00-05:00,True,True,1.121483,-9.966884,105.55,4698.399,2025-01-20 02:51:00,FM-15,-6.1,-12.2,62.0,6.2,False,False,False,False
108.674267,3,0,False,41.172189,46.63685908333334,2025-01-20 03:00:00-05:00,2025-01-20 08:00:00+00:00,51301,PSEG,PS,PS,USW00014734,PJM,PSEG,actual_metered,2025-01-19 11:00:00-05:00,2025-01-20 00:00:00-05:00,False,2025-01-19 03:00:00-05:00,41.172189,2025-01-19 00:00:00-05:00,True,True,0.68426,-18.519993,126.51,4706.131,2025-01-20 03:51:00,FM-15,-6.7,-12.8,62.0,7.2,False,False,False,False
114.823224,4,0,False,40.875405,46.8673485,2025-01-20 04:00:00-05:00,2025-01-20 09:00:00+00:00,51301,PSEG,PS,PS,USW00014734,PJM,PSEG,actual_metered,2025-01-19 11:00:00-05:00,2025-01-20 00:00:00-05:00,False,2025-01-19 04:00:00-05:00,40.875405,2025-01-19 00:00:00-05:00,True,True,0.66882,1.424404,112.73,4769.682,2025-01-20 04:51:00,FM-15,-6.7,-13.9,57.0,6.7,False,False,False,False
140.067034,5,0,False,39.975332,46.87665354166666,2025-01-20 05:00:00-05:00,2025-01-20 10:00:00+00:00,51301,PSEG,PS,PS,USW00014734,PJM,PSEG,actual_metered,2025-01-19 11:00:00-05:00,2025-01-20 00:00:00-05:00,False,2025-01-19 05:00:00-05:00,39.975332,2025-01-19 00:00:00-05:00,True,True,0.241854,-1.84482,141.67,4954.803,2025-01-20 05:51:00,FM-15,-7.2,-13.9,59.0,5.7,False,False,False,False
174.080914,6,0,False,43.07228,46.954427083333336,2025-01-20 06:00:00-05:00,2025-01-20 11:00:00+00:00,51301,PSEG,PS,PS,USW00014734,PJM,PSEG,actual_metered,2025-01-19 11:00:00-05:00,2025-01-20 00:00:00-05:00,False,2025-01-19 06:00:00-05:00,43.07228,2025-01-19 00:00:00-05:00,True,True,1.55258,5.888334,166.64,5217.302,2025-01-20 06:51:00,FM-15,-7.8,-14.4,59.0,6.7,False,False,False,False
250.911405,7,0,False,47.993405,47.17795195833333,2025-01-20 07:00:00-05:00,2025-01-20 12:00:00+00:00,51301,PSEG,PS,PS,USW00014734,PJM,PSEG,actual_metered,2025-01-19 11:00:00-05:00,2025-01-20 00:00:00-05:00,False,2025-01-19 07:00:00-05:00,47.993405,2025-01-19 00:00:00-05:00,True,True,4.06664,-14.045235,260.89,5402.145,2025-01-20 07:51:00,FM-15,-7.8,-15.0,57.0,4.6,False,False,False,False
207.709157,8,0,False,53.205485,47.58534220833334,2025-01-20 08:00:00-05:00,2025-01-20 13:00:00+00:00,51301,PSEG,PS,PS,USW00014734,PJM,PSEG,actual_metered,2025-01-19 11:00:00-05:00,2025-01-20 00:00:00-05:00,False,2025-01-19 08:00:00-05:00,53.205485,2025-01-19 00:00:00-05:00,True,True,4.985867,-18.40671,221.13,5565.746,2025-01-20 08:51:00,FM-15,-6.7,-14.4,55.0,4.6,False,False,False,False
144.335999,9,0,False,55.917297,48.209935958333325,2025-01-20 09:00:00-05:00,2025-01-20 14:00:00+00:00,51301,PSEG,PS,PS,USW00014734,PJM,PSEG,actual_metered,2025-01-19 11:00:00-05:00,2025-01-20 00:00:00-05:00,False,2025-01-19 09:00:00-05:00,55.917297,2025-01-19 00:00:00-05:00,True,True,4.654034,-13.018035,152.7,5687.208,2025-01-20 09:51:00,FM-15,-5.6,-13.9,52.0,4.6,False,False,False,False
183.989138,10,0,False,86.545029,49.445441416666675,2025-01-20 10:00:00-05:00,2025-01-20 15:00:00+00:00,51301,PSEG,PS,PS,USW00014734,PJM,PSEG,actual_metered,2025-01-19 11:00:00-05:00,2025-01-20 00:00:00-05:00,False,2025-01-19 10:00:00-05:00,86.545029,2025-01-19 00:00:00-05:00,True,True,12.83521,-43.086072,214.24,5752.968,2025-01-20 10:51:00,FM-15,-4.4,-13.9,48.0,6.2,False,False,False,False
170.059455,11,0,False,85.441975,50.71898754166667,2025-01-20 11:00:00-05:00,2025-01-20 16:00:00+00:00,51301,PSEG,PS,PS,USW00014734,PJM,PSEG,actual_metered,2025-01-19 11:00:00-05:00,2025-01-20 00:00:00-05:00,False,2025-01-19 11:00:00-05:00,85.441975,2025-01-19 00:00:00-05:00,True,True,12.496001,-32.226546,189.79,5762.255,2025-01-20 11:51:00,FM-15,-3.3,-13.3,46.0,4.1,False,False,False,False
165.241732,12,0,False,84.588115,52.22686841666667,2025-01-20 12:00:00-05:00,2025-01-20 17:00:00+00:00,51301,PSEG,PS,PS,USW00014734,PJM,PSEG,actual_metered,2025-01-19 11:00:00-05:00,2025-01-20 00:00:00-05:00,False,2025-01-19 12:00:00-05:00,84.588115,2025-01-19 00:00:00-05:00,True,True,12.466245,-22.784513,175.56,5756.575,2025-01-20 12:51:00,FM-15,-2.8,-14.4,41.0,7.2,False,False,False,False
168.345479,13,0,False,80.235094,53.707753499999995,2025-01-20 13:00:00-05:00,2025-01-20 18:00:00+00:00,51301,PSEG,PS,PS,USW00014734,PJM,PSEG,actual_metered,2025-01-19 11:00:00-05:00,2025-01-20 00:00:00-05:00,False,2025-01-19 13:00:00-05:00,80.235094,2025-01-19 00:00:00-05:00,True,True,12.024655,-12.519176,168.84,5796.638,2025-01-20 13:51:00,FM-15,-3.3,-15.6,38.0,7.2,False,False,False,False
171.082474,14,0,False,84.67325,55.488062500000005,2025-01-20 14:00:00-05:00,2025-01-20 19:00:00+00:00,51301,PSEG,PS,PS,USW00014734,PJM,PSEG,actual_metered,2025-01-19 11:00:00-05:00,2025-01-20 00:00:00-05:00,False,2025-01-19 14:00:00-05:00,84.67325,2025-01-19 00:00:00-05:00,True,True,12.835703,1.716771,156.53,5786.736,2025-01-20 14:51:00,FM-15,-3.3,-15.0,40.0,8.8,False,False,False,False
177.848678,15,0,False,92.039134,57.49330075,2025-01-20 15:00:00-05:00,2025-01-20 20:00:00+00:00,51301,PSEG,PS,PS,USW00014734,PJM,PSEG,actual_metered,2025-01-19 11:00:00-05:00,2025-01-20 00:00:00-05:00,False,2025-01-19 15:00:00-05:00,92.039134,2025-01-19 00:00:00-05:00,True,True,15.144346,-10.625668,173.33,5779.353,2025-01-20 15:51:00,FM-15,-3.9,-15.6,40.0,6.7,False,False,False,False
190.052516,16,0,False,108.660364,60.08177145833333,2025-01-20 16:00:00-05:00,2025-01-20 21:00:00+00:00,51301,PSEG,PS,PS,USW00014734,PJM,PSEG,actual_metered,2025-01-19 11:00:00-05:00,2025-01-20 00:00:00-05:00,False,2025-01-19 16:00:00-05:00,108.660364,2025-01-19 00:00:00-05:00,True,True,16.238383,-31.965867,205.78,5940.971,2025-01-20 16:51:00,FM-15,-4.4,-16.7,38.0,7.2,False,False,False,False
260.411498,17,0,False,173.261802,64.84930470833332,2025-01-20 17:00:00-05:00,2025-01-20 22:00:00+00:00,51301,PSEG,PS,PS,USW00014734,PJM,PSEG,actual_metered,2025-01-19 11:00:00-05:00,2025-01-20 00:00:00-05:00,False,2025-01-19 17:00:00-05:00,173.261802,2025-01-19 00:00:00-05:00,True,True,20.808819,-54.687321,294.29,6261.062,2025-01-20 17:51:00,FM-15,-5.6,-16.7,42.0,7.7,False,False,False,False
268.918276,18,0,False,174.760242,69.734233,2025-01-20 18:00:00-05:00,2025-01-20 23:00:00+00:00,51301,PSEG,PS,PS,USW00014734,PJM,PSEG,actual_metered,2025-01-19 11:00:00-05:00,2025-01-20 00:00:00-05:00,False,2025-01-19 18:00:00-05:00,174.760242,2025-01-19 00:00:00-05:00,True,True,18.667763,-57.809487,308.06,6329.281,2025-01-20 18:51:00,FM-15,-6.1,-17.2,41.0,5.7,False,False,False,False
254.890309,19,0,False,162.823911,74.257628,2025-01-20 19:00:00-05:00,2025-01-21 00:00:00+00:00,51301,PSEG,PS,PS,USW00014734,PJM,PSEG,actual_metered,2025-01-19 11:00:00-05:00,2025-01-20 00:00:00-05:00,False,2025-01-19 19:00:00-05:00,162.823911,2025-01-19 00:00:00-05:00,True,True,15.192965,-59.502656,299.2,6291.07,2025-01-20 19:51:00,FM-15,-6.7,-17.2,43.0,6.2,False,False,False,False
249.731721,20,0,False,159.419601,78.6738325,2025-01-20 20:00:00-05:00,2025-01-21 01:00:00+00:00,51301,PSEG,PS,PS,USW00014734,PJM,PSEG,actual_metered,2025-01-19 11:00:00-05:00,2025-01-20 00:00:00-05:00,False,2025-01-19 20:00:00-05:00,159.419601,2025-01-19 00:00:00-05:00,True,True,14.176886,-61.575165,297.13,6182.554,2025-01-20 20:51:00,FM-15,-7.2,-17.8,43.0,5.1,False,False,False,False
240.692721,21,0,False,150.71109,82.808014875,2025-01-20 21:00:00-05:00,2025-01-21 02:00:00+00:00,51301,PSEG,PS,PS,USW00014734,PJM,PSEG,actual_metered,2025-01-19 11:00:00-05:00,2025-01-20 00:00:00-05:00,False,2025-01-19 21:00:00-05:00,150.71109,2025-01-19 00:00:00-05:00,True,True,15.26524,-61.862519,287.29,6021.7,2025-01-20 21:51:00,FM-15,-7.8,-18.3,43.0,4.1,False,False,False,False
228.368248,22,0,False,142.615582,86.68926854166666,2025-01-20 22:00:00-05:00,2025-01-21 03:00:00+00:00,51301,PSEG,PS,PS,USW00014734,PJM,PSEG,actual_metered,2025-01-19 11:00:00-05:00,2025-01-20 00:00:00-05:00,False,2025-01-19 22:00:00-05:00,142.615582,2025-01-19 00:00:00-05:00,True,True,13.744025,-59.725777,274.35,5828.552,2025-01-20 22:51:00,FM-15,-8.3,-18.3,45.0,4.6,False,False,False,False
234.443117,23,0,False,117.995183,89.73037320833333,2025-01-20 23:00:00-05:00,2025-01-21 04:00:00+00:00,51301,PSEG,PS,PS,USW00014734,PJM,PSEG,actual_metered,2025-01-19 11:00:00-05:00,2025-01-20 00:00:00-05:00,False,2025-01-19 23:00:00-05:00,117.995183,2025-01-19 00:00:00-05:00,True,True,15.829259,-43.916142,262.53,5497.63,2025-01-20 23:51:00,FM-15,-8.9,-18.9,45.0,5.1,False,False,False,False
195.866719,0,1,False,96.137857,91.89780133333333,2025-01-21 00:00:00-05:00,2025-01-21 05:00:00+00:00,51301,PSEG,PS,PS,USW00014734,PJM,PSEG,actual_metered,2025-01-20 11:00:00-05:00,2025-01-21 00:00:00-05:00,False,2025-01-20 00:00:00-05:00,96.137857,2025-01-20 00:00:00-05:00,True,True,10.271171,1.015548,184.58,5309.12,2025-01-21 00:51:00,FM-15,-9.4,-18.9,46.0,5.1,False,False,False,False
198.572767,1,1,False,94.236847,94.06349079166667,2025-01-21 01:00:00-05:00,2025-01-21 06:00:00+00:00,51301,PSEG,PS,PS,USW00014734,PJM,PSEG,actual_metered,2025-01-20 11:00:00-05:00,2025-01-21 00:00:00-05:00,False,2025-01-20 01:00:00-05:00,94.236847,2025-01-20 00:00:00-05:00,True,True,9.083963,1.078804,188.41,5202.262,2025-01-21 01:51:00,FM-15,-10.0,-19.4,47.0,5.1,False,False,False,False
198.650726,2,1,False,96.704599,96.3775445,2025-01-21 02:00:00-05:00,2025-01-21 07:00:00+00:00,51301,PSEG,PS,PS,USW00014734,PJM,PSEG,actual_metered,2025-01-20 11:00:00-05:00,2025-01-21 00:00:00-05:00,False,2025-01-20 02:00:00-05:00,96.704599,2025-01-20 00:00:00-05:00,True,True,8.450167,1.330559,188.87,5136.798,2025-01-21 02:51:00,FM-15,-10.6,-20.0,46.0,4.1,False,False,False,False
215.95265,3,1,False,108.674267,99.19013108333336,2025-01-21 03:00:00-05:00,2025-01-21 08:00:00+00:00,51301,PSEG,PS,PS,USW00014734,PJM,PSEG,actual_metered,2025-01-20 11:00:00-05:00,2025-01-21 00:00:00-05:00,False,2025-01-20 03:00:00-05:00,108.674267,2025-01-20 00:00:00-05:00,True,True,7.887532,1.505118,206.56,5131.815,2025-01-21 03:51:00,FM-15,-10.6,-20.0,46.0,3.1,False,False,False,False
233.242847,4,1,False,114.823224,102.27129020833333,2025-01-21 04:00:00-05:00,2025-01-21 09:00:00+00:00,51301,PSEG,PS,PS,USW00014734,PJM,PSEG,actual_metered,2025-01-20 11:00:00-05:00,2025-01-21 00:00:00-05:00,False,2025-01-20 04:00:00-05:00,114.823224,2025-01-20 00:00:00-05:00,True,True,10.191513,0.491334,222.56,5160.163,2025-01-21 04:51:00,FM-15,-11.1,-20.0,48.0,3.1,False,False,False,False
275.350561,5,1,False,140.067034,106.44177779166667,2025-01-21 05:00:00-05:00,2025-01-21 10:00:00+00:00,51301,PSEG,PS,PS,USW00014734,PJM,PSEG,actual_metered,2025-01-20 11:00:00-05:00,2025-01-21 00:00:00-05:00,False,2025-01-20 05:00:00-05:00,140.067034,2025-01-20 00:00:00-05:00,True,True,12.484745,1.585816,261.28,5431.503,2025-01-21 05:51:00,FM-15,-12.8,-19.4,58.0,2.6,False,False,False,False
282.729976,6,1,False,174.080914,111.900470875,2025-01-21 06:00:00-05:00,2025-01-21 11:00:00+00:00,51301,PSEG,PS,PS,USW00014734,PJM,PSEG,actual_metered,2025-01-20 11:00:00-05:00,2025-01-21 00:00:00-05:00,False,2025-01-20 06:00:00-05:00,174.080914,2025-01-20 00:00:00-05:00,True,True,15.753216,-11.51324,278.49,5928.277,2025-01-21 06:51:00,FM-15,-12.2,-18.9,58.0,4.1,False,False,False,False
319.71058,7,1,False,250.911405,120.35538754166667,2025-01-21 07:00:00-05:00,2025-01-21 12:00:00+00:00,51301,PSEG,PS,PS,USW00014734,PJM,PSEG,actual_metered,2025-01-20 11:00:00-05:00,2025-01-21 00:00:00-05:00,False,2025-01-20 07:00:00-05:00,250.911405,2025-01-20 00:00:00-05:00,True,True,14.026759,-5.956179,311.64,6309.339,2025-01-21 07:51:00,FM-15,-12.2,-19.4,55.0,4.1,False,False,False,False
281.023522,8,1,False,207.709157,126.79304054166666,2025-01-21 08:00:00-05:00,2025-01-21 13:00:00+00:00,51301,PSEG,PS,PS,USW00014734,PJM,PSEG,actual_metered,2025-01-20 11:00:00-05:00,2025-01-21 00:00:00-05:00,False,2025-01-20 08:00:00-05:00,207.709157,2025-01-20 00:00:00-05:00,True,True,12.821308,0.672214,267.53,6317.542,2025-01-21 08:51:00,FM-15,-11.1,-19.4,51.0,6.2,False,False,False,False
266.706034,9,1,False,144.335999,130.477153125,2025-01-21 09:00:00-05:00,2025-01-21 14:00:00+00:00,51301,PSEG,PS,PS,USW00014734,PJM,PSEG,actual_metered,2025-01-20 11:00:00-05:00,2025-01-21 00:00:00-05:00,False,2025-01-20 09:00:00-05:00,144.335999,2025-01-20 00:00:00-05:00,True,True,15.454676,5.101358,246.15,6385.576,2025-01-21 09:51:00,FM-15,-10.6,-18.9,51.0,6.2,False,False,False,False
283.682739,10,1,False,183.989138,134.53732433333334,2025-01-21 10:00:00-05:00,2025-01-21 15:00:00+00:00,51301,PSEG,PS,PS,USW00014734,PJM,PSEG,actual_metered,2025-01-20 11:00:00-05:00,2025-01-21 00:00:00-05:00,False,2025-01-20 10:00:00-05:00,183.989138,2025-01-20 00:00:00-05:00,True,True,16.803846,39.578893,227.3,6393.953,2025-01-21 10:51:00,FM-15,-8.9,-18.9,45.0,4.1,False,False,False,False
277.857138,11,1,False,170.059455,138.06305266666666,2025-01-21 11:00:00-05:00,2025-01-21 16:00:00+00:00,51301,PSEG,PS,PS,USW00014734,PJM,PSEG,actual_metered,2025-01-20 11:00:00-05:00,2025-01-21 00:00:00-05:00,False,2025-01-20 11:00:00-05:00,170.059455,2025-01-20 00:00:00-05:00,True,True,17.834951,46.652187,213.37,6320.758,2025-01-21 11:51:00,FM-15,-7.2,-18.9,39.0,2.6,False,False,False,False
266.083002,12,1,False,165.241732,141.42362004166668,2025-01-21 12:00:00-05:00,2025-01-21 17:00:00+00:00,51301,PSEG,PS,PS,USW00014734,PJM,PSEG,actual_metered,2025-01-20 11:00:00-05:00,2025-01-21 00:00:00-05:00,False,2025-01-20 12:00:00-05:00,165.241732,2025-01-20 00:00:00-05:00,True,True,18.397931,34.835071,212.85,6193.25,2025-01-21 12:51:00,FM-15,-7.2,-20.0,36.0,4.6,False,False,False,False
244.802528,13,1,False,168.345479,145.09488608333334,2025-01-21 13:00:00-05:00,2025-01-21 18:00:00+00:00,51301,PSEG,PS,PS,USW00014734,PJM,PSEG,actual_metered,2025-01-20 11:00:00-05:00,2025-01-21 00:00:00-05:00,False,2025-01-20 13:00:00-05:00,168.345479,2025-01-20 00:00:00-05:00,True,True,16.956001,35.306527,192.54,6214.85,2025-01-21 13:51:00,FM-15,-7.2,-20.0,36.0,2.6,False,False,False,False
235.937275,14,1,False,171.082474,148.69527041666666,2025-01-21 14:00:00-05:00,2025-01-21 19:00:00+00:00,51301,PSEG,PS,PS,USW00014734,PJM,PSEG,actual_metered,2025-01-20 11:00:00-05:00,2025-01-21 00:00:00-05:00,False,2025-01-20 14:00:00-05:00,171.082474,2025-01-20 00:00:00-05:00,True,True,17.553696,25.193579,193.19,6235.172,2025-01-21 14:51:00,FM-15,-7.2,-20.0,36.0,4.1,False,False,False,False
257.986524,15,1,False,177.848678,152.27066808333333,2025-01-21 15:00:00-05:00,2025-01-21 20:00:00+00:00,51301,PSEG,PS,PS,USW00014734,PJM,PSEG,actual_metered,2025-01-20 11:00:00-05:00,2025-01-21 00:00:00-05:00,False,2025-01-20 15:00:00-05:00,177.848678,2025-01-20 00:00:00-05:00,True,True,18.739642,28.806882,210.44,6259.272,2025-01-21 15:51:00,FM-15,-7.2,-20.0,36.0,5.1,False,False,False,False
278.244632,16,1,False,190.052516,155.66200775000001,2025-01-21 16:00:00-05:00,2025-01-21 21:00:00+00:00,51301,PSEG,PS,PS,USW00014734,PJM,PSEG,actual_metered,2025-01-20 11:00:00-05:00,2025-01-21 00:00:00-05:00,False,2025-01-20 16:00:00-05:00,190.052516,2025-01-20 00:00:00-05:00,True,True,17.50819,29.126442,231.61,6427.898,2025-01-21 16:51:00,FM-15,-7.2,-21.1,32.0,5.7,False,False,False,False
319.797892,17,1,False,260.411498,159.29324508333335,2025-01-21 17:00:00-05:00,2025-01-21 22:00:00+00:00,51301,PSEG,PS,PS,USW00014734,PJM,PSEG,actual_metered,2025-01-20 11:00:00-05:00,2025-01-21 00:00:00-05:00,False,2025-01-20 17:00:00-05:00,260.411498,2025-01-20 00:00:00-05:00,True,True,19.0819,8.875992,291.84,6760.71,2025-01-21 17:51:00,FM-15,-7.8,-20.0,37.0,5.1,False,False,False,False
319.866754,18,1,False,268.918276,163.21649649999998,2025-01-21 18:00:00-05:00,2025-01-21 23:00:00+00:00,51301,PSEG,PS,PS,USW00014734,PJM,PSEG,actual_metered,2025-01-20 11:00:00-05:00,2025-01-21 00:00:00-05:00,False,2025-01-20 18:00:00-05:00,268.918276,2025-01-20 00:00:00-05:00,True,True,16.849872,5.126882,297.89,6707.463,2025-01-21 18:51:00,FM-15,-7.8,-19.4,39.0,5.7,False,False,False,False
315.707954,19,1,False,254.890309,167.05259641666666,2025-01-21 19:00:00-05:00,2025-01-22 00:00:00+00:00,51301,PSEG,PS,PS,USW00014734,PJM,PSEG,actual_metered,2025-01-20 11:00:00-05:00,2025-01-21 00:00:00-05:00,False,2025-01-20 19:00:00-05:00,254.890309,2025-01-20 00:00:00-05:00,True,True,15.807129,0.020825,299.88,6610.981,2025-01-21 19:51:00,FM-15,-8.3,-18.9,43.0,5.7,False,False,False,False
285.339465,20,1,False,249.731721,170.81560141666668,2025-01-21 20:00:00-05:00,2025-01-22 01:00:00+00:00,51301,PSEG,PS,PS,USW00014734,PJM,PSEG,actual_metered,2025-01-20 11:00:00-05:00,2025-01-21 00:00:00-05:00,False,2025-01-20 20:00:00-05:00,249.731721,2025-01-20 00:00:00-05:00,True,True,14.252567,0.626898,270.46,6507.66,2025-01-21 20:51:00,FM-15,-8.3,-19.4,41.0,5.7,False,False,False,False
286.008739,21,1,False,240.692721,174.56483604166667,2025-01-21 21:00:00-05:00,2025-01-22 02:00:00+00:00,51301,PSEG,PS,PS,USW00014734,PJM,PSEG,actual_metered,2025-01-20 11:00:00-05:00,2025-01-21 00:00:00-05:00,False,2025-01-20 21:00:00-05:00,240.692721,2025-01-20 00:00:00-05:00,True,True,12.882446,15.246293,257.88,6316.197,2025-01-21 21:51:00,FM-15,-8.3,-18.9,43.0,4.6,False,False,False,False
242.450888,22,1,False,228.368248,178.13786379166666,2025-01-21 22:00:00-05:00,2025-01-22 03:00:00+00:00,51301,PSEG,PS,PS,USW00014734,PJM,PSEG,actual_metered,2025-01-20 11:00:00-05:00,2025-01-21 00:00:00-05:00,False,2025-01-20 22:00:00-05:00,228.368248,2025-01-20 00:00:00-05:00,True,True,10.774413,16.516475,215.16,6036.432,2025-01-21 22:51:00,FM-15,-8.9,-18.9,45.0,6.7,False,False,False,False
218.958775,23,1,False,234.443117,182.98986104166667,2025-01-21 23:00:00-05:00,2025-01-22 04:00:00+00:00,51301,PSEG,PS,PS,USW00014734,PJM,PSEG,actual_metered,2025-01-20 11:00:00-05:00,2025-01-21 00:00:00-05:00,False,2025-01-20 23:00:00-05:00,234.443117,2025-01-20 00:00:00-05:00,True,True,10.338775,4.0,204.62,5744.292,2025-01-21 23:51:00,FM-15,-9.4,-18.9,46.0,4.6,False,False,False,False
195.521134,0,2,False,195.866719,187.1452302916667,2025-01-22 00:00:00-05:00,2025-01-22 05:00:00+00:00,51301,PSEG,PS,PS,USW00014734,PJM,PSEG,actual_metered,2025-01-21 11:00:00-05:00,2025-01-22 00:00:00-05:00,False,2025-01-21 00:00:00-05:00,195.866719,2025-01-21 00:00:00-05:00,True,True,11.759068,1.742066,182.02,5532.463,2025-01-22 00:51:00,FM-15,-9.4,-19.4,44.0,4.6,False,False,False,False
187.347633,1,2,False,198.572767,191.49256029166668,2025-01-22 01:00:00-05:00,2025-01-22 06:00:00+00:00,51301,PSEG,PS,PS,USW00014734,PJM,PSEG,actual_metered,2025-01-21 11:00:00-05:00,2025-01-22 00:00:00-05:00,False,2025-01-21 01:00:00-05:00,198.572767,2025-01-21 00:00:00-05:00,True,True,8.401644,9.605989,169.34,5427.454,2025-01-22 01:51:00,FM-15,-10.6,-20.0,46.0,3.1,False,False,False,False
190.105612,2,2,False,198.650726,195.7403155833333,2025-01-22 02:00:00-05:00,2025-01-22 07:00:00+00:00,51301,PSEG,PS,PS,USW00014734,PJM,PSEG,actual_metered,2025-01-21 11:00:00-05:00,2025-01-22 00:00:00-05:00,False,2025-01-21 02:00:00-05:00,198.650726,2025-01-21 00:00:00-05:00,True,True,8.241167,5.404445,176.46,5310.705,2025-01-22 02:51:00,FM-15,-11.1,-20.0,48.0,2.6,False,False,False,False
181.852327,3,2,False,215.95265,200.21024820833335,2025-01-22 03:00:00-05:00,2025-01-22 08:00:00+00:00,51301,PSEG,PS,PS,USW00014734,PJM,PSEG,actual_metered,2025-01-21 11:00:00-05:00,2025-01-22 00:00:00-05:00,False,2025-01-21 03:00:00-05:00,215.95265,2025-01-21 00:00:00-05:00,True,True,7.853931,2.078396,171.92,5319.583,2025-01-22 03:51:00,FM-15,-11.7,-20.0,51.0,2.6,False,False,False,False
185.692357,4,2,False,233.242847,205.14439916666663,2025-01-22 04:00:00-05:00,2025-01-22 09:00:00+00:00,51301,PSEG,PS,PS,USW00014734,PJM,PSEG,actual_metered,2025-01-21 11:00:00-05:00,2025-01-22 00:00:00-05:00,False,2025-01-21 04:00:00-05:00,233.242847,2025-01-21 00:00:00-05:00,True,True,7.867732,1.004625,176.82,5390.124,2025-01-22 04:51:00,FM-15,-10.6,-20.0,46.0,3.6,False,False,False,False
214.309908,5,2,False,275.350561,210.78121279166666,2025-01-22 05:00:00-05:00,2025-01-22 10:00:00+00:00,51301,PSEG,PS,PS,USW00014734,PJM,PSEG,actual_metered,2025-01-21 11:00:00-05:00,2025-01-22 00:00:00-05:00,False,2025-01-21 05:00:00-05:00,275.350561,2025-01-21 00:00:00-05:00,True,True,9.89764,-2.857732,207.27,5573.083,2025-01-22 05:51:00,FM-15,-12.2,-19.4,55.0,2.6,False,False,False,False
271.408389,6,2,False,282.729976,215.30825704166668,2025-01-22 06:00:00-05:00,2025-01-22 11:00:00+00:00,51301,PSEG,PS,PS,USW00014734,PJM,PSEG,actual_metered,2025-01-21 11:00:00-05:00,2025-01-22 00:00:00-05:00,False,2025-01-21 06:00:00-05:00,282.729976,2025-01-21 00:00:00-05:00,True,True,10.554645,-11.836256,272.69,6028.666,2025-01-22 06:51:00,FM-15,-11.7,-20.0,51.0,4.1,False,False,False,False
302.559852,7,2,False,319.71058,218.17488933333334,2025-01-22 07:00:00-05:00,2025-01-22 12:00:00+00:00,51301,PSEG,PS,PS,USW00014734,PJM,PSEG,actual_metered,2025-01-21 11:00:00-05:00,2025-01-22 00:00:00-05:00,False,2025-01-21 07:00:00-05:00,319.71058,2025-01-21 00:00:00-05:00,True,True,8.004403,-13.234551,307.79,6345.492,2025-01-22 07:51:00,FM-15,-11.7,-20.6,48.0,4.6,False,False,False,False
253.739502,8,2,False,281.023522,221.22965454166663,2025-01-22 08:00:00-05:00,2025-01-22 13:00:00+00:00,51301,PSEG,PS,PS,USW00014734,PJM,PSEG,actual_metered,2025-01-21 11:00:00-05:00,2025-01-22 00:00:00-05:00,False,2025-01-21 08:00:00-05:00,281.023522,2025-01-21 00:00:00-05:00,True,True,7.514398,0.585104,245.64,6479.663,2025-01-22 08:51:00,FM-15,-11.1,-20.6,46.0,5.7,False,False,False,False
221.836427,9,2,False,266.706034,226.328406,2025-01-22 09:00:00-05:00,2025-01-22 14:00:00+00:00,51301,PSEG,PS,PS,USW00014734,PJM,PSEG,actual_metered,2025-01-21 11:00:00-05:00,2025-01-22 00:00:00-05:00,False,2025-01-21 09:00:00-05:00,266.706034,2025-01-21 00:00:00-05:00,True,True,7.884817,15.86161,198.09,6477.295,2025-01-22 09:51:00,FM-15,-9.4,-20.0,42.0,5.7,False,False,False,False
176.580746,10,2,False,283.682739,230.48230604166667,2025-01-22 10:00:00-05:00,2025-01-22 15:00:00+00:00,51301,PSEG,PS,PS,USW00014734,PJM,PSEG,actual_metered,2025-01-21 11:00:00-05:00,2025-01-22 00:00:00-05:00,False,2025-01-21 10:00:00-05:00,283.682739,2025-01-21 00:00:00-05:00,True,True,7.098838,-0.918092,170.4,6338.319,2025-01-22 10:51:00,FM-15,-8.3,-19.4,41.0,6.2,False,False,False,False
165.263194,11,2,False,277.857138,234.97387616666666,2025-01-22 11:00:00-05:00,2025-01-22 16:00:00+00:00,51301,PSEG,PS,PS,USW00014734,PJM,PSEG,actual_metered,2025-01-21 11:00:00-05:00,2025-01-22 00:00:00-05:00,False,2025-01-21 11:00:00-05:00,277.857138,2025-01-21 00:00:00-05:00,True,True,5.796268,7.216926,152.25,6242.161,2025-01-22 11:51:00,FM-15,-7.2,-20.6,34.0,2.6,False,False,False,False
154.21021,12,2,False,266.083002,239.17559574999999,2025-01-22 12:00:00-05:00,2025-01-22 17:00:00+00:00,51301,PSEG,PS,PS,USW00014734,PJM,PSEG,actual_metered,2025-01-21 11:00:00-05:00,2025-01-22 00:00:00-05:00,False,2025-01-21 12:00:00-05:00,266.083002,2025-01-21 00:00:00-05:00,True,True,5.631859,14.178351,134.4,6093.687,2025-01-22 12:51:00,FM-15,-6.7,-21.1,31.0,1.5,False,False,False,False
148.558635,13,2,False,244.802528,242.36130612500003,2025-01-22 13:00:00-05:00,2025-01-22 18:00:00+00:00,51301,PSEG,PS,PS,USW00014734,PJM,PSEG,actual_metered,2025-01-21 11:00:00-05:00,2025-01-22 00:00:00-05:00,False,2025-01-21 13:00:00-05:00,244.802528,2025-01-21 00:00:00-05:00,True,True,5.40991,15.498725,127.65,6017.577,2025-01-22 13:51:00,FM-15,-6.7,-21.1,31.0,1.5,False,False,False,False
152.896007,14,2,False,235.937275,245.06358950000003,2025-01-22 14:00:00-05:00,2025-01-22 19:00:00+00:00,51301,PSEG,PS,PS,USW00014734,PJM,PSEG,actual_metered,2025-01-21 11:00:00-05:00,2025-01-22 00:00:00-05:00,False,2025-01-21 14:00:00-05:00,235.937275,2025-01-21 00:00:00-05:00,True,True,5.516119,15.129888,132.25,5982.163,2025-01-22 14:51:00,FM-15,-6.1,-21.1,30.0,2.1,False,False,False,False
157.750588,15,2,False,257.986524,248.40266641666668,2025-01-22 15:00:00-05:00,2025-01-22 20:00:00+00:00,51301,PSEG,PS,PS,USW00014734,PJM,PSEG,actual_metered,2025-01-21 11:00:00-05:00,2025-01-22 00:00:00-05:00,False,2025-01-21 15:00:00-05:00,257.986524,2025-01-21 00:00:00-05:00,True,True,5.470423,20.570165,131.71,6017.784,2025-01-22 15:51:00,FM-15,-6.1,-21.7,28.0,1.5,False,False,False,False
182.909888,16,2,False,278.244632,252.0773379166667,2025-01-22 16:00:00-05:00,2025-01-22 21:00:00+00:00,51301,PSEG,PS,PS,USW00014734,PJM,PSEG,actual_metered,2025-01-21 11:00:00-05:00,2025-01-22 00:00:00-05:00,False,2025-01-21 16:00:00-05:00,278.244632,2025-01-21 00:00:00-05:00,True,True,6.442099,23.157789,153.31,6246.696,2025-01-22 16:51:00,FM-15,-6.7,-20.6,32.0,1.5,False,False,False,False
194.367266,17,2,False,319.797892,254.551771,2025-01-22 17:00:00-05:00,2025-01-22 22:00:00+00:00,51301,PSEG,PS,PS,USW00014734,PJM,PSEG,actual_metered,2025-01-21 11:00:00-05:00,2025-01-22 00:00:00-05:00,False,2025-01-21 17:00:00-05:00,319.797892,2025-01-21 00:00:00-05:00,True,True,7.093104,5.094162,182.18,6558.034,2025-01-22 17:51:00,FM-15,-7.2,-20.0,36.0,3.1,False,False,False,False
213.959452,18,2,False,319.866754,256.67462425,2025-01-22 18:00:00-05:00,2025-01-22 23:00:00+00:00,51301,PSEG,PS,PS,USW00014734,PJM,PSEG,actual_metered,2025-01-21 11:00:00-05:00,2025-01-22 00:00:00-05:00,False,2025-01-21 18:00:00-05:00,319.866754,2025-01-21 00:00:00-05:00,True,True,6.868951,19.240501,187.85,6612.747,2025-01-22 18:51:00,FM-15,-7.2,-20.0,36.0,3.1,False,False,False,False
178.262263,19,2,False,315.707954,259.2086927916667,2025-01-22 19:00:00-05:00,2025-01-23 00:00:00+00:00,51301,PSEG,PS,PS,USW00014734,PJM,PSEG,actual_metered,2025-01-21 11:00:00-05:00,2025-01-22 00:00:00-05:00,False,2025-01-21 19:00:00-05:00,315.707954,2025-01-21 00:00:00-05:00,True,True,5.863325,8.918938,163.48,6576.832,2025-01-22 19:51:00,FM-15,-7.2,-20.0,36.0,3.6,False,False,False,False
180.822876,20,2,False,285.339465,260.6923487916667,2025-01-22 20:00:00-05:00,2025-01-23 01:00:00+00:00,51301,PSEG,PS,PS,USW00014734,PJM,PSEG,actual_metered,2025-01-21 11:00:00-05:00,2025-01-22 00:00:00-05:00,False,2025-01-21 20:00:00-05:00,285.339465,2025-01-21 00:00:00-05:00,True,True,6.656831,5.756045,168.41,6476.339,2025-01-22 20:51:00,FM-15,-7.8,-20.6,35.0,2.1,False,False,False,False
168.563346,21,2,False,286.008739,262.58051620833334,2025-01-22 21:00:00-05:00,2025-01-23 02:00:00+00:00,51301,PSEG,PS,PS,USW00014734,PJM,PSEG,actual_metered,2025-01-21 11:00:00-05:00,2025-01-22 00:00:00-05:00,False,2025-01-21 21:00:00-05:00,286.008739,2025-01-21 00:00:00-05:00,True,True,6.369215,1.034131,161.16,6314.932,2025-01-22 21:51:00,FM-15,-7.8,-20.0,37.0,2.1,False,False,False,False
161.410394,22,2,False,242.450888,263.167292875,2025-01-22 22:00:00-05:00,2025-01-23 03:00:00+00:00,51301,PSEG,PS,PS,USW00014734,PJM,PSEG,actual_metered,2025-01-21 11:00:00-05:00,2025-01-22 00:00:00-05:00,False,2025-01-21 22:00:00-05:00,242.450888,2025-01-21 00:00:00-05:00,True,True,5.772597,4.327797,151.31,6035.862,2025-01-22 22:51:00,FM-15,-8.9,-18.9,45.0,2.1,False,False,False,False
160.382888,23,2,False,218.958775,262.52211195833337,2025-01-22 23:00:00-05:00,2025-01-23 04:00:00+00:00,51301,PSEG,PS,PS,USW00014734,PJM,PSEG,actual_metered,2025-01-21 11:00:00-05:00,2025-01-22 00:00:00-05:00,False,2025-01-21 23:00:00-05:00,218.958775,2025-01-21 00:00:00-05:00,True,True,8.265968,8.86692,143.25,5779.307,2025-01-22 23:51:00,FM-15,-9.4,-19.4,44.0,1.5,False,False,False,False
140.701258,0,3,False,195.521134,262.50771258333333,2025-01-23 00:00:00-05:00,2025-01-23 05:00:00+00:00,51301,PSEG,PS,PS,USW00014734,PJM,PSEG,actual_metered,2025-01-22 11:00:00-05:00,2025-01-23 00:00:00-05:00,False,2025-01-22 00:00:00-05:00,195.521134,2025-01-22 00:00:00-05:00,True,True,5.265783,-2.934525,138.37,5503.667,2025-01-23 00:51:00,FM-15,-9.4,-19.4,44.0,0.0,False,False,False,False
140.302811,1,3,False,187.347633,262.0399986666667,2025-01-23 01:00:00-05:00,2025-01-23 06:00:00+00:00,51301,PSEG,PS,PS,USW00014734,PJM,PSEG,actual_metered,2025-01-22 11:00:00-05:00,2025-01-23 00:00:00-05:00,False,2025-01-22 01:00:00-05:00,187.347633,2025-01-22 00:00:00-05:00,True,True,6.105285,-0.492474,134.69,5411.535,2025-01-23 01:51:00,FM-15,-9.4,-18.9,46.0,1.5,False,False,False,False
133.96673,2,3,False,190.105612,261.68395225,2025-01-23 02:00:00-05:00,2025-01-23 07:00:00+00:00,51301,PSEG,PS,PS,USW00014734,PJM,PSEG,actual_metered,2025-01-22 11:00:00-05:00,2025-01-23 00:00:00-05:00,False,2025-01-22 02:00:00-05:00,190.105612,2025-01-22 00:00:00-05:00,True,True,5.610858,-1.204128,129.56,5330.288,,,,,,,,,True,False
134.351588,3,3,False,181.852327,260.2631054583333,2025-01-23 03:00:00-05:00,2025-01-23 08:00:00+00:00,51301,PSEG,PS,PS,USW00014734,PJM,PSEG,actual_metered,2025-01-22 11:00:00-05:00,2025-01-23 00:00:00-05:00,False,2025-01-22 03:00:00-05:00,181.852327,2025-01-22 00:00:00-05:00,True,True,5.055044,-1.083456,130.38,5300.268,,,,,,,,,True,False
137.863648,4,3,False,185.692357,258.2818350416667,2025-01-23 04:00:00-05:00,2025-01-23 09:00:00+00:00,51301,PSEG,PS,PS,USW00014734,PJM,PSEG,actual_metered,2025-01-22 11:00:00-05:00,2025-01-23 00:00:00-05:00,False,2025-01-22 04:00:00-05:00,185.692357,2025-01-22 00:00:00-05:00,True,True,5.028731,1.844917,130.99,5338.937,,,,,,,,,True,False
153.724682,5,3,False,214.309908,255.73847450000002,2025-01-23 05:00:00-05:00,2025-01-23 10:00:00+00:00,51301,PSEG,PS,PS,USW00014734,PJM,PSEG,actual_metered,2025-01-22 11:00:00-05:00,2025-01-23 00:00:00-05:00,False,2025-01-22 05:00:00-05:00,214.309908,2025-01-22 00:00:00-05:00,True,True,6.1935,1.381182,146.15,5498.817,2025-01-23 05:51:00,FM-15,-8.3,-18.3,45.0,2.1,False,False,False,False
196.927524,6,3,False,271.408389,255.26674170833334,2025-01-23 06:00:00-05:00,2025-01-23 11:00:00+00:00,51301,PSEG,PS,PS,USW00014734,PJM,PSEG,actual_metered,2025-01-22 11:00:00-05:00,2025-01-23 00:00:00-05:00,False,2025-01-22 06:00:00-05:00,271.408389,2025-01-22 00:00:00-05:00,True,True,6.873577,4.573947,185.48,5923.247,2025-01-23 06:51:00,FM-15,-8.3,-18.3,45.0,0.0,False,False,False,False
206.80258,7,3,False,302.559852,254.55212804166663,2025-01-23 07:00:00-05:00,2025-01-23 12:00:00+00:00,51301,PSEG,PS,PS,USW00014734,PJM,PSEG,actual_metered,2025-01-22 11:00:00-05:00,2025-01-23 00:00:00-05:00,False,2025-01-22 07:00:00-05:00,302.559852,2025-01-22 00:00:00-05:00,True,True,7.414782,-12.422202,211.81,6204.134,2025-01-23 07:51:00,FM-15,-8.3,-17.8,47.0,1.5,False,False,False,False
154.443446,8,3,False,253.739502,253.415293875,2025-01-23 08:00:00-05:00,2025-01-23 13:00:00+00:00,51301,PSEG,PS,PS,USW00014734,PJM,PSEG,actual_metered,2025-01-22 11:00:00-05:00,2025-01-23 00:00:00-05:00,False,2025-01-22 08:00:00-05:00,253.739502,2025-01-22 00:00:00-05:00,True,True,6.846778,-6.773332,154.37,6227.771,2025-01-23 08:51:00,FM-15,-7.8,-17.2,47.0,2.6,False,False,False,False
129.219344,9,3,False,221.836427,251.54572691666667,2025-01-23 09:00:00-05:00,2025-01-23 14:00:00+00:00,51301,PSEG,PS,PS,USW00014734,PJM,PSEG,actual_metered,2025-01-22 11:00:00-05:00,2025-01-23 00:00:00-05:00,False,2025-01-22 09:00:00-05:00,221.836427,2025-01-22 00:00:00-05:00,True,True,5.573595,6.665749,116.98,6171.508,2025-01-23 09:51:00,FM-15,-6.1,-17.2,41.0,2.1,False,False,False,False
77.287286,10,3,False,176.580746,247.083143875,2025-01-23 10:00:00-05:00,2025-01-23 15:00:00+00:00,51301,PSEG,PS,PS,USW00014734,PJM,PSEG,actual_metered,2025-01-22 11:00:00-05:00,2025-01-23 00:00:00-05:00,False,2025-01-22 10:00:00-05:00,176.580746,2025-01-22 00:00:00-05:00,True,True,5.501819,0.075467,71.71,6038.627,2025-01-23 10:51:00,FM-15,-5.6,-16.7,42.0,3.1,False,False,False,False
65.279223,11,3,False,165.263194,242.39172954166668,2025-01-23 11:00:00-05:00,2025-01-23 16:00:00+00:00,51301,PSEG,PS,PS,USW00014734,PJM,PSEG,actual_metered,2025-01-22 11:00:00-05:00,2025-01-23 00:00:00-05:00,False,2025-01-22 11:00:00-05:00,165.263194,2025-01-22 00:00:00-05:00,True,True,4.5173,1.391923,59.37,5956.482,2025-01-23 11:51:00,FM-15,-3.3,-19.4,28.0,4.1,False,False,False,False
59.258638,12,3,False,154.21021,237.73036320833333,2025-01-23 12:00:00-05:00,2025-01-23 17:00:00+00:00,51301,PSEG,PS,PS,USW00014734,PJM,PSEG,actual_metered,2025-01-22 11:00:00-05:00,2025-01-23 00:00:00-05:00,False,2025-01-22 12:00:00-05:00,154.21021,2025-01-22 00:00:00-05:00,True,True,4.276764,1.741874,53.24,5781.777,2025-01-23 12:51:00,FM-15,-2.8,-17.2,32.0,5.1,False,False,False,False
55.706359,13,3,False,148.558635,233.72020099999997,2025-01-23 13:00:00-05:00,2025-01-23 18:00:00+00:00,51301,PSEG,PS,PS,USW00014734,PJM,PSEG,actual_metered,2025-01-22 11:00:00-05:00,2025-01-23 00:00:00-05:00,False,2025-01-22 13:00:00-05:00,148.558635,2025-01-22 00:00:00-05:00,True,True,4.384838,-0.858479,52.18,5765.403,2025-01-23 13:51:00,FM-15,-2.2,-17.8,29.0,4.6,False,False,False,False
55.023265,14,3,False,152.896007,230.26014816666665,2025-01-23 14:00:00-05:00,2025-01-23 19:00:00+00:00,51301,PSEG,PS,PS,USW00014734,PJM,PSEG,actual_metered,2025-01-22 11:00:00-05:00,2025-01-23 00:00:00-05:00,False,2025-01-22 14:00:00-05:00,152.896007,2025-01-22 00:00:00-05:00,True,True,4.242461,0.370804,50.41,5756.659,2025-01-23 14:51:00,FM-15,-2.2,-17.8,29.0,4.1,False,False,False,False
56.766467,15,3,False,157.750588,226.0836508333333,2025-01-23 15:00:00-05:00,2025-01-23 20:00:00+00:00,51301,PSEG,PS,PS,USW00014734,PJM,PSEG,actual_metered,2025-01-22 11:00:00-05:00,2025-01-23 00:00:00-05:00,False,2025-01-22 15:00:00-05:00,157.750588,2025-01-22 00:00:00-05:00,True,True,4.261204,0.945263,51.56,5842.744,2025-01-23 15:51:00,FM-15,-2.2,-16.1,34.0,4.6,False,False,False,False
64.76011,16,3,False,182.909888,222.11136983333333,2025-01-23 16:00:00-05:00,2025-01-23 21:00:00+00:00,51301,PSEG,PS,PS,USW00014734,PJM,PSEG,actual_metered,2025-01-22 11:00:00-05:00,2025-01-23 00:00:00-05:00,False,2025-01-22 16:00:00-05:00,182.909888,2025-01-22 00:00:00-05:00,True,True,4.551665,2.198445,58.01,5997.941,2025-01-23 16:51:00,FM-15,-2.8,-15.6,37.0,4.6,False,False,False,False
91.645307,17,3,False,194.367266,216.88509375,2025-01-23 17:00:00-05:00,2025-01-23 22:00:00+00:00,51301,PSEG,PS,PS,USW00014734,PJM,PSEG,actual_metered,2025-01-22 11:00:00-05:00,2025-01-23 00:00:00-05:00,False,2025-01-22 17:00:00-05:00,194.367266,2025-01-22 00:00:00-05:00,True,True,6.722466,-0.437159,85.36,6324.976,2025-01-23 17:51:00,FM-15,-3.3,-16.1,37.0,3.6,False,False,False,False
94.378272,18,3,False,213.959452,212.4722895,2025-01-23 18:00:00-05:00,2025-01-23 23:00:00+00:00,51301,PSEG,PS,PS,USW00014734,PJM,PSEG,actual_metered,2025-01-22 11:00:00-05:00,2025-01-23 00:00:00-05:00,False,2025-01-22 18:00:00-05:00,213.959452,2025-01-22 00:00:00-05:00,True,True,6.698326,-3.030054,90.71,6385.323,2025-01-23 18:51:00,FM-15,-3.9,-15.6,40.0,4.1,False,False,False,False
83.900036,19,3,False,178.262263,206.74538570833332,2025-01-23 19:00:00-05:00,2025-01-24 00:00:00+00:00,51301,PSEG,PS,PS,USW00014734,PJM,PSEG,actual_metered,2025-01-22 11:00:00-05:00,2025-01-23 00:00:00-05:00,False,2025-01-22 19:00:00-05:00,178.262263,2025-01-22 00:00:00-05:00,True,True,6.001151,-2.851115,80.75,6342.475,2025-01-23 19:51:00,FM-15,-3.9,-15.6,40.0,3.6,False,False,False,False
83.354263,20,3,False,180.822876,202.39052783333332,2025-01-23 20:00:00-05:00,2025-01-24 01:00:00+00:00,51301,PSEG,PS,PS,USW00014734,PJM,PSEG,actual_metered,2025-01-22 11:00:00-05:00,2025-01-23 00:00:00-05:00,False,2025-01-22 20:00:00-05:00,180.822876,2025-01-22 00:00:00-05:00,True,True,5.966256,-2.951993,80.34,6261.236,2025-01-23 20:51:00,FM-15,-4.4,-15.0,44.0,4.6,False,False,False,False
78.952101,21,3,False,168.563346,197.49696979166666,2025-01-23 21:00:00-05:00,2025-01-24 02:00:00+00:00,51301,PSEG,PS,PS,USW00014734,PJM,PSEG,actual_metered,2025-01-22 11:00:00-05:00,2025-01-23 00:00:00-05:00,False,2025-01-22 21:00:00-05:00,168.563346,2025-01-22 00:00:00-05:00,True,True,5.155518,-1.543417,75.34,6092.3,2025-01-23 21:51:00,FM-15,-5.0,-14.4,48.0,4.1,False,False,False,False
75.107699,22,3,False,161.410394,194.12028254166668,2025-01-23 22:00:00-05:00,2025-01-24 03:00:00+00:00,51301,PSEG,PS,PS,USW00014734,PJM,PSEG,actual_metered,2025-01-22 11:00:00-05:00,2025-01-23 00:00:00-05:00,False,2025-01-22 22:00:00-05:00,161.410394,2025-01-22 00:00:00-05:00,True,True,4.876212,-0.028513,70.26,5899.637,2025-01-23 22:51:00,FM-15,-5.0,-14.4,48.0,4.1,False,False,False,False
71.129162,23,3,False,160.382888,191.67962058333333,2025-01-23 23:00:00-05:00,2025-01-24 04:00:00+00:00,51301,PSEG,PS,PS,USW00014734,PJM,PSEG,actual_metered,2025-01-22 11:00:00-05:00,2025-01-23 00:00:00-05:00,False,2025-01-22 23:00:00-05:00,160.382888,2025-01-22 00:00:00-05:00,True,True,4.348108,2.891054,63.89,5565.923,2025-01-23 23:51:00,FM-15,-5.0,-14.4,48.0,4.6,False,False,False,False
80.156484,0,4,False,140.701258,189.39545908333335,2025-01-24 00:00:00-05:00,2025-01-24 05:00:00+00:00,51301,PSEG,PS,PS,USW00014734,PJM,PSEG,actual_metered,2025-01-23 11:00:00-05:00,2025-01-24 00:00:00-05:00,False,2025-01-23 00:00:00-05:00,140.701258,2025-01-23 00:00:00-05:00,True,True,4.382054,-2.94557,78.72,5334.296,2025-01-24 00:51:00,FM-15,-5.6,-13.9,52.0,5.1,False,False,False,False
76.540724,1,4,False,140.302811,187.43525816666667,2025-01-24 01:00:00-05:00,2025-01-24 06:00:00+00:00,51301,PSEG,PS,PS,USW00014734,PJM,PSEG,actual_metered,2025-01-23 11:00:00-05:00,2025-01-24 00:00:00-05:00,False,2025-01-23 01:00:00-05:00,140.302811,2025-01-23 00:00:00-05:00,True,True,4.194889,-2.704165,75.05,5201.418,2025-01-24 01:51:00,FM-15,-6.7,-13.9,57.0,3.6,False,False,False,False
77.358588,2,4,False,133.96673,185.09613808333333,2025-01-24 02:00:00-05:00,2025-01-24 07:00:00+00:00,51301,PSEG,PS,PS,USW00014734,PJM,PSEG,actual_metered,2025-01-23 11:00:00-05:00,2025-01-24 00:00:00-05:00,False,2025-01-23 02:00:00-05:00,133.96673,2025-01-23 00:00:00-05:00,True,True,4.085083,-3.226495,76.5,5125.224,2025-01-24 02:51:00,FM-15,-7.2,-13.9,59.0,3.6,False,False,False,False
74.88448,3,4,False,134.351588,183.11694062499998,2025-01-24 03:00:00-05:00,2025-01-24 08:00:00+00:00,51301,PSEG,PS,PS,USW00014734,PJM,PSEG,actual_metered,2025-01-23 11:00:00-05:00,2025-01-24 00:00:00-05:00,False,2025-01-23 03:00:00-05:00,134.351588,2025-01-23 00:00:00-05:00,True,True,3.885265,-4.370785,75.37,5100.376,2025-01-24 03:51:00,FM-15,-8.9,-14.4,65.0,1.5,False,False,False,False
75.863442,4,4,False,137.863648,181.12407775,2025-01-24 04:00:00-05:00,2025-01-24 09:00:00+00:00,51301,PSEG,PS,PS,USW00014734,PJM,PSEG,actual_metered,2025-01-23 11:00:00-05:00,2025-01-24 00:00:00-05:00,False,2025-01-23 04:00:00-05:00,137.863648,2025-01-23 00:00:00-05:00,True,True,3.878001,-2.744559,74.73,5172.316,2025-01-24 04:51:00,FM-15,-6.1,-13.9,54.0,5.1,False,False,False,False
82.237538,5,4,False,153.724682,178.59969333333333,2025-01-24 05:00:00-05:00,2025-01-24 10:00:00+00:00,51301,PSEG,PS,PS,USW00014734,PJM,PSEG,actual_metered,2025-01-23 11:00:00-05:00,2025-01-24 00:00:00-05:00,False,2025-01-23 05:00:00-05:00,153.724682,2025-01-23 00:00:00-05:00,True,True,4.340872,-8.983334,86.88,5358.883,2025-01-24 05:51:00,FM-15,-6.7,-13.3,60.0,2.6,False,False,False,False
103.539748,6,4,False,196.927524,175.4963239583333,2025-01-24 06:00:00-05:00,2025-01-24 11:00:00+00:00,51301,PSEG,PS,PS,USW00014734,PJM,PSEG,actual_metered,2025-01-23 11:00:00-05:00,2025-01-24 00:00:00-05:00,False,2025-01-23 06:00:00-05:00,196.927524,2025-01-23 00:00:00-05:00,True,True,5.151343,-15.821595,114.21,5724.07,2025-01-24 06:51:00,FM-15,-6.7,-12.8,62.0,4.6,False,False,False,False
145.344767,7,4,False,206.80258,171.506437625,2025-01-24 07:00:00-05:00,2025-01-24 12:00:00+00:00,51301,PSEG,PS,PS,USW00014734,PJM,PSEG,actual_metered,2025-01-23 11:00:00-05:00,2025-01-24 00:00:00-05:00,False,2025-01-23 07:00:00-05:00,206.80258,2025-01-23 00:00:00-05:00,True,True,7.2814,-19.576633,157.64,5975.013,2025-01-24 07:51:00,FM-15,-6.1,-12.2,62.0,5.1,False,False,False,False
91.759569,8,4,False,154.443446,167.36910195833335,2025-01-24 08:00:00-05:00,2025-01-24 13:00:00+00:00,51301,PSEG,PS,PS,USW00014734,PJM,PSEG,actual_metered,2025-01-23 11:00:00-05:00,2025-01-24 00:00:00-05:00,False,2025-01-23 08:00:00-05:00,154.443446,2025-01-23 00:00:00-05:00,True,True,5.161993,-16.072424,102.67,5967.993,2025-01-24 08:51:00,FM-15,-3.9,-11.1,58.0,4.1,False,False,False,False
79.064101,9,4,False,129.219344,163.51005683333335,2025-01-24 09:00:00-05:00,2025-01-24 14:00:00+00:00,51301,PSEG,PS,PS,USW00014734,PJM,PSEG,actual_metered,2025-01-23 11:00:00-05:00,2025-01-24 00:00:00-05:00,False,2025-01-23 09:00:00-05:00,129.219344,2025-01-23 00:00:00-05:00,True,True,4.874892,0.439209,73.75,5839.678,2025-01-24 09:51:00,FM-15,-1.7,-11.1,49.0,4.6,False,False,False,False
67.021589,10,4,False,77.287286,159.37282933333333,2025-01-24 10:00:00-05:00,2025-01-24 15:00:00+00:00,51301,PSEG,PS,PS,USW00014734,PJM,PSEG,actual_metered,2025-01-23 11:00:00-05:00,2025-01-24 00:00:00-05:00,False,2025-01-23 10:00:00-05:00,77.287286,2025-01-23 00:00:00-05:00,True,True,2.959727,0.821862,63.24,5680.649,2025-01-24 10:51:00,FM-15,-0.6,-11.7,43.0,7.2,False,False,False,False
55.70826,11,4,False,65.279223,155.20683054166668,2025-01-24 11:00:00-05:00,2025-01-24 16:00:00+00:00,51301,PSEG,PS,PS,USW00014734,PJM,PSEG,actual_metered,2025-01-23 11:00:00-05:00,2025-01-24 00:00:00-05:00,False,2025-01-23 11:00:00-05:00,65.279223,2025-01-23 00:00:00-05:00,True,True,3.325809,0.122451,52.26,5529.398,2025-01-24 11:51:00,FM-15,0.0,-12.2,40.0,4.1,False,False,False,False
50.668832,12,4,False,59.258638,151.25051504166666,2025-01-24 12:00:00-05:00,2025-01-24 17:00:00+00:00,51301,PSEG,PS,PS,USW00014734,PJM,PSEG,actual_metered,2025-01-23 11:00:00-05:00,2025-01-24 00:00:00-05:00,False,2025-01-23 12:00:00-05:00,59.258638,2025-01-23 00:00:00-05:00,True,True,2.92614,0.422692,47.32,5405.317,2025-01-24 12:51:00,FM-15,0.6,-12.2,38.0,4.1,False,False,False,False
49.096727,13,4,False,55.706359,147.38167020833333,2025-01-24 13:00:00-05:00,2025-01-24 18:00:00+00:00,51301,PSEG,PS,PS,USW00014734,PJM,PSEG,actual_metered,2025-01-23 11:00:00-05:00,2025-01-24 00:00:00-05:00,False,2025-01-23 13:00:00-05:00,55.706359,2025-01-23 00:00:00-05:00,True,True,2.762596,0.634131,45.7,5342.759,2025-01-24 13:51:00,FM-15,1.1,-11.7,38.0,6.2,False,False,False,False
46.771899,14,4,False,55.023265,143.30363929166666,2025-01-24 14:00:00-05:00,2025-01-24 19:00:00+00:00,51301,PSEG,PS,PS,USW00014734,PJM,PSEG,actual_metered,2025-01-23 11:00:00-05:00,2025-01-24 00:00:00-05:00,False,2025-01-23 14:00:00-05:00,55.023265,2025-01-23 00:00:00-05:00,True,True,2.482688,0.549211,43.74,5328.441,2025-01-24 14:51:00,FM-15,1.1,-12.2,37.0,5.1,False,False,False,False
47.285468,15,4,False,56.766467,139.09596758333333,2025-01-24 15:00:00-05:00,2025-01-24 20:00:00+00:00,51301,PSEG,PS,PS,USW00014734,PJM,PSEG,actual_metered,2025-01-23 11:00:00-05:00,2025-01-24 00:00:00-05:00,False,2025-01-23 15:00:00-05:00,56.766467,2025-01-23 00:00:00-05:00,True,True,2.72104,0.794428,43.77,5481.475,2025-01-24 15:51:00,FM-15,1.1,-12.2,37.0,5.1,False,False,False,False
59.743929,16,4,False,64.76011,134.17306016666666,2025-01-24 16:00:00-05:00,2025-01-24 21:00:00+00:00,51301,PSEG,PS,PS,USW00014734,PJM,PSEG,actual_metered,2025-01-23 11:00:00-05:00,2025-01-24 00:00:00-05:00,False,2025-01-23 16:00:00-05:00,64.76011,2025-01-23 00:00:00-05:00,True,True,3.418759,2.97517,53.35,5726.111,2025-01-24 16:51:00,FM-15,0.6,-13.3,35.0,3.6,False,False,False,False
83.511036,17,4,False,91.645307,129.89297854166668,2025-01-24 17:00:00-05:00,2025-01-24 22:00:00+00:00,51301,PSEG,PS,PS,USW00014734,PJM,PSEG,actual_metered,2025-01-23 11:00:00-05:00,2025-01-24 00:00:00-05:00,False,2025-01-23 17:00:00-05:00,91.645307,2025-01-23 00:00:00-05:00,True,True,3.833705,3.667331,76.01,6028.148,2025-01-24 17:51:00,FM-15,0.0,-12.8,38.0,4.6,False,False,False,False
77.749862,18,4,False,94.378272,124.91042937499999,2025-01-24 18:00:00-05:00,2025-01-24 23:00:00+00:00,51301,PSEG,PS,PS,USW00014734,PJM,PSEG,actual_metered,2025-01-23 11:00:00-05:00,2025-01-24 00:00:00-05:00,False,2025-01-23 18:00:00-05:00,94.378272,2025-01-23 00:00:00-05:00,True,True,3.02721,3.722652,71.0,6064.264,2025-01-24 18:51:00,FM-15,-1.1,-12.8,41.0,4.6,False,False,False,False
71.989292,19,4,False,83.900036,120.97866991666668,2025-01-24 19:00:00-05:00,2025-01-25 00:00:00+00:00,51301,PSEG,PS,PS,USW00014734,PJM,PSEG,actual_metered,2025-01-23 11:00:00-05:00,2025-01-24 00:00:00-05:00,False,2025-01-23 19:00:00-05:00,83.900036,2025-01-23 00:00:00-05:00,True,True,2.457657,3.681635,65.85,6000.918,2025-01-24 19:51:00,FM-15,-1.7,-12.8,43.0,3.6,False,False,False,False
73.582789,20,4,False,83.354263,116.91747770833332,2025-01-24 20:00:00-05:00,2025-01-25 01:00:00+00:00,51301,PSEG,PS,PS,USW00014734,PJM,PSEG,actual_metered,2025-01-23 11:00:00-05:00,2025-01-24 00:00:00-05:00,False,2025-01-23 20:00:00-05:00,83.354263,2025-01-23 00:00:00-05:00,True,True,2.561129,3.31166,67.71,5911.714,2025-01-24 20:51:00,FM-15,-2.8,-12.8,46.0,2.6,False,False,False,False
73.378827,21,4,False,78.952101,113.18367583333334,2025-01-24 21:00:00-05:00,2025-01-25 02:00:00+00:00,51301,PSEG,PS,PS,USW00014734,PJM,PSEG,actual_metered,2025-01-23 11:00:00-05:00,2025-01-24 00:00:00-05:00,False,2025-01-23 21:00:00-05:00,78.952101,2025-01-23 00:00:00-05:00,True,True,2.613311,3.005516,67.76,5787.98,2025-01-24 21:51:00,FM-15,-2.2,-13.3,43.0,0.0,False,False,False,False
71.372651,22,4,False,75.107699,109.58773020833333,2025-01-24 22:00:00-05:00,2025-01-25 03:00:00+00:00,51301,PSEG,PS,PS,USW00014734,PJM,PSEG,actual_metered,2025-01-23 11:00:00-05:00,2025-01-24 00:00:00-05:00,False,2025-01-23 22:00:00-05:00,75.107699,2025-01-23 00:00:00-05:00,True,True,3.263143,2.579508,65.53,5571.47,2025-01-24 22:51:00,FM-15,-4.4,-12.8,52.0,0.0,False,False,False,False
63.290271,23,4,False,71.129162,105.86882495833333,2025-01-24 23:00:00-05:00,2025-01-25 04:00:00+00:00,51301,PSEG,PS,PS,USW00014734,PJM,PSEG,actual_metered,2025-01-23 11:00:00-05:00,2025-01-24 00:00:00-05:00,False,2025-01-23 23:00:00-05:00,71.129162,2025-01-23 00:00:00-05:00,True,True,3.216485,2.073786,58.0,5369.204,2025-01-24 23:51:00,FM-15,-4.4,-12.8,52.0,0.0,False,False,False,False
71.08242,0,5,True,80.156484,103.34612604166666,2025-01-25 00:00:00-05:00,2025-01-25 05:00:00+00:00,51301,PSEG,PS,PS,USW00014734,PJM,PSEG,actual_metered,2025-01-24 11:00:00-05:00,2025-01-25 00:00:00-05:00,False,2025-01-24 00:00:00-05:00,80.156484,2025-01-24 00:00:00-05:00,True,True,1.567785,3.574635,65.94,5174.39,2025-01-25 00:51:00,FM-15,-5.0,-12.8,55.0,0.0,False,False,False,False
70.126449,1,5,True,76.540724,100.68937241666667,2025-01-25 01:00:00-05:00,2025-01-25 06:00:00+00:00,51301,PSEG,PS,PS,USW00014734,PJM,PSEG,actual_metered,2025-01-24 11:00:00-05:00,2025-01-25 00:00:00-05:00,False,2025-01-24 01:00:00-05:00,76.540724,2025-01-24 00:00:00-05:00,True,True,1.02096,3.885489,65.22,5062.873,2025-01-25 01:51:00,FM-15,-5.6,-12.2,60.0,2.6,False,False,False,False
70.155499,2,5,True,77.358588,98.33069983333333,2025-01-25 02:00:00-05:00,2025-01-25 07:00:00+00:00,51301,PSEG,PS,PS,USW00014734,PJM,PSEG,actual_metered,2025-01-24 11:00:00-05:00,2025-01-25 00:00:00-05:00,False,2025-01-24 02:00:00-05:00,77.358588,2025-01-24 00:00:00-05:00,True,True,0.808568,3.466931,65.88,4974.541,2025-01-25 02:51:00,FM-15,-6.7,-13.3,60.0,2.1,False,False,False,False
70.952686,3,5,True,74.88448,95.85290366666665,2025-01-25 03:00:00-05:00,2025-01-25 08:00:00+00:00,51301,PSEG,PS,PS,USW00014734,PJM,PSEG,actual_metered,2025-01-24 11:00:00-05:00,2025-01-25 00:00:00-05:00,False,2025-01-24 03:00:00-05:00,74.88448,2025-01-24 00:00:00-05:00,True,True,0.598633,3.444053,66.91,4931.986,2025-01-25 03:51:00,FM-15,-6.1,-12.8,59.0,0.0,False,False,False,False
69.817683,4,5,True,75.863442,93.26956175,2025-01-25 04:00:00-05:00,2025-01-25 09:00:00+00:00,51301,PSEG,PS,PS,USW00014734,PJM,PSEG,actual_metered,2025-01-24 11:00:00-05:00,2025-01-25 00:00:00-05:00,False,2025-01-24 04:00:00-05:00,75.863442,2025-01-24 00:00:00-05:00,True,True,1.347607,1.290076,67.18,4945.542,2025-01-25 04:51:00,FM-15,-7.8,-13.3,65.0,2.1,False,False,False,False
72.155797,5,5,True,82.237538,90.29093074999999,2025-01-25 05:00:00-05:00,2025-01-25 10:00:00+00:00,51301,PSEG,PS,PS,USW00014734,PJM,PSEG,actual_metered,2025-01-24 11:00:00-05:00,2025-01-25 00:00:00-05:00,False,2025-01-24 05:00:00-05:00,82.237538,2025-01-24 00:00:00-05:00,True,True,1.294099,-0.328302,71.19,5053.079,2025-01-25 05:51:00,FM-15,-6.7,-13.9,57.0,3.6,False,False,False,False
86.817381,6,5,True,103.539748,86.39977341666666,2025-01-25 06:00:00-05:00,2025-01-25 11:00:00+00:00,51301,PSEG,PS,PS,USW00014734,PJM,PSEG,actual_metered,2025-01-24 11:00:00-05:00,2025-01-25 00:00:00-05:00,False,2025-01-24 06:00:00-05:00,103.539748,2025-01-24 00:00:00-05:00,True,True,1.393494,-6.336113,91.76,5210.411,2025-01-25 06:51:00,FM-15,-6.7,-14.4,55.0,2.1,False,False,False,False
105.893094,7,5,True,145.344767,83.83903120833332,2025-01-25 07:00:00-05:00,2025-01-25 12:00:00+00:00,51301,PSEG,PS,PS,USW00014734,PJM,PSEG,actual_metered,2025-01-24 11:00:00-05:00,2025-01-25 00:00:00-05:00,False,2025-01-24 07:00:00-05:00,145.344767,2025-01-24 00:00:00-05:00,True,True,0.837462,-5.264368,110.32,5295.51,2025-01-25 07:51:00,FM-15,-6.1,-14.4,52.0,2.1,False,False,False,False
87.477454,8,5,True,91.759569,81.227203,2025-01-25 08:00:00-05:00,2025-01-25 13:00:00+00:00,51301,PSEG,PS,PS,USW00014734,PJM,PSEG,actual_metered,2025-01-24 11:00:00-05:00,2025-01-25 00:00:00-05:00,False,2025-01-24 08:00:00-05:00,91.759569,2025-01-24 00:00:00-05:00,True,True,0.067793,1.029661,86.38,5268.631,2025-01-25 08:51:00,FM-15,-5.0,-13.9,50.0,4.1,False,False,False,False
64.619754,9,5,True,79.064101,79.13740120833333,2025-01-25 09:00:00-05:00,2025-01-25 14:00:00+00:00,51301,PSEG,PS,PS,USW00014734,PJM,PSEG,actual_metered,2025-01-24 11:00:00-05:00,2025-01-25 00:00:00-05:00,False,2025-01-24 09:00:00-05:00,79.064101,2025-01-24 00:00:00-05:00,True,True,1.804623,1.675131,61.14,5150.406,2025-01-25 09:51:00,FM-15,-3.3,-13.3,46.0,3.6,False,False,False,False
45.597901,10,5,True,67.021589,78.70966383333334,2025-01-25 10:00:00-05:00,2025-01-25 15:00:00+00:00,51301,PSEG,PS,PS,USW00014734,PJM,PSEG,actual_metered,2025-01-24 11:00:00-05:00,2025-01-25 00:00:00-05:00,False,2025-01-24 10:00:00-05:00,67.021589,2025-01-24 00:00:00-05:00,True,True,1.639476,1.018425,42.94,5006.195,2025-01-25 10:51:00,FM-15,-2.2,-13.3,43.0,5.7,False,False,False,False
42.635531,11,5,True,55.70826,78.31087370833333,2025-01-25 11:00:00-05:00,2025-01-25 16:00:00+00:00,51301,PSEG,PS,PS,USW00014734,PJM,PSEG,actual_metered,2025-01-24 11:00:00-05:00,2025-01-25 00:00:00-05:00,False,2025-01-24 11:00:00-05:00,55.70826,2025-01-24 00:00:00-05:00,True,True,1.556756,1.068775,40.01,4928.416,2025-01-25 11:51:00,FM-15,-1.7,-13.9,39.0,6.2,False,False,False,False
37.195112,12,5,True,50.668832,77.952965125,2025-01-25 12:00:00-05:00,2025-01-25 17:00:00+00:00,51301,PSEG,PS,PS,USW00014734,PJM,PSEG,actual_metered,2025-01-24 11:00:00-05:00,2025-01-25 00:00:00-05:00,False,2025-01-24 12:00:00-05:00,50.668832,2025-01-24 00:00:00-05:00,True,True,1.397212,1.2179,34.58,4830.515,2025-01-25 12:51:00,FM-15,-1.1,-12.8,41.0,7.2,False,False,False,False
36.36898,13,5,True,49.096727,77.67756379166666,2025-01-25 13:00:00-05:00,2025-01-25 18:00:00+00:00,51301,PSEG,PS,PS,USW00014734,PJM,PSEG,actual_metered,2025-01-24 11:00:00-05:00,2025-01-25 00:00:00-05:00,False,2025-01-24 13:00:00-05:00,49.096727,2025-01-24 00:00:00-05:00,True,True,1.589465,1.219515,33.56,4809.237,2025-01-25 13:51:00,FM-15,-0.6,-12.8,40.0,6.7,False,False,False,False
35.597474,14,5,True,46.771899,77.33375687499999,2025-01-25 14:00:00-05:00,2025-01-25 19:00:00+00:00,51301,PSEG,PS,PS,USW00014734,PJM,PSEG,actual_metered,2025-01-24 11:00:00-05:00,2025-01-25 00:00:00-05:00,False,2025-01-24 14:00:00-05:00,46.771899,2025-01-24 00:00:00-05:00,True,True,1.734832,1.582642,32.28,4933.097,2025-01-25 14:51:00,FM-15,0.0,-13.3,36.0,6.7,False,False,False,False
35.778686,15,5,True,47.285468,76.93871525,2025-01-25 15:00:00-05:00,2025-01-25 20:00:00+00:00,51301,PSEG,PS,PS,USW00014734,PJM,PSEG,actual_metered,2025-01-24 11:00:00-05:00,2025-01-25 00:00:00-05:00,False,2025-01-24 15:00:00-05:00,47.285468,2025-01-24 00:00:00-05:00,True,True,1.694481,1.904205,32.18,5092.929,2025-01-25 15:51:00,FM-15,0.0,-13.3,36.0,4.6,False,False,False,False
40.784405,16,5,True,59.743929,76.72970770833334,2025-01-25 16:00:00-05:00,2025-01-25 21:00:00+00:00,51301,PSEG,PS,PS,USW00014734,PJM,PSEG,actual_metered,2025-01-24 11:00:00-05:00,2025-01-25 00:00:00-05:00,False,2025-01-24 16:00:00-05:00,59.743929,2025-01-24 00:00:00-05:00,True,True,2.764963,1.519442,36.5,5394.689,2025-01-25 16:51:00,FM-15,0.0,-12.8,38.0,4.6,False,False,False,False
49.152518,17,5,True,83.511036,76.39077975000001,2025-01-25 17:00:00-05:00,2025-01-25 22:00:00+00:00,51301,PSEG,PS,PS,USW00014734,PJM,PSEG,actual_metered,2025-01-24 11:00:00-05:00,2025-01-25 00:00:00-05:00,False,2025-01-24 17:00:00-05:00,83.511036,2025-01-24 00:00:00-05:00,True,True,2.744633,1.857885,44.55,5665.479,2025-01-25 17:51:00,FM-15,-0.6,-12.2,42.0,3.6,False,False,False,False
48.197778,18,5,True,77.749862,75.69792933333333,2025-01-25 18:00:00-05:00,2025-01-25 23:00:00+00:00,51301,PSEG,PS,PS,USW00014734,PJM,PSEG,actual_metered,2025-01-24 11:00:00-05:00,2025-01-25 00:00:00-05:00,False,2025-01-24 18:00:00-05:00,77.749862,2025-01-24 00:00:00-05:00,True,True,2.464375,1.823403,43.91,5720.581,2025-01-25 18:51:00,FM-15,-1.1,-12.2,43.0,4.1,False,False,False,False
47.684978,19,5,True,71.989292,75.20164833333332,2025-01-25 19:00:00-05:00,2025-01-26 00:00:00+00:00,51301,PSEG,PS,PS,USW00014734,PJM,PSEG,actual_metered,2025-01-24 11:00:00-05:00,2025-01-25 00:00:00-05:00,False,2025-01-24 19:00:00-05:00,71.989292,2025-01-24 00:00:00-05:00,True,True,2.547334,1.437644,43.7,5688.502,2025-01-25 19:51:00,FM-15,-1.1,-11.1,47.0,5.1,False,False,False,False
45.079916,20,5,True,73.582789,74.79450358333334,2025-01-25 20:00:00-05:00,2025-01-26 01:00:00+00:00,51301,PSEG,PS,PS,USW00014734,PJM,PSEG,actual_metered,2025-01-24 11:00:00-05:00,2025-01-25 00:00:00-05:00,False,2025-01-24 20:00:00-05:00,73.582789,2025-01-24 00:00:00-05:00,True,True,2.688552,0.921364,41.47,5620.817,2025-01-25 20:51:00,FM-15,-0.6,-10.0,49.0,5.1,False,False,False,False
43.7654,21,5,True,73.378827,74.56228383333332,2025-01-25 21:00:00-05:00,2025-01-26 02:00:00+00:00,51301,PSEG,PS,PS,USW00014734,PJM,PSEG,actual_metered,2025-01-24 11:00:00-05:00,2025-01-25 00:00:00-05:00,False,2025-01-24 21:00:00-05:00,73.378827,2025-01-24 00:00:00-05:00,True,True,2.725694,1.419706,39.62,5489.874,2025-01-25 21:51:00,FM-15,-0.6,-9.4,52.0,3.1,False,False,False,False
42.640136,22,5,True,71.372651,74.40665683333333,2025-01-25 22:00:00-05:00,2025-01-26 03:00:00+00:00,51301,PSEG,PS,PS,USW00014734,PJM,PSEG,actual_metered,2025-01-24 11:00:00-05:00,2025-01-25 00:00:00-05:00,False,2025-01-24 22:00:00-05:00,71.372651,2025-01-24 00:00:00-05:00,True,True,2.74976,1.500376,38.39,5308.926,2025-01-25 22:51:00,FM-15,-0.6,-8.9,54.0,3.1,False,False,False,False
42.084142,23,5,True,63.290271,74.080036375,2025-01-25 23:00:00-05:00,2025-01-26 04:00:00+00:00,51301,PSEG,PS,PS,USW00014734,PJM,PSEG,actual_metered,2025-01-24 11:00:00-05:00,2025-01-25 00:00:00-05:00,False,2025-01-24 23:00:00-05:00,63.290271,2025-01-24 00:00:00-05:00,True,True,2.694079,1.480063,37.91,5101.383,2025-01-25 23:51:00,FM-15,-0.6,-8.3,56.0,4.1,False,False,False,False
40.242569,0,6,True,71.08242,73.701950375,2025-01-26 00:00:00-05:00,2025-01-26 05:00:00+00:00,51301,PSEG,PS,PS,USW00014734,PJM,PSEG,actual_metered,2025-01-25 11:00:00-05:00,2025-01-26 00:00:00-05:00,False,2025-01-25 00:00:00-05:00,71.08242,2025-01-25 00:00:00-05:00,True,True,1.924678,0.277891,38.04,4922.453,2025-01-26 00:51:00,FM-15,-2.2,-8.9,60.0,3.1,False,False,False,False
36.647145,1,6,True,70.126449,73.43468891666667,2025-01-26 01:00:00-05:00,2025-01-26 06:00:00+00:00,51301,PSEG,PS,PS,USW00014734,PJM,PSEG,actual_metered,2025-01-25 11:00:00-05:00,2025-01-26 00:00:00-05:00,False,2025-01-25 01:00:00-05:00,70.126449,2025-01-25 00:00:00-05:00,True,True,1.774214,0.232931,34.64,4774.983,2025-01-26 01:51:00,FM-15,-1.1,-8.3,58.0,3.1,False,False,False,False
36.1054,2,6,True,70.155499,73.13456020833333,2025-01-26 02:00:00-05:00,2025-01-26 07:00:00+00:00,51301,PSEG,PS,PS,USW00014734,PJM,PSEG,actual_metered,2025-01-25 11:00:00-05:00,2025-01-26 00:00:00-05:00,False,2025-01-25 02:00:00-05:00,70.155499,2025-01-25 00:00:00-05:00,True,True,1.594756,0.260644,34.25,4658.779,2025-01-26 02:51:00,FM-15,-1.1,-8.3,58.0,3.6,False,False,False,False
36.85471,3,6,True,70.952686,72.97073545833334,2025-01-26 03:00:00-05:00,2025-01-26 08:00:00+00:00,51301,PSEG,PS,PS,USW00014734,PJM,PSEG,actual_metered,2025-01-25 11:00:00-05:00,2025-01-26 00:00:00-05:00,False,2025-01-25 03:00:00-05:00,70.952686,2025-01-25 00:00:00-05:00,True,True,1.69607,0.26864,34.89,4591.492,2025-01-26 03:51:00,FM-15,-1.7,-7.8,63.0,3.6,False,False,False,False
36.593769,4,6,True,69.817683,72.71882883333333,2025-01-26 04:00:00-05:00,2025-01-26 09:00:00+00:00,51301,PSEG,PS,PS,USW00014734,PJM,PSEG,actual_metered,2025-01-25 11:00:00-05:00,2025-01-26 00:00:00-05:00,False,2025-01-25 04:00:00-05:00,69.817683,2025-01-25 00:00:00-05:00,True,True,1.57694,0.196829,34.82,4574.918,2025-01-26 04:51:00,FM-15,-1.1,-7.2,64.0,4.1,False,False,False,False
37.976736,5,6,True,72.155797,72.29875629166666,2025-01-26 05:00:00-05:00,2025-01-26 10:00:00+00:00,51301,PSEG,PS,PS,USW00014734,PJM,PSEG,actual_metered,2025-01-25 11:00:00-05:00,2025-01-26 00:00:00-05:00,False,2025-01-25 05:00:00-05:00,72.155797,2025-01-25 00:00:00-05:00,True,True,1.425268,0.161468,36.39,4612.5,2025-01-26 05:51:00,FM-15,-1.1,-7.2,64.0,4.6,False,False,False,False
41.626461,6,6,True,86.817381,71.601991,2025-01-26 06:00:00-05:00,2025-01-26 11:00:00+00:00,51301,PSEG,PS,PS,USW00014734,PJM,PSEG,actual_metered,2025-01-25 11:00:00-05:00,2025-01-26 00:00:00-05:00,False,2025-01-25 06:00:00-05:00,86.817381,2025-01-25 00:00:00-05:00,True,True,1.246829,0.229632,40.15,4710.932,2025-01-26 06:51:00,FM-15,-0.6,-7.2,61.0,3.6,False,False,False,False
45.824319,7,6,True,105.893094,69.95817129166667,2025-01-26 07:00:00-05:00,2025-01-26 12:00:00+00:00,51301,PSEG,PS,PS,USW00014734,PJM,PSEG,actual_metered,2025-01-25 11:00:00-05:00,2025-01-26 00:00:00-05:00,False,2025-01-25 07:00:00-05:00,105.893094,2025-01-25 00:00:00-05:00,True,True,1.66547,0.018849,44.14,4769.562,2025-01-26 07:51:00,FM-15,0.0,-7.8,56.0,4.1,False,False,False,False
44.884684,8,6,True,87.477454,69.77974983333333,2025-01-26 08:00:00-05:00,2025-01-26 13:00:00+00:00,51301,PSEG,PS,PS,USW00014734,PJM,PSEG,actual_metered,2025-01-25 11:00:00-05:00,2025-01-26 00:00:00-05:00,False,2025-01-25 08:00:00-05:00,87.477454,2025-01-25 00:00:00-05:00,True,True,1.432976,0.241708,43.21,4856.7,2025-01-26 08:51:00,FM-15,1.1,-7.8,52.0,4.6,False,False,False,False
38.055584,9,6,True,64.619754,69.17790204166667,2025-01-26 09:00:00-05:00,2025-01-26 14:00:00+00:00,51301,PSEG,PS,PS,USW00014734,PJM,PSEG,actual_metered,2025-01-25 11:00:00-05:00,2025-01-26 00:00:00-05:00,False,2025-01-25 09:00:00-05:00,64.619754,2025-01-25 00:00:00-05:00,True,True,2.001617,0.173967,35.88,4860.391,2025-01-26 09:51:00,FM-15,0.6,-6.1,61.0,3.1,False,False,False,False
38.036481,10,6,True,45.597901,68.285248375,2025-01-26 10:00:00-05:00,2025-01-26 15:00:00+00:00,51301,PSEG,PS,PS,USW00014734,PJM,PSEG,actual_metered,2025-01-25 11:00:00-05:00,2025-01-26 00:00:00-05:00,False,2025-01-25 10:00:00-05:00,45.597901,2025-01-25 00:00:00-05:00,True,True,1.842113,0.124368,36.07,4918.336,2025-01-26 10:51:00,FM-15,3.3,-7.2,46.0,6.2,False,False,False,False
36.693662,11,6,True,42.635531,67.74055133333333,2025-01-26 11:00:00-05:00,2025-01-26 16:00:00+00:00,51301,PSEG,PS,PS,USW00014734,PJM,PSEG,actual_metered,2025-01-25 11:00:00-05:00,2025-01-26 00:00:00-05:00,False,2025-01-25 11:00:00-05:00,42.635531,2025-01-25 00:00:00-05:00,True,True,1.800197,0.103465,34.79,4922.371,2025-01-26 11:51:00,FM-15,4.4,-8.3,40.0,7.2,False,False,False,False
36.913059,12,6,True,37.195112,67.17914633333334,2025-01-26 12:00:00-05:00,2025-01-26 17:00:00+00:00,51301,PSEG,PS,PS,USW00014734,PJM,PSEG,actual_metered,2025-01-25 11:00:00-05:00,2025-01-26 00:00:00-05:00,False,2025-01-25 12:00:00-05:00,37.195112,2025-01-25 00:00:00-05:00,True,True,1.908934,0.254125,34.75,4728.3,2025-01-26 12:51:00,FM-15,5.6,-8.3,36.0,7.7,False,False,False,False
35.21374,13,6,True,36.36898,66.64882354166667,2025-01-26 13:00:00-05:00,2025-01-26 18:00:00+00:00,51301,PSEG,PS,PS,USW00014734,PJM,PSEG,actual_metered,2025-01-25 11:00:00-05:00,2025-01-26 00:00:00-05:00,False,2025-01-25 13:00:00-05:00,36.36898,2025-01-25 00:00:00-05:00,True,True,1.622269,0.341471,33.25,4670.257,2025-01-26 13:51:00,FM-15,6.7,-8.3,34.0,7.2,False,False,False,False
34.700387,14,6,True,35.597474,66.1832225,2025-01-26 14:00:00-05:00,2025-01-26 19:00:00+00:00,51301,PSEG,PS,PS,USW00014734,PJM,PSEG,actual_metered,2025-01-25 11:00:00-05:00,2025-01-26 00:00:00-05:00,False,2025-01-25 14:00:00-05:00,35.597474,2025-01-25 00:00:00-05:00,True,True,1.913029,0.357358,32.43,4724.37,2025-01-26 14:51:00,FM-15,7.2,-9.4,30.0,7.7,False,False,False,False
36.234752,15,6,True,35.778686,65.70377325,2025-01-26 15:00:00-05:00,2025-01-26 20:00:00+00:00,51301,PSEG,PS,PS,USW00014734,PJM,PSEG,actual_metered,2025-01-25 11:00:00-05:00,2025-01-26 00:00:00-05:00,False,2025-01-25 15:00:00-05:00,35.778686,2025-01-25 00:00:00-05:00,True,True,1.840452,0.5743,33.82,4821.587,2025-01-26 15:51:00,FM-15,6.7,-10.0,30.0,7.7,False,False,False,False
38.30898,16,6,True,40.784405,64.91379308333333,2025-01-26 16:00:00-05:00,2025-01-26 21:00:00+00:00,51301,PSEG,PS,PS,USW00014734,PJM,PSEG,actual_metered,2025-01-25 11:00:00-05:00,2025-01-26 00:00:00-05:00,False,2025-01-25 16:00:00-05:00,40.784405,2025-01-25 00:00:00-05:00,True,True,1.6656,0.43338,36.21,5040.745,2025-01-26 16:51:00,FM-15,5.6,-10.0,32.0,5.7,False,False,False,False
50.91306,17,6,True,49.152518,63.48218816666667,2025-01-26 17:00:00-05:00,2025-01-26 22:00:00+00:00,51301,PSEG,PS,PS,USW00014734,PJM,PSEG,actual_metered,2025-01-25 11:00:00-05:00,2025-01-26 00:00:00-05:00,False,2025-01-25 17:00:00-05:00,49.152518,2025-01-25 00:00:00-05:00,True,True,2.466165,0.726895,47.72,5379.041,2025-01-26 17:51:00,FM-15,4.4,-8.9,38.0,2.6,False,False,False,False
50.707034,18,6,True,48.197778,62.25085133333334,2025-01-26 18:00:00-05:00,2025-01-26 23:00:00+00:00,51301,PSEG,PS,PS,USW00014734,PJM,PSEG,actual_metered,2025-01-25 11:00:00-05:00,2025-01-26 00:00:00-05:00,False,2025-01-25 18:00:00-05:00,48.197778,2025-01-25 00:00:00-05:00,True,True,1.989497,0.847537,47.87,5483.247,2025-01-26 18:51:00,FM-15,3.9,-9.4,38.0,2.6,False,False,False,False
48.135633,19,6,True,47.684978,61.23817158333333,2025-01-26 19:00:00-05:00,2025-01-27 00:00:00+00:00,51301,PSEG,PS,PS,USW00014734,PJM,PSEG,actual_metered,2025-01-25 11:00:00-05:00,2025-01-26 00:00:00-05:00,False,2025-01-25 19:00:00-05:00,47.684978,2025-01-25 00:00:00-05:00,True,True,1.737456,0.898177,45.5,5507.118,2025-01-26 19:51:00,FM-15,3.3,-9.4,39.0,2.6,False,False,False,False
46.260491,20,6,True,45.079916,60.050551875,2025-01-26 20:00:00-05:00,2025-01-27 01:00:00+00:00,51301,PSEG,PS,PS,USW00014734,PJM,PSEG,actual_metered,2025-01-25 11:00:00-05:00,2025-01-26 00:00:00-05:00,False,2025-01-25 20:00:00-05:00,45.079916,2025-01-25 00:00:00-05:00,True,True,1.734716,0.775775,43.75,5463.54,2025-01-26 20:51:00,FM-15,1.1,-8.9,48.0,2.6,False,False,False,False
44.888406,21,6,True,43.7654,58.81665908333333,2025-01-26 21:00:00-05:00,2025-01-27 02:00:00+00:00,51301,PSEG,PS,PS,USW00014734,PJM,PSEG,actual_metered,2025-01-25 11:00:00-05:00,2025-01-26 00:00:00-05:00,False,2025-01-25 21:00:00-05:00,43.7654,2025-01-25 00:00:00-05:00,True,True,1.737572,0.970834,42.18,5350.508,2025-01-26 21:51:00,FM-15,1.1,-8.9,48.0,3.6,False,False,False,False
43.109008,22,6,True,42.640136,57.61947095833333,2025-01-26 22:00:00-05:00,2025-01-27 03:00:00+00:00,51301,PSEG,PS,PS,USW00014734,PJM,PSEG,actual_metered,2025-01-25 11:00:00-05:00,2025-01-26 00:00:00-05:00,False,2025-01-25 22:00:00-05:00,42.640136,2025-01-25 00:00:00-05:00,True,True,1.976797,0.972211,40.16,5149.553,2025-01-26 22:51:00,FM-15,-1.7,-8.9,58.0,2.1,False,False,False,False
39.986513,23,6,True,42.084142,56.73588225,2025-01-26 23:00:00-05:00,2025-01-27 04:00:00+00:00,51301,PSEG,PS,PS,USW00014734,PJM,PSEG,actual_metered,2025-01-25 11:00:00-05:00,2025-01-26 00:00:00-05:00,False,2025-01-25 23:00:00-05:00,42.084142,2025-01-25 00:00:00-05:00,True,True,2.002984,1.343529,36.64,4923.94,2025-01-26 23:51:00,FM-15,-1.1,-8.9,56.0,3.1,False,False,False,False
39.309037,0,0,False,40.242569,55.45088845833334,2025-01-27 00:00:00-05:00,2025-01-27 05:00:00+00:00,51301,PSEG,PS,PS,USW00014734,PJM,PSEG,actual_metered,2025-01-26 11:00:00-05:00,2025-01-27 00:00:00-05:00,False,2025-01-26 00:00:00-05:00,40.242569,2025-01-26 00:00:00-05:00,True,True,2.463321,1.125716,35.72,4735.093,2025-01-27 00:51:00,FM-15,-1.7,-8.9,58.0,2.1,False,False,False,False
37.384905,1,0,False,36.647145,54.05591745833333,2025-01-27 01:00:00-05:00,2025-01-27 06:00:00+00:00,51301,PSEG,PS,PS,USW00014734,PJM,PSEG,actual_metered,2025-01-26 11:00:00-05:00,2025-01-27 00:00:00-05:00,False,2025-01-26 01:00:00-05:00,36.647145,2025-01-26 00:00:00-05:00,True,True,2.177223,1.117682,34.09,4623.547,2025-01-27 01:51:00,FM-15,-1.7,-8.3,61.0,3.6,False,False,False,False
36.335025,2,0,False,36.1054,52.63716333333334,2025-01-27 02:00:00-05:00,2025-01-27 07:00:00+00:00,51301,PSEG,PS,PS,USW00014734,PJM,PSEG,actual_metered,2025-01-26 11:00:00-05:00,2025-01-27 00:00:00-05:00,False,2025-01-26 02:00:00-05:00,36.1054,2025-01-26 00:00:00-05:00,True,True,2.013031,0.781994,33.54,4551.662,2025-01-27 02:51:00,FM-15,0.0,-9.4,50.0,5.1,False,False,False,False
36.410861,3,0,False,36.85471,51.216414333333326,2025-01-27 03:00:00-05:00,2025-01-27 08:00:00+00:00,51301,PSEG,PS,PS,USW00014734,PJM,PSEG,actual_metered,2025-01-26 11:00:00-05:00,2025-01-27 00:00:00-05:00,False,2025-01-26 03:00:00-05:00,36.85471,2025-01-26 00:00:00-05:00,True,True,1.870956,0.989905,33.55,4543.997,2025-01-27 03:51:00,FM-15,-1.1,-9.4,54.0,3.6,False,False,False,False
37.931511,4,0,False,36.593769,49.832084583333334,2025-01-27 04:00:00-05:00,2025-01-27 09:00:00+00:00,51301,PSEG,PS,PS,USW00014734,PJM,PSEG,actual_metered,2025-01-26 11:00:00-05:00,2025-01-27 00:00:00-05:00,False,2025-01-26 04:00:00-05:00,36.593769,2025-01-26 00:00:00-05:00,True,True,1.791448,1.290063,34.85,4623.108,2025-01-27 04:51:00,FM-15,-1.1,-9.4,54.0,4.1,False,False,False,False
39.874512,5,0,False,37.976736,48.40795704166667,2025-01-27 05:00:00-05:00,2025-01-27 10:00:00+00:00,51301,PSEG,PS,PS,USW00014734,PJM,PSEG,actual_metered,2025-01-26 11:00:00-05:00,2025-01-27 00:00:00-05:00,False,2025-01-26 05:00:00-05:00,37.976736,2025-01-26 00:00:00-05:00,True,True,1.736135,0.398377,37.74,4843.386,2025-01-27 05:51:00,FM-15,-3.3,-10.0,60.0,2.1,False,False,False,False
60.304817,6,0,False,41.626461,46.52500204166666,2025-01-27 06:00:00-05:00,2025-01-27 11:00:00+00:00,51301,PSEG,PS,PS,USW00014734,PJM,PSEG,actual_metered,2025-01-26 11:00:00-05:00,2025-01-27 00:00:00-05:00,False,2025-01-26 06:00:00-05:00,41.626461,2025-01-26 00:00:00-05:00,True,True,2.636387,1.66843,56.0,5277.977,2025-01-27 06:51:00,FM-15,-0.6,-11.1,45.0,5.1,False,False,False,False
73.969562,7,0,False,45.824319,44.02213641666666,2025-01-27 07:00:00-05:00,2025-01-27 12:00:00+00:00,51301,PSEG,PS,PS,USW00014734,PJM,PSEG,actual_metered,2025-01-26 11:00:00-05:00,2025-01-27 00:00:00-05:00,False,2025-01-26 07:00:00-05:00,45.824319,2025-01-26 00:00:00-05:00,True,True,3.360908,1.358654,69.25,5543.1,2025-01-27 07:51:00,FM-15,0.0,-11.1,43.0,4.1,False,False,False,False
47.195376,8,0,False,44.884684,42.24743766666666,2025-01-27 08:00:00-05:00,2025-01-27 13:00:00+00:00,51301,PSEG,PS,PS,USW00014734,PJM,PSEG,actual_metered,2025-01-26 11:00:00-05:00,2025-01-27 00:00:00-05:00,False,2025-01-26 08:00:00-05:00,44.884684,2025-01-26 00:00:00-05:00,True,True,1.963211,-0.137835,45.37,5400.019,2025-01-27 08:51:00,FM-15,1.1,-11.1,40.0,4.6,False,False,False,False
39.166453,9,0,False,38.055584,41.140597250000006,2025-01-27 09:00:00-05:00,2025-01-27 14:00:00+00:00,51301,PSEG,PS,PS,USW00014734,PJM,PSEG,actual_metered,2025-01-26 11:00:00-05:00,2025-01-27 00:00:00-05:00,False,2025-01-26 09:00:00-05:00,38.055584,2025-01-26 00:00:00-05:00,True,True,1.352028,0.054425,37.76,5122.003,2025-01-27 09:51:00,FM-15,2.2,-11.1,37.0,5.7,False,False,False,False
35.893427,10,0,False,38.036481,40.825538083333335,2025-01-27 10:00:00-05:00,2025-01-27 15:00:00+00:00,51301,PSEG,PS,PS,USW00014734,PJM,PSEG,actual_metered,2025-01-26 11:00:00-05:00,2025-01-27 00:00:00-05:00,False,2025-01-26 10:00:00-05:00,38.036481,2025-01-26 00:00:00-05:00,True,True,1.11693,0.746497,34.03,4870.194,2025-01-27 10:51:00,FM-15,3.3,-11.1,34.0,5.1,False,False,False,False
33.849428,11,0,False,36.693662,40.57796020833334,2025-01-27 11:00:00-05:00,2025-01-27 16:00:00+00:00,51301,PSEG,PS,PS,USW00014734,PJM,PSEG,actual_metered,2025-01-26 11:00:00-05:00,2025-01-27 00:00:00-05:00,False,2025-01-26 11:00:00-05:00,36.693662,2025-01-26 00:00:00-05:00,True,True,1.093094,1.516334,31.24,4698.423,2025-01-27 11:51:00,FM-15,3.9,-11.1,33.0,6.7,False,False,False,False
33.861326,12,0,False,36.913059,40.566207999999996,2025-01-27 12:00:00-05:00,2025-01-27 17:00:00+00:00,51301,PSEG,PS,PS,USW00014734,PJM,PSEG,actual_metered,2025-01-26 11:00:00-05:00,2025-01-27 00:00:00-05:00,False,2025-01-26 12:00:00-05:00,36.913059,2025-01-26 00:00:00-05:00,True,True,1.203244,2.068082,30.59,4616.899,2025-01-27 12:51:00,FM-15,4.4,-12.2,29.0,7.7,False,False,False,False
32.865027,13,0,False,35.21374,40.518073,2025-01-27 13:00:00-05:00,2025-01-27 18:00:00+00:00,51301,PSEG,PS,PS,USW00014734,PJM,PSEG,actual_metered,2025-01-26 11:00:00-05:00,2025-01-27 00:00:00-05:00,False,2025-01-26 13:00:00-05:00,35.21374,2025-01-26 00:00:00-05:00,True,True,1.288813,1.966214,29.61,4614.325,2025-01-27 13:51:00,FM-15,5.0,-12.2,28.0,8.2,False,False,False,False
30.725475,14,0,False,34.700387,40.480694375,2025-01-27 14:00:00-05:00,2025-01-27 19:00:00+00:00,51301,PSEG,PS,PS,USW00014734,PJM,PSEG,actual_metered,2025-01-26 11:00:00-05:00,2025-01-27 00:00:00-05:00,False,2025-01-26 14:00:00-05:00,34.700387,2025-01-26 00:00:00-05:00,True,True,1.247523,1.027952,28.45,4732.243,2025-01-27 14:51:00,FM-15,5.6,-13.3,24.0,7.7,False,False,False,False
30.972312,15,0,False,36.234752,40.499697125,2025-01-27 15:00:00-05:00,2025-01-27 20:00:00+00:00,51301,PSEG,PS,PS,USW00014734,PJM,PSEG,actual_metered,2025-01-26 11:00:00-05:00,2025-01-27 00:00:00-05:00,False,2025-01-26 15:00:00-05:00,36.234752,2025-01-26 00:00:00-05:00,True,True,1.191432,1.15088,28.63,5039.78,2025-01-27 15:51:00,FM-15,5.6,-15.0,21.0,8.2,False,False,False,False
34.561342,16,0,False,38.30898,40.39655441666667,2025-01-27 16:00:00-05:00,2025-01-27 21:00:00+00:00,51301,PSEG,PS,PS,USW00014734,PJM,PSEG,actual_metered,2025-01-26 11:00:00-05:00,2025-01-27 00:00:00-05:00,False,2025-01-26 16:00:00-05:00,38.30898,2025-01-26 00:00:00-05:00,True,True,1.008844,1.252498,32.3,5391.579,2025-01-27 16:51:00,FM-15,4.4,-15.6,22.0,7.7,False,False,False,False
50.036142,17,0,False,50.91306,40.46991033333333,2025-01-27 17:00:00-05:00,2025-01-27 22:00:00+00:00,51301,PSEG,PS,PS,USW00014734,PJM,PSEG,actual_metered,2025-01-26 11:00:00-05:00,2025-01-27 00:00:00-05:00,False,2025-01-26 17:00:00-05:00,50.91306,2025-01-26 00:00:00-05:00,True,True,2.316095,0.810047,46.91,5719.338,2025-01-27 17:51:00,FM-15,3.9,-15.0,24.0,5.1,False,False,False,False
49.066386,18,0,False,50.707034,40.57446266666667,2025-01-27 18:00:00-05:00,2025-01-27 23:00:00+00:00,51301,PSEG,PS,PS,USW00014734,PJM,PSEG,actual_metered,2025-01-26 11:00:00-05:00,2025-01-27 00:00:00-05:00,False,2025-01-26 18:00:00-05:00,50.707034,2025-01-26 00:00:00-05:00,True,True,2.230225,1.006161,45.83,5812.033,2025-01-27 18:51:00,FM-15,2.2,-13.9,30.0,5.1,False,False,False,False
42.349339,19,0,False,48.135633,40.593239958333335,2025-01-27 19:00:00-05:00,2025-01-28 00:00:00+00:00,51301,PSEG,PS,PS,USW00014734,PJM,PSEG,actual_metered,2025-01-26 11:00:00-05:00,2025-01-27 00:00:00-05:00,False,2025-01-26 19:00:00-05:00,48.135633,2025-01-26 00:00:00-05:00,True,True,1.474265,-0.204926,41.08,5775.692,2025-01-27 19:51:00,FM-15,2.8,-12.8,31.0,5.7,False,False,False,False
41.969155,20,0,False,46.260491,40.64243058333333,2025-01-27 20:00:00-05:00,2025-01-28 01:00:00+00:00,51301,PSEG,PS,PS,USW00014734,PJM,PSEG,actual_metered,2025-01-26 11:00:00-05:00,2025-01-27 00:00:00-05:00,False,2025-01-26 20:00:00-05:00,46.260491,2025-01-26 00:00:00-05:00,True,True,1.269073,0.170082,40.53,5678.078,2025-01-27 20:51:00,FM-15,2.8,-10.0,39.0,7.2,False,False,False,False
41.027575,21,0,False,44.888406,40.6892225,2025-01-27 21:00:00-05:00,2025-01-28 02:00:00+00:00,51301,PSEG,PS,PS,USW00014734,PJM,PSEG,actual_metered,2025-01-26 11:00:00-05:00,2025-01-27 00:00:00-05:00,False,2025-01-26 21:00:00-05:00,44.888406,2025-01-26 00:00:00-05:00,True,True,1.349228,0.718347,38.96,5496.729,2025-01-27 21:51:00,FM-15,2.2,-8.9,44.0,7.7,False,False,False,False
37.878669,22,0,False,43.109008,40.708758833333334,2025-01-27 22:00:00-05:00,2025-01-28 03:00:00+00:00,51301,PSEG,PS,PS,USW00014734,PJM,PSEG,actual_metered,2025-01-26 11:00:00-05:00,2025-01-27 00:00:00-05:00,False,2025-01-26 22:00:00-05:00,43.109008,2025-01-26 00:00:00-05:00,True,True,1.552818,0.715851,35.61,5226.931,2025-01-27 22:51:00,FM-15,2.2,-7.2,50.0,5.7,False,False,False,False
35.192127,23,0,False,39.986513,40.621357624999995,2025-01-27 23:00:00-05:00,2025-01-28 04:00:00+00:00,51301,PSEG,PS,PS,USW00014734,PJM,PSEG,actual_metered,2025-01-26 11:00:00-05:00,2025-01-27 00:00:00-05:00,False,2025-01-26 23:00:00-05:00,39.986513,2025-01-26 00:00:00-05:00,True,True,1.705834,0.736293,32.75,4962.038,2025-01-27 23:51:00,FM-15,2.2,-6.7,52.0,5.1,False,False,False,False
33.828978,0,1,False,39.309037,40.58246045833334,2025-01-28 00:00:00-05:00,2025-01-28 05:00:00+00:00,51301,PSEG,PS,PS,USW00014734,PJM,PSEG,actual_metered,2025-01-27 11:00:00-05:00,2025-01-28 00:00:00-05:00,False,2025-01-27 00:00:00-05:00,39.309037,2025-01-27 00:00:00-05:00,True,True,1.528966,0.740012,31.56,4755.815,2025-01-28 00:51:00,FM-15,1.7,-7.2,52.0,5.7,False,False,False,False
33.384383,1,1,False,37.384905,40.61320045833333,2025-01-28 01:00:00-05:00,2025-01-28 06:00:00+00:00,51301,PSEG,PS,PS,USW00014734,PJM,PSEG,actual_metered,2025-01-27 11:00:00-05:00,2025-01-28 00:00:00-05:00,False,2025-01-27 01:00:00-05:00,37.384905,2025-01-27 00:00:00-05:00,True,True,1.466378,0.658005,31.26,4620.885,2025-01-28 01:51:00,FM-15,2.2,-8.9,44.0,5.7,False,False,False,False
32.328592,2,1,False,36.335025,40.62276816666667,2025-01-28 02:00:00-05:00,2025-01-28 07:00:00+00:00,51301,PSEG,PS,PS,USW00014734,PJM,PSEG,actual_metered,2025-01-27 11:00:00-05:00,2025-01-28 00:00:00-05:00,False,2025-01-27 02:00:00-05:00,36.335025,2025-01-27 00:00:00-05:00,True,True,1.427186,0.451406,30.45,4535.992,2025-01-28 02:51:00,FM-15,2.2,-9.4,42.0,6.2,False,False,False,False
32.864686,3,1,False,36.410861,40.604274458333336,2025-01-28 03:00:00-05:00,2025-01-28 08:00:00+00:00,51301,PSEG,PS,PS,USW00014734,PJM,PSEG,actual_metered,2025-01-27 11:00:00-05:00,2025-01-28 00:00:00-05:00,False,2025-01-27 03:00:00-05:00,36.410861,2025-01-27 00:00:00-05:00,True,True,1.576958,0.427728,30.86,4498.192,2025-01-28 03:51:00,FM-15,2.8,-11.1,36.0,6.2,False,False,False,False
35.100193,4,1,False,37.931511,40.66001370833333,2025-01-28 04:00:00-05:00,2025-01-28 09:00:00+00:00,51301,PSEG,PS,PS,USW00014734,PJM,PSEG,actual_metered,2025-01-27 11:00:00-05:00,2025-01-28 00:00:00-05:00,False,2025-01-27 04:00:00-05:00,37.931511,2025-01-27 00:00:00-05:00,True,True,1.570317,0.469876,33.06,4561.825,2025-01-28 04:51:00,FM-15,2.8,-12.2,33.0,6.2,False,False,False,False
38.363602,5,1,False,39.874512,40.73908770833334,2025-01-28 05:00:00-05:00,2025-01-28 10:00:00+00:00,51301,PSEG,PS,PS,USW00014734,PJM,PSEG,actual_metered,2025-01-27 11:00:00-05:00,2025-01-28 00:00:00-05:00,False,2025-01-27 05:00:00-05:00,39.874512,2025-01-27 00:00:00-05:00,True,True,1.467178,0.676424,36.22,4785.091,2025-01-28 05:51:00,FM-15,3.9,-12.2,30.0,7.7,False,False,False,False
55.667312,6,1,False,60.304817,41.51735254166667,2025-01-28 06:00:00-05:00,2025-01-28 11:00:00+00:00,51301,PSEG,PS,PS,USW00014734,PJM,PSEG,actual_metered,2025-01-27 11:00:00-05:00,2025-01-28 00:00:00-05:00,False,2025-01-27 06:00:00-05:00,60.304817,2025-01-27 00:00:00-05:00,True,True,3.021149,-1.293837,53.94,5151.068,2025-01-28 06:51:00,FM-15,3.9,-9.4,38.0,10.8,False,False,False,False
87.885621,7,1,False,73.969562,42.690070999999996,2025-01-28 07:00:00-05:00,2025-01-28 12:00:00+00:00,51301,PSEG,PS,PS,USW00014734,PJM,PSEG,actual_metered,2025-01-27 11:00:00-05:00,2025-01-28 00:00:00-05:00,False,2025-01-27 07:00:00-05:00,73.969562,2025-01-27 00:00:00-05:00,True,True,8.856845,1.028776,78.0,5373.61,2025-01-28 07:51:00,FM-15,3.9,-8.9,39.0,8.2,False,False,False,False
46.981712,8,1,False,47.195376,42.78634983333333,2025-01-28 08:00:00-05:00,2025-01-28 13:00:00+00:00,51301,PSEG,PS,PS,USW00014734,PJM,PSEG,actual_metered,2025-01-27 11:00:00-05:00,2025-01-28 00:00:00-05:00,False,2025-01-27 08:00:00-05:00,47.195376,2025-01-27 00:00:00-05:00,True,True,4.688226,0.573486,41.72,5279.089,2025-01-28 08:51:00,FM-15,5.0,-7.2,41.0,10.3,False,False,False,False
41.02034,9,1,False,39.166453,42.83263604166667,2025-01-28 09:00:00-05:00,2025-01-28 14:00:00+00:00,51301,PSEG,PS,PS,USW00014734,PJM,PSEG,actual_metered,2025-01-27 11:00:00-05:00,2025-01-28 00:00:00-05:00,False,2025-01-27 09:00:00-05:00,39.166453,2025-01-27 00:00:00-05:00,True,True,4.003602,0.716738,36.3,5123.597,2025-01-28 09:51:00,FM-15,5.6,-6.7,41.0,8.2,False,False,False,False
37.16512,10,1,False,35.893427,42.743342125,2025-01-28 10:00:00-05:00,2025-01-28 15:00:00+00:00,51301,PSEG,PS,PS,USW00014734,PJM,PSEG,actual_metered,2025-01-27 11:00:00-05:00,2025-01-28 00:00:00-05:00,False,2025-01-27 10:00:00-05:00,35.893427,2025-01-27 00:00:00-05:00,True,True,3.707286,0.777834,32.68,5025.969,2025-01-28 10:51:00,FM-15,5.6,-6.1,43.0,8.8,False,False,False,False
34.724839,11,1,False,33.849428,42.624832375000004,2025-01-28 11:00:00-05:00,2025-01-28 16:00:00+00:00,51301,PSEG,PS,PS,USW00014734,PJM,PSEG,actual_metered,2025-01-27 11:00:00-05:00,2025-01-28 00:00:00-05:00,False,2025-01-27 11:00:00-05:00,33.849428,2025-01-27 00:00:00-05:00,True,True,3.422138,0.702701,30.6,4910.026,2025-01-28 11:51:00,FM-15,6.7,-9.4,31.0,9.3,False,False,False,False
33.038394,12,1,False,33.861326,42.49767683333334,2025-01-28 12:00:00-05:00,2025-01-28 17:00:00+00:00,51301,PSEG,PS,PS,USW00014734,PJM,PSEG,actual_metered,2025-01-27 11:00:00-05:00,2025-01-28 00:00:00-05:00,False,2025-01-27 12:00:00-05:00,33.861326,2025-01-27 00:00:00-05:00,True,True,3.343738,1.034656,28.66,4671.733,2025-01-28 12:51:00,FM-15,7.2,-11.1,26.0,7.7,False,False,False,False
31.570004,13,1,False,32.865027,42.399813791666666,2025-01-28 13:00:00-05:00,2025-01-28 18:00:00+00:00,51301,PSEG,PS,PS,USW00014734,PJM,PSEG,actual_metered,2025-01-27 11:00:00-05:00,2025-01-28 00:00:00-05:00,False,2025-01-27 13:00:00-05:00,32.865027,2025-01-27 00:00:00-05:00,True,True,3.173994,1.48601,26.91,4668.229,2025-01-28 13:51:00,FM-15,6.1,-10.0,31.0,7.7,False,False,False,False
30.204785,14,1,False,30.725475,42.23419245833333,2025-01-28 14:00:00-05:00,2025-01-28 19:00:00+00:00,51301,PSEG,PS,PS,USW00014734,PJM,PSEG,actual_metered,2025-01-27 11:00:00-05:00,2025-01-28 00:00:00-05:00,False,2025-01-27 14:00:00-05:00,30.725475,2025-01-27 00:00:00-05:00,True,True,3.066637,1.808148,25.33,4788.402,2025-01-28 14:51:00,FM-15,5.6,-10.6,30.0,5.1,False,False,False,False
30.435031,15,1,False,30.972312,42.014924125,2025-01-28 15:00:00-05:00,2025-01-28 20:00:00+00:00,51301,PSEG,PS,PS,USW00014734,PJM,PSEG,actual_metered,2025-01-27 11:00:00-05:00,2025-01-28 00:00:00-05:00,False,2025-01-27 15:00:00-05:00,30.972312,2025-01-27 00:00:00-05:00,True,True,3.048786,1.766245,25.62,5006.196,2025-01-28 15:51:00,FM-15,5.0,-10.6,32.0,4.6,False,False,False,False
34.177801,16,1,False,34.561342,41.85877254166667,2025-01-28 16:00:00-05:00,2025-01-28 21:00:00+00:00,51301,PSEG,PS,PS,USW00014734,PJM,PSEG,actual_metered,2025-01-27 11:00:00-05:00,2025-01-28 00:00:00-05:00,False,2025-01-27 16:00:00-05:00,34.561342,2025-01-27 00:00:00-05:00,True,True,3.334774,1.743027,29.1,5365.615,2025-01-28 16:51:00,FM-15,3.3,-11.1,34.0,4.1,False,False,False,False
52.005645,17,1,False,50.036142,41.82223429166667,2025-01-28 17:00:00-05:00,2025-01-28 22:00:00+00:00,51301,PSEG,PS,PS,USW00014734,PJM,PSEG,actual_metered,2025-01-27 11:00:00-05:00,2025-01-28 00:00:00-05:00,False,2025-01-27 17:00:00-05:00,50.036142,2025-01-27 00:00:00-05:00,True,True,5.143877,2.061768,44.8,5673.067,2025-01-28 17:51:00,FM-15,2.8,-11.1,36.0,2.6,False,False,False,False
51.188475,18,1,False,49.066386,41.75387395833334,2025-01-28 18:00:00-05:00,2025-01-28 23:00:00+00:00,51301,PSEG,PS,PS,USW00014734,PJM,PSEG,actual_metered,2025-01-27 11:00:00-05:00,2025-01-28 00:00:00-05:00,False,2025-01-27 18:00:00-05:00,49.066386,2025-01-27 00:00:00-05:00,True,True,5.061599,2.116876,44.01,5763.768,2025-01-28 18:51:00,FM-15,2.2,-10.0,40.0,2.1,False,False,False,False
48.097113,19,1,False,42.349339,41.512778375,2025-01-28 19:00:00-05:00,2025-01-29 00:00:00+00:00,51301,PSEG,PS,PS,USW00014734,PJM,PSEG,actual_metered,2025-01-27 11:00:00-05:00,2025-01-28 00:00:00-05:00,False,2025-01-27 19:00:00-05:00,42.349339,2025-01-27 00:00:00-05:00,True,True,4.831091,1.416022,41.85,5731.267,2025-01-28 19:51:00,FM-15,2.2,-10.6,39.0,0.0,False,False,False,False
44.068922,20,1,False,41.969155,41.333972708333334,2025-01-28 20:00:00-05:00,2025-01-29 01:00:00+00:00,51301,PSEG,PS,PS,USW00014734,PJM,PSEG,actual_metered,2025-01-27 11:00:00-05:00,2025-01-28 00:00:00-05:00,False,2025-01-27 20:00:00-05:00,41.969155,2025-01-27 00:00:00-05:00,True,True,4.373494,1.255428,38.44,5634.267,2025-01-28 20:51:00,FM-15,1.7,-8.9,46.0,1.5,False,False,False,False
41.531244,21,1,False,41.027575,41.17310475,2025-01-28 21:00:00-05:00,2025-01-29 02:00:00+00:00,51301,PSEG,PS,PS,USW00014734,PJM,PSEG,actual_metered,2025-01-27 11:00:00-05:00,2025-01-28 00:00:00-05:00,False,2025-01-27 21:00:00-05:00,41.027575,2025-01-27 00:00:00-05:00,True,True,4.091067,1.230177,36.21,5487.131,2025-01-28 21:51:00,FM-15,1.7,-6.7,54.0,2.1,False,False,False,False
35.547196,22,1,False,37.878669,40.95517395833333,2025-01-28 22:00:00-05:00,2025-01-29 03:00:00+00:00,51301,PSEG,PS,PS,USW00014734,PJM,PSEG,actual_metered,2025-01-27 11:00:00-05:00,2025-01-28 00:00:00-05:00,False,2025-01-27 22:00:00-05:00,37.878669,2025-01-27 00:00:00-05:00,True,True,3.029304,1.057892,31.46,5214.857,2025-01-28 22:51:00,FM-15,1.7,-6.7,54.0,3.1,False,False,False,False
33.366284,23,1,False,35.192127,40.755407875,2025-01-28 23:00:00-05:00,2025-01-29 04:00:00+00:00,51301,PSEG,PS,PS,USW00014734,PJM,PSEG,actual_metered,2025-01-27 11:00:00-05:00,2025-01-28 00:00:00-05:00,False,2025-01-27 23:00:00-05:00,35.192127,2025-01-27 00:00:00-05:00,True,True,3.134562,2.561722,27.67,4955.226,2025-01-28 23:51:00,FM-15,1.7,-6.7,54.0,3.1,False,False,False,False
30.281812,0,2,False,33.828978,40.52707208333334,2025-01-29 00:00:00-05:00,2025-01-29 05:00:00+00:00,51301,PSEG,PS,PS,USW00014734,PJM,PSEG,actual_metered,2025-01-28 11:00:00-05:00,2025-01-29 00:00:00-05:00,False,2025-01-28 00:00:00-05:00,33.828978,2025-01-28 00:00:00-05:00,True,True,1.702196,1.329616,27.25,4700.463,2025-01-29 00:51:00,FM-15,2.2,-6.1,55.0,2.1,False,False,False,False
29.872752,1,2,False,33.384383,40.36038366666667,2025-01-29 01:00:00-05:00,2025-01-29 06:00:00+00:00,51301,PSEG,PS,PS,USW00014734,PJM,PSEG,actual_metered,2025-01-28 11:00:00-05:00,2025-01-29 00:00:00-05:00,False,2025-01-28 01:00:00-05:00,33.384383,2025-01-28 00:00:00-05:00,True,True,1.493968,1.408784,26.97,4535.26,2025-01-29 01:51:00,FM-15,2.2,-6.1,55.0,4.1,False,False,False,False
29.150045,2,2,False,32.328592,40.19344895833333,2025-01-29 02:00:00-05:00,2025-01-29 07:00:00+00:00,51301,PSEG,PS,PS,USW00014734,PJM,PSEG,actual_metered,2025-01-28 11:00:00-05:00,2025-01-29 00:00:00-05:00,False,2025-01-28 02:00:00-05:00,32.328592,2025-01-28 00:00:00-05:00,True,True,1.351597,1.238448,26.56,4459.074,2025-01-29 02:51:00,FM-15,1.1,-6.7,56.0,4.6,False,False,False,False
31.023998,3,2,False,32.864686,40.04569166666666,2025-01-29 03:00:00-05:00,2025-01-29 08:00:00+00:00,51301,PSEG,PS,PS,USW00014734,PJM,PSEG,actual_metered,2025-01-28 11:00:00-05:00,2025-01-29 00:00:00-05:00,False,2025-01-28 03:00:00-05:00,32.864686,2025-01-28 00:00:00-05:00,True,True,1.335738,1.21826,28.47,4437.239,2025-01-29 03:51:00,FM-15,1.7,-6.1,57.0,3.6,False,False,False,False
31.588369,4,2,False,35.100193,39.927720083333334,2025-01-29 04:00:00-05:00,2025-01-29 09:00:00+00:00,51301,PSEG,PS,PS,USW00014734,PJM,PSEG,actual_metered,2025-01-28 11:00:00-05:00,2025-01-29 00:00:00-05:00,False,2025-01-28 04:00:00-05:00,35.100193,2025-01-28 00:00:00-05:00,True,True,1.249791,1.218578,29.12,4504.051,2025-01-29 04:51:00,FM-15,0.6,-6.1,61.0,3.6,False,False,False,False
34.845755,5,2,False,38.363602,39.8647655,2025-01-29 05:00:00-05:00,2025-01-29 10:00:00+00:00,51301,PSEG,PS,PS,USW00014734,PJM,PSEG,actual_metered,2025-01-28 11:00:00-05:00,2025-01-29 00:00:00-05:00,False,2025-01-28 05:00:00-05:00,38.363602,2025-01-28 00:00:00-05:00,True,True,1.33963,1.396125,32.11,4726.046,2025-01-29 05:51:00,FM-15,0.6,-5.6,64.0,4.1,False,False,False,False
49.769969,6,2,False,55.667312,39.671536124999996,2025-01-29 06:00:00-05:00,2025-01-29 11:00:00+00:00,51301,PSEG,PS,PS,USW00014734,PJM,PSEG,actual_metered,2025-01-28 11:00:00-05:00,2025-01-29 00:00:00-05:00,False,2025-01-28 06:00:00-05:00,55.667312,2025-01-28 00:00:00-05:00,True,True,0.840882,1.979087,46.95,5090.149,2025-01-29 06:51:00,FM-15,1.1,-5.6,61.0,3.6,False,False,False,False
57.327586,7,2,False,87.885621,40.25137191666666,2025-01-29 07:00:00-05:00,2025-01-29 12:00:00+00:00,51301,PSEG,PS,PS,USW00014734,PJM,PSEG,actual_metered,2025-01-28 11:00:00-05:00,2025-01-29 00:00:00-05:00,False,2025-01-28 07:00:00-05:00,87.885621,2025-01-28 00:00:00-05:00,True,True,4.043873,1.583713,51.7,5278.017,2025-01-29 07:51:00,FM-15,2.2,-5.0,59.0,4.6,False,False,False,False
39.478296,8,2,False,46.981712,40.24246925,2025-01-29 08:00:00-05:00,2025-01-29 13:00:00+00:00,51301,PSEG,PS,PS,USW00014734,PJM,PSEG,actual_metered,2025-01-28 11:00:00-05:00,2025-01-29 00:00:00-05:00,False,2025-01-28 08:00:00-05:00,46.981712,2025-01-28 00:00:00-05:00,True,True,2.991406,0.63689,35.85,5142.501,2025-01-29 08:51:00,FM-15,5.0,-5.0,49.0,5.7,False,False,False,False
31.83972,9,2,False,41.02034,40.31971454166666,2025-01-29 09:00:00-05:00,2025-01-29 14:00:00+00:00,51301,PSEG,PS,PS,USW00014734,PJM,PSEG,actual_metered,2025-01-28 11:00:00-05:00,2025-01-29 00:00:00-05:00,False,2025-01-28 09:00:00-05:00,41.02034,2025-01-28 00:00:00-05:00,True,True,2.551805,0.487915,28.8,4857.577,2025-01-29 09:51:00,FM-15,7.2,-5.0,42.0,5.7,False,False,False,False
29.470523,10,2,False,37.16512,40.37270175,2025-01-29 10:00:00-05:00,2025-01-29 15:00:00+00:00,51301,PSEG,PS,PS,USW00014734,PJM,PSEG,actual_metered,2025-01-28 11:00:00-05:00,2025-01-29 00:00:00-05:00,False,2025-01-28 10:00:00-05:00,37.16512,2025-01-28 00:00:00-05:00,True,True,2.348565,0.491958,26.63,4555.397,2025-01-29 10:51:00,FM-15,10.6,-3.9,36.0,8.8,False,False,False,False
29.303981,11,2,False,34.724839,40.40917720833333,2025-01-29 11:00:00-05:00,2025-01-29 16:00:00+00:00,51301,PSEG,PS,PS,USW00014734,PJM,PSEG,actual_metered,2025-01-28 11:00:00-05:00,2025-01-29 00:00:00-05:00,False,2025-01-28 11:00:00-05:00,34.724839,2025-01-28 00:00:00-05:00,True,True,2.291733,0.382248,26.63,4489.58,2025-01-29 11:51:00,FM-15,11.1,-4.4,34.0,12.4,False,False,False,False
29.281564,12,2,False,33.038394,40.374888375,2025-01-29 12:00:00-05:00,2025-01-29 17:00:00+00:00,51301,PSEG,PS,PS,USW00014734,PJM,PSEG,actual_metered,2025-01-28 11:00:00-05:00,2025-01-29 00:00:00-05:00,False,2025-01-28 12:00:00-05:00,33.038394,2025-01-28 00:00:00-05:00,True,True,2.460594,0.36097,26.46,4596.572,2025-01-29 12:51:00,FM-15,11.7,-4.4,32.0,11.8,False,False,False,False
29.683038,13,2,False,31.570004,40.32092908333333,2025-01-29 13:00:00-05:00,2025-01-29 18:00:00+00:00,51301,PSEG,PS,PS,USW00014734,PJM,PSEG,actual_metered,2025-01-28 11:00:00-05:00,2025-01-29 00:00:00-05:00,False,2025-01-28 13:00:00-05:00,31.570004,2025-01-28 00:00:00-05:00,True,True,2.800153,0.362885,26.52,4532.625,2025-01-29 13:51:00,FM-15,11.7,-6.1,28.0,10.8,False,False,False,False
29.49165,14,2,False,30.204785,40.299233666666666,2025-01-29 14:00:00-05:00,2025-01-29 19:00:00+00:00,51301,PSEG,PS,PS,USW00014734,PJM,PSEG,actual_metered,2025-01-28 11:00:00-05:00,2025-01-29 00:00:00-05:00,False,2025-01-28 14:00:00-05:00,30.204785,2025-01-28 00:00:00-05:00,True,True,2.899207,0.322443,26.27,4671.968,2025-01-29 14:51:00,FM-15,11.7,-7.2,26.0,9.3,False,False,False,False
30.130553,15,2,False,30.435031,40.27684695833333,2025-01-29 15:00:00-05:00,2025-01-29 20:00:00+00:00,51301,PSEG,PS,PS,USW00014734,PJM,PSEG,actual_metered,2025-01-28 11:00:00-05:00,2025-01-29 00:00:00-05:00,False,2025-01-28 15:00:00-05:00,30.435031,2025-01-28 00:00:00-05:00,True,True,2.989414,0.361139,26.78,4928.285,2025-01-29 15:51:00,FM-15,9.4,-5.0,36.0,9.8,False,False,False,False
34.365467,16,2,False,34.177801,40.26086608333333,2025-01-29 16:00:00-05:00,2025-01-29 21:00:00+00:00,51301,PSEG,PS,PS,USW00014734,PJM,PSEG,actual_metered,2025-01-28 11:00:00-05:00,2025-01-29 00:00:00-05:00,False,2025-01-28 16:00:00-05:00,34.177801,2025-01-28 00:00:00-05:00,True,True,3.333926,0.381541,30.65,5179.157,2025-01-29 16:51:00,FM-15,8.3,-4.4,41.0,8.2,False,False,False,False
58.513223,17,2,False,52.005645,40.34292870833333,2025-01-29 17:00:00-05:00,2025-01-29 22:00:00+00:00,51301,PSEG,PS,PS,USW00014734,PJM,PSEG,actual_metered,2025-01-28 11:00:00-05:00,2025-01-29 00:00:00-05:00,False,2025-01-28 17:00:00-05:00,52.005645,2025-01-28 00:00:00-05:00,True,True,5.38115,0.602073,52.53,5478.222,2025-01-29 17:51:00,FM-15,7.8,-7.2,34.0,11.8,False,False,False,False
57.028901,18,2,False,51.188475,40.43134908333334,2025-01-29 18:00:00-05:00,2025-01-29 23:00:00+00:00,51301,PSEG,PS,PS,USW00014734,PJM,PSEG,actual_metered,2025-01-28 11:00:00-05:00,2025-01-29 00:00:00-05:00,False,2025-01-28 18:00:00-05:00,51.188475,2025-01-28 00:00:00-05:00,True,True,5.327359,-1.328458,53.03,5585.652,2025-01-29 18:51:00,FM-15,7.2,-7.8,34.0,12.9,False,False,False,False
52.283782,19,2,False,48.097113,40.670839666666666,2025-01-29 19:00:00-05:00,2025-01-30 00:00:00+00:00,51301,PSEG,PS,PS,USW00014734,PJM,PSEG,actual_metered,2025-01-28 11:00:00-05:00,2025-01-29 00:00:00-05:00,False,2025-01-28 19:00:00-05:00,48.097113,2025-01-28 00:00:00-05:00,True,True,4.724249,-0.580467,48.14,5533.622,2025-01-29 19:51:00,FM-15,6.1,-10.6,29.0,13.9,False,False,False,False
54.141546,20,2,False,44.068922,40.758329958333334,2025-01-29 20:00:00-05:00,2025-01-30 01:00:00+00:00,51301,PSEG,PS,PS,USW00014734,PJM,PSEG,actual_metered,2025-01-28 11:00:00-05:00,2025-01-29 00:00:00-05:00,False,2025-01-28 20:00:00-05:00,44.068922,2025-01-28 00:00:00-05:00,True,True,4.919684,0.601862,48.62,5485.127,2025-01-29 20:51:00,FM-15,4.4,-11.7,30.0,11.3,False,False,False,False
46.496776,21,2,False,41.531244,40.77931616666667,2025-01-29 21:00:00-05:00,2025-01-30 02:00:00+00:00,51301,PSEG,PS,PS,USW00014734,PJM,PSEG,actual_metered,2025-01-28 11:00:00-05:00,2025-01-29 00:00:00-05:00,False,2025-01-28 21:00:00-05:00,41.531244,2025-01-28 00:00:00-05:00,True,True,4.30608,0.460696,41.73,5355.025,2025-01-29 21:51:00,FM-15,2.8,-10.0,39.0,9.8,False,False,False,False
40.282561,22,2,False,35.547196,40.682171458333336,2025-01-29 22:00:00-05:00,2025-01-30 03:00:00+00:00,51301,PSEG,PS,PS,USW00014734,PJM,PSEG,actual_metered,2025-01-28 11:00:00-05:00,2025-01-29 00:00:00-05:00,False,2025-01-28 22:00:00-05:00,35.547196,2025-01-28 00:00:00-05:00,True,True,2.964831,0.32773,36.99,5134.11,2025-01-29 22:51:00,FM-15,2.2,-11.7,35.0,9.8,False,False,False,False
38.123766,23,2,False,33.366284,40.606094666666664,2025-01-29 23:00:00-05:00,2025-01-30 04:00:00+00:00,51301,PSEG,PS,PS,USW00014734,PJM,PSEG,actual_metered,2025-01-28 11:00:00-05:00,2025-01-29 00:00:00-05:00,False,2025-01-28 23:00:00-05:00,33.366284,2025-01-28 00:00:00-05:00,True,True,3.314132,0.489634,34.32,4926.956,2025-01-29 23:51:00,FM-15,0.6,-10.0,45.0,7.2,False,False,False,False
35.445396,0,3,False,30.281812,40.45829608333333,2025-01-30 00:00:00-05:00,2025-01-30 05:00:00+00:00,51301,PSEG,PS,PS,USW00014734,PJM,PSEG,actual_metered,2025-01-29 11:00:00-05:00,2025-01-30 00:00:00-05:00,False,2025-01-29 00:00:00-05:00,30.281812,2025-01-29 00:00:00-05:00,True,True,1.800456,1.34494,32.3,4743.118,2025-01-30 00:51:00,FM-15,0.0,-11.7,41.0,6.7,False,False,False,False
34.083571,1,3,False,29.872752,40.311978125,2025-01-30 01:00:00-05:00,2025-01-30 06:00:00+00:00,51301,PSEG,PS,PS,USW00014734,PJM,PSEG,actual_metered,2025-01-29 11:00:00-05:00,2025-01-30 00:00:00-05:00,False,2025-01-29 01:00:00-05:00,29.872752,2025-01-29 00:00:00-05:00,True,True,1.731612,1.331959,31.02,4636.785,2025-01-30 01:51:00,FM-15,-0.6,-13.3,38.0,5.7,False,False,False,False
33.40341,2,3,False,29.150045,40.179538666666666,2025-01-30 02:00:00-05:00,2025-01-30 07:00:00+00:00,51301,PSEG,PS,PS,USW00014734,PJM,PSEG,actual_metered,2025-01-29 11:00:00-05:00,2025-01-30 00:00:00-05:00,False,2025-01-29 02:00:00-05:00,29.150045,2025-01-29 00:00:00-05:00,True,True,1.463399,1.440011,30.5,4584.05,2025-01-30 02:51:00,FM-15,-1.7,-13.9,39.0,6.7,False,False,False,False
34.996122,3,3,False,31.023998,40.10284333333333,2025-01-30 03:00:00-05:00,2025-01-30 08:00:00+00:00,51301,PSEG,PS,PS,USW00014734,PJM,PSEG,actual_metered,2025-01-29 11:00:00-05:00,2025-01-30 00:00:00-05:00,False,2025-01-29 03:00:00-05:00,31.023998,2025-01-29 00:00:00-05:00,True,True,1.477448,2.118674,31.4,4576.163,2025-01-30 03:51:00,FM-15,-2.2,-13.9,41.0,5.1,False,False,False,False
37.172011,4,3,False,31.588369,39.95651733333334,2025-01-30 04:00:00-05:00,2025-01-30 09:00:00+00:00,51301,PSEG,PS,PS,USW00014734,PJM,PSEG,actual_metered,2025-01-29 11:00:00-05:00,2025-01-30 00:00:00-05:00,False,2025-01-29 04:00:00-05:00,31.588369,2025-01-29 00:00:00-05:00,True,True,1.629193,2.522818,33.02,4662.288,2025-01-30 04:51:00,FM-15,-2.8,-14.4,41.0,5.1,False,False,False,False
38.663674,5,3,False,34.845755,39.809940375000004,2025-01-30 05:00:00-05:00,2025-01-30 10:00:00+00:00,51301,PSEG,PS,PS,USW00014734,PJM,PSEG,actual_metered,2025-01-29 11:00:00-05:00,2025-01-30 00:00:00-05:00,False,2025-01-29 05:00:00-05:00,34.845755,2025-01-29 00:00:00-05:00,True,True,1.770575,1.733099,35.16,4908.678,2025-01-30 05:51:00,FM-15,-2.8,-15.0,39.0,8.8,False,False,False,False
57.140064,6,3,False,49.769969,39.564217750000005,2025-01-30 06:00:00-05:00,2025-01-30 11:00:00+00:00,51301,PSEG,PS,PS,USW00014734,PJM,PSEG,actual_metered,2025-01-29 11:00:00-05:00,2025-01-30 00:00:00-05:00,False,2025-01-29 06:00:00-05:00,49.769969,2025-01-29 00:00:00-05:00,True,True,2.241084,1.55898,53.34,5329.535,2025-01-30 06:51:00,FM-15,-3.3,-15.6,38.0,4.1,False,False,False,False
63.781263,7,3,False,57.327586,38.29096629166667,2025-01-30 07:00:00-05:00,2025-01-30 12:00:00+00:00,51301,PSEG,PS,PS,USW00014734,PJM,PSEG,actual_metered,2025-01-29 11:00:00-05:00,2025-01-30 00:00:00-05:00,False,2025-01-29 07:00:00-05:00,57.327586,2025-01-29 00:00:00-05:00,True,True,2.958657,0.762606,60.06,5555.943,2025-01-30 07:51:00,FM-15,-2.8,-15.0,39.0,4.6,False,False,False,False
38.096882,8,3,False,39.478296,37.978323958333334,2025-01-30 08:00:00-05:00,2025-01-30 13:00:00+00:00,51301,PSEG,PS,PS,USW00014734,PJM,PSEG,actual_metered,2025-01-29 11:00:00-05:00,2025-01-30 00:00:00-05:00,False,2025-01-29 08:00:00-05:00,39.478296,2025-01-29 00:00:00-05:00,True,True,1.314559,0.542323,36.24,5391.98,2025-01-30 08:51:00,FM-15,-1.7,-15.0,36.0,5.1,False,False,False,False
33.036551,9,3,False,31.83972,37.595798125,2025-01-30 09:00:00-05:00,2025-01-30 14:00:00+00:00,51301,PSEG,PS,PS,USW00014734,PJM,PSEG,actual_metered,2025-01-29 11:00:00-05:00,2025-01-30 00:00:00-05:00,False,2025-01-29 09:00:00-05:00,31.83972,2025-01-29 00:00:00-05:00,True,True,1.461274,2.025277,29.55,5103.883,2025-01-30 09:51:00,FM-15,-0.6,-14.4,35.0,5.7,False,False,False,False
30.069657,10,3,False,29.470523,37.27518991666667,2025-01-30 10:00:00-05:00,2025-01-30 15:00:00+00:00,51301,PSEG,PS,PS,USW00014734,PJM,PSEG,actual_metered,2025-01-29 11:00:00-05:00,2025-01-30 00:00:00-05:00,False,2025-01-29 10:00:00-05:00,29.470523,2025-01-29 00:00:00-05:00,True,True,1.392307,1.54735,27.13,4864.982,2025-01-30 10:51:00,FM-15,0.0,-13.9,35.0,6.2,False,False,False,False
28.876255,11,3,False,29.303981,37.04932083333333,2025-01-30 11:00:00-05:00,2025-01-30 16:00:00+00:00,51301,PSEG,PS,PS,USW00014734,PJM,PSEG,actual_metered,2025-01-29 11:00:00-05:00,2025-01-30 00:00:00-05:00,False,2025-01-29 11:00:00-05:00,29.303981,2025-01-29 00:00:00-05:00,True,True,1.224121,0.942134,26.71,4703.574,2025-01-30 11:51:00,FM-15,1.1,-13.9,32.0,6.2,False,False,False,False
28.315537,12,3,False,29.281564,36.89278625,2025-01-30 12:00:00-05:00,2025-01-30 17:00:00+00:00,51301,PSEG,PS,PS,USW00014734,PJM,PSEG,actual_metered,2025-01-29 11:00:00-05:00,2025-01-30 00:00:00-05:00,False,2025-01-29 12:00:00-05:00,29.281564,2025-01-29 00:00:00-05:00,True,True,0.998215,0.717322,26.6,4632.159,2025-01-30 12:51:00,FM-15,2.2,-13.3,31.0,6.2,False,False,False,False
27.833302,13,3,False,29.683038,36.81416266666667,2025-01-30 13:00:00-05:00,2025-01-30 18:00:00+00:00,51301,PSEG,PS,PS,USW00014734,PJM,PSEG,actual_metered,2025-01-29 11:00:00-05:00,2025-01-30 00:00:00-05:00,False,2025-01-29 13:00:00-05:00,29.683038,2025-01-29 00:00:00-05:00,True,True,0.930022,0.57328,26.33,4676.877,2025-01-30 13:51:00,FM-15,2.8,-13.3,30.0,3.6,False,False,False,False
28.081569,14,3,False,29.49165,36.784448708333336,2025-01-30 14:00:00-05:00,2025-01-30 19:00:00+00:00,51301,PSEG,PS,PS,USW00014734,PJM,PSEG,actual_metered,2025-01-29 11:00:00-05:00,2025-01-30 00:00:00-05:00,False,2025-01-29 14:00:00-05:00,29.49165,2025-01-29 00:00:00-05:00,True,True,0.856088,0.605481,26.62,4780.257,2025-01-30 14:51:00,FM-15,3.9,-13.3,28.0,4.6,False,False,False,False
29.847025,15,3,False,30.130553,36.771762125,2025-01-30 15:00:00-05:00,2025-01-30 20:00:00+00:00,51301,PSEG,PS,PS,USW00014734,PJM,PSEG,actual_metered,2025-01-29 11:00:00-05:00,2025-01-30 00:00:00-05:00,False,2025-01-29 15:00:00-05:00,30.130553,2025-01-29 00:00:00-05:00,True,True,0.975821,1.091204,27.78,5062.671,2025-01-30 15:51:00,FM-15,3.3,-12.8,30.0,4.1,False,False,False,False
34.701211,16,3,False,34.365467,36.779581541666666,2025-01-30 16:00:00-05:00,2025-01-30 21:00:00+00:00,51301,PSEG,PS,PS,USW00014734,PJM,PSEG,actual_metered,2025-01-29 11:00:00-05:00,2025-01-30 00:00:00-05:00,False,2025-01-29 16:00:00-05:00,34.365467,2025-01-29 00:00:00-05:00,True,True,1.09285,1.338361,32.27,5402.611,2025-01-30 16:51:00,FM-15,2.2,-12.2,34.0,3.6,False,False,False,False
40.332778,17,3,False,58.513223,37.050730625,2025-01-30 17:00:00-05:00,2025-01-30 22:00:00+00:00,51301,PSEG,PS,PS,USW00014734,PJM,PSEG,actual_metered,2025-01-29 11:00:00-05:00,2025-01-30 00:00:00-05:00,False,2025-01-29 17:00:00-05:00,58.513223,2025-01-29 00:00:00-05:00,True,True,1.257945,1.014833,38.06,5699.232,2025-01-30 17:51:00,FM-15,2.2,-12.2,34.0,2.1,False,False,False,False
39.153764,18,3,False,57.028901,37.29408170833333,2025-01-30 18:00:00-05:00,2025-01-30 23:00:00+00:00,51301,PSEG,PS,PS,USW00014734,PJM,PSEG,actual_metered,2025-01-29 11:00:00-05:00,2025-01-30 00:00:00-05:00,False,2025-01-29 18:00:00-05:00,57.028901,2025-01-29 00:00:00-05:00,True,True,0.589677,0.924087,37.64,5761.423,2025-01-30 18:51:00,FM-15,2.2,-11.1,37.0,1.5,False,False,False,False
38.513628,19,3,False,52.283782,37.468526250000004,2025-01-30 19:00:00-05:00,2025-01-31 00:00:00+00:00,51301,PSEG,PS,PS,USW00014734,PJM,PSEG,actual_metered,2025-01-29 11:00:00-05:00,2025-01-30 00:00:00-05:00,False,2025-01-29 19:00:00-05:00,52.283782,2025-01-29 00:00:00-05:00,True,True,0.637057,0.956571,36.92,5708.866,2025-01-30 19:51:00,FM-15,2.2,-10.0,40.0,2.1,False,False,False,False
37.927617,20,3,False,54.141546,37.888218916666666,2025-01-30 20:00:00-05:00,2025-01-31 01:00:00+00:00,51301,PSEG,PS,PS,USW00014734,PJM,PSEG,actual_metered,2025-01-29 11:00:00-05:00,2025-01-30 00:00:00-05:00,False,2025-01-29 20:00:00-05:00,54.141546,2025-01-29 00:00:00-05:00,True,True,0.769512,0.888105,36.27,5597.406,2025-01-30 20:51:00,FM-15,1.7,-8.3,48.0,3.6,False,False,False,False
35.197149,21,3,False,46.496776,38.09511608333333,2025-01-30 21:00:00-05:00,2025-01-31 02:00:00+00:00,51301,PSEG,PS,PS,USW00014734,PJM,PSEG,actual_metered,2025-01-29 11:00:00-05:00,2025-01-30 00:00:00-05:00,False,2025-01-29 21:00:00-05:00,46.496776,2025-01-29 00:00:00-05:00,True,True,0.692601,0.834548,33.67,5442.758,2025-01-30 21:51:00,FM-15,1.7,-5.6,59.0,3.1,False,False,False,False
31.696859,22,3,False,40.282561,38.29242295833333,2025-01-30 22:00:00-05:00,2025-01-31 03:00:00+00:00,51301,PSEG,PS,PS,USW00014734,PJM,PSEG,actual_metered,2025-01-29 11:00:00-05:00,2025-01-30 00:00:00-05:00,False,2025-01-29 22:00:00-05:00,40.282561,2025-01-29 00:00:00-05:00,True,True,0.600809,0.75605,30.34,5179.353,2025-01-30 22:51:00,FM-15,1.7,-4.4,64.0,2.6,False,False,False,False
29.57039,23,3,False,38.123766,38.490651375000006,2025-01-30 23:00:00-05:00,2025-01-31 04:00:00+00:00,51301,PSEG,PS,PS,USW00014734,PJM,PSEG,actual_metered,2025-01-29 11:00:00-05:00,2025-01-30 00:00:00-05:00,False,2025-01-29 23:00:00-05:00,38.123766,2025-01-29 00:00:00-05:00,True,True,0.732321,1.338069,27.5,4909.623,2025-01-30 23:51:00,FM-15,1.7,-3.3,70.0,1.5,False,False,False,False
32.151319,0,4,False,35.445396,38.705800708333335,2025-01-31 00:00:00-05:00,2025-01-31 05:00:00+00:00,51301,PSEG,PS,PS,USW00014734,PJM,PSEG,actual_metered,2025-01-30 11:00:00-05:00,2025-01-31 00:00:00-05:00,False,2025-01-30 00:00:00-05:00,35.445396,2025-01-30 00:00:00-05:00,True,True,0.702558,3.538761,27.91,4422.515,2025-01-31 00:51:00,FM-15,2.2,-2.8,70.0,0.0,False,False,False,False
31.108266,1,4,False,34.083571,38.8812515,2025-01-31 01:00:00-05:00,2025-01-31 06:00:00+00:00,51301,PSEG,PS,PS,USW00014734,PJM,PSEG,actual_metered,2025-01-30 11:00:00-05:00,2025-01-31 00:00:00-05:00,False,2025-01-30 01:00:00-05:00,34.083571,2025-01-30 00:00:00-05:00,True,True,0.776628,2.951638,27.38,4262.673,2025-01-31 01:51:00,FM-15,1.7,-3.3,70.0,1.5,False,False,False,False
29.921936,2,4,False,33.40341,39.05847504166667,2025-01-31 02:00:00-05:00,2025-01-31 07:00:00+00:00,51301,PSEG,PS,PS,USW00014734,PJM,PSEG,actual_metered,2025-01-30 11:00:00-05:00,2025-01-31 00:00:00-05:00,False,2025-01-30 02:00:00-05:00,33.40341,2025-01-30 00:00:00-05:00,True,True,0.845076,2.66686,26.41,4155.454,2025-01-31 02:51:00,FM-15,1.7,-3.3,70.0,0.0,False,False,False,False
29.636108,3,4,False,34.996122,39.22398020833334,2025-01-31 03:00:00-05:00,2025-01-31 08:00:00+00:00,51301,PSEG,PS,PS,USW00014734,PJM,PSEG,actual_metered,2025-01-30 11:00:00-05:00,2025-01-31 00:00:00-05:00,False,2025-01-30 03:00:00-05:00,34.996122,2025-01-30 00:00:00-05:00,True,True,0.765171,2.620937,26.25,4111.716,2025-01-31 03:51:00,FM-15,2.2,-2.8,70.0,0.0,False,False,False,False
29.843508,4,4,False,37.172011,39.45663195833333,2025-01-31 04:00:00-05:00,2025-01-31 09:00:00+00:00,51301,PSEG,PS,PS,USW00014734,PJM,PSEG,actual_metered,2025-01-30 11:00:00-05:00,2025-01-31 00:00:00-05:00,False,2025-01-30 04:00:00-05:00,37.172011,2025-01-30 00:00:00-05:00,True,True,0.654182,2.939326,26.25,4151.348,2025-01-31 04:51:00,FM-15,2.2,-2.2,73.0,0.0,False,False,False,False
31.541961,5,4,False,38.663674,39.61571191666667,2025-01-31 05:00:00-05:00,2025-01-31 10:00:00+00:00,51301,PSEG,PS,PS,USW00014734,PJM,PSEG,actual_metered,2025-01-30 11:00:00-05:00,2025-01-31 00:00:00-05:00,False,2025-01-30 05:00:00-05:00,38.663674,2025-01-30 00:00:00-05:00,True,True,0.637675,3.024286,27.88,4327.007,2025-01-31 05:51:00,FM-15,2.2,-0.6,82.0,0.0,False,False,False,False
36.696074,6,4,False,57.140064,39.92279920833334,2025-01-31 06:00:00-05:00,2025-01-31 11:00:00+00:00,51301,PSEG,PS,PS,USW00014734,PJM,PSEG,actual_metered,2025-01-30 11:00:00-05:00,2025-01-31 00:00:00-05:00,False,2025-01-30 06:00:00-05:00,57.140064,2025-01-30 00:00:00-05:00,True,True,1.140179,2.645895,32.91,4649.663,2025-01-31 06:51:00,FM-15,3.3,0.6,83.0,0.0,False,False,False,False
41.169977,7,4,False,63.781263,40.191702416666665,2025-01-31 07:00:00-05:00,2025-01-31 12:00:00+00:00,51301,PSEG,PS,PS,USW00014734,PJM,PSEG,actual_metered,2025-01-30 11:00:00-05:00,2025-01-31 00:00:00-05:00,False,2025-01-30 07:00:00-05:00,63.781263,2025-01-30 00:00:00-05:00,True,True,1.33961,2.890367,36.94,4918.857,2025-01-31 07:51:00,FM-15,3.3,0.0,79.0,2.1,False,False,False,False
42.695316,8,4,False,38.096882,40.1341435,2025-01-31 08:00:00-05:00,2025-01-31 13:00:00+00:00,51301,PSEG,PS,PS,USW00014734,PJM,PSEG,actual_metered,2025-01-30 11:00:00-05:00,2025-01-31 00:00:00-05:00,False,2025-01-30 08:00:00-05:00,38.096882,2025-01-30 00:00:00-05:00,True,True,0.930159,2.515157,39.25,5011.412,2025-01-31 08:51:00,FM-15,3.9,1.1,82.0,1.5,False,False,False,False
41.933142,9,4,False,33.036551,40.18401145833334,2025-01-31 09:00:00-05:00,2025-01-31 14:00:00+00:00,51301,PSEG,PS,PS,USW00014734,PJM,PSEG,actual_metered,2025-01-30 11:00:00-05:00,2025-01-31 00:00:00-05:00,False,2025-01-30 09:00:00-05:00,33.036551,2025-01-30 00:00:00-05:00,True,True,1.453267,2.719875,37.76,5059.813,2025-01-31 09:51:00,FM-15,5.6,2.8,82.0,2.6,False,False,False,False
44.297018,10,4,False,30.069657,40.208975375,2025-01-31 10:00:00-05:00,2025-01-31 15:00:00+00:00,51301,PSEG,PS,PS,USW00014734,PJM,PSEG,actual_metered,2025-01-30 11:00:00-05:00,2025-01-31 00:00:00-05:00,False,2025-01-30 10:00:00-05:00,30.069657,2025-01-30 00:00:00-05:00,True,True,1.929822,5.907196,36.46,5087.895,2025-01-31 10:51:00,FM-15,6.7,3.3,79.0,0.0,False,False,False,False
43.122483,11,4,False,28.876255,40.19115345833334,2025-01-31 11:00:00-05:00,2025-01-31 16:00:00+00:00,51301,PSEG,PS,PS,USW00014734,PJM,PSEG,actual_metered,2025-01-30 11:00:00-05:00,2025-01-31 00:00:00-05:00,False,2025-01-30 11:00:00-05:00,28.876255,2025-01-30 00:00:00-05:00,True,True,1.549826,6.602657,34.97,5034.09,2025-01-31 11:51:00,FM-15,7.2,3.9,80.0,2.6,False,False,False,False
40.614458,12,4,False,28.315537,40.150902333333335,2025-01-31 12:00:00-05:00,2025-01-31 17:00:00+00:00,51301,PSEG,PS,PS,USW00014734,PJM,PSEG,actual_metered,2025-01-30 11:00:00-05:00,2025-01-31 00:00:00-05:00,False,2025-01-30 12:00:00-05:00,28.315537,2025-01-30 00:00:00-05:00,True,True,1.142744,5.911714,33.56,5024.455,2025-01-31 12:51:00,FM-15,7.2,4.4,83.0,4.1,False,False,False,False
38.668813,13,4,False,27.833302,40.07383,2025-01-31 13:00:00-05:00,2025-01-31 18:00:00+00:00,51301,PSEG,PS,PS,USW00014734,PJM,PSEG,actual_metered,2025-01-30 11:00:00-05:00,2025-01-31 00:00:00-05:00,False,2025-01-30 13:00:00-05:00,27.833302,2025-01-30 00:00:00-05:00,True,True,1.078961,5.969852,31.62,5022.659,2025-01-31 13:51:00,FM-15,7.2,4.4,83.0,3.1,False,False,False,False
37.884318,14,4,False,28.081569,40.015076625,2025-01-31 14:00:00-05:00,2025-01-31 19:00:00+00:00,51301,PSEG,PS,PS,USW00014734,PJM,PSEG,actual_metered,2025-01-30 11:00:00-05:00,2025-01-31 00:00:00-05:00,False,2025-01-30 14:00:00-05:00,28.081569,2025-01-30 00:00:00-05:00,True,True,1.050621,6.933697,29.9,5022.023,2025-01-31 14:51:00,FM-15,6.7,4.4,85.0,2.6,False,False,False,False
34.202024,15,4,False,29.847025,40.00326295833333,2025-01-31 15:00:00-05:00,2025-01-31 20:00:00+00:00,51301,PSEG,PS,PS,USW00014734,PJM,PSEG,actual_metered,2025-01-30 11:00:00-05:00,2025-01-31 00:00:00-05:00,False,2025-01-30 15:00:00-05:00,29.847025,2025-01-30 00:00:00-05:00,True,True,1.002567,4.169457,29.03,5033.012,2025-01-31 15:51:00,FM-15,7.2,5.0,86.0,0.0,False,False,False,False
34.146181,16,4,False,34.701211,40.01725229166667,2025-01-31 16:00:00-05:00,2025-01-31 21:00:00+00:00,51301,PSEG,PS,PS,USW00014734,PJM,PSEG,actual_metered,2025-01-30 11:00:00-05:00,2025-01-31 00:00:00-05:00,False,2025-01-30 16:00:00-05:00,34.701211,2025-01-30 00:00:00-05:00,True,True,1.245479,2.500702,30.4,5080.539,2025-01-31 16:51:00,FM-15,7.2,5.0,86.0,1.5,False,False,False,False
41.826689,17,4,False,40.332778,39.25973375,2025-01-31 17:00:00-05:00,2025-01-31 22:00:00+00:00,51301,PSEG,PS,PS,USW00014734,PJM,PSEG,actual_metered,2025-01-30 11:00:00-05:00,2025-01-31 00:00:00-05:00,False,2025-01-30 17:00:00-05:00,40.332778,2025-01-30 00:00:00-05:00,True,True,1.337789,3.6489,36.84,5187.268,2025-01-31 17:51:00,FM-15,7.2,5.6,90.0,1.5,False,False,False,False
38.826222,18,4,False,39.153764,38.514936375,2025-01-31 18:00:00-05:00,2025-01-31 23:00:00+00:00,51301,PSEG,PS,PS,USW00014734,PJM,PSEG,actual_metered,2025-01-30 11:00:00-05:00,2025-01-31 00:00:00-05:00,False,2025-01-30 18:00:00-05:00,39.153764,2025-01-30 00:00:00-05:00,True,True,1.098796,2.777426,34.95,5377.45,2025-01-31 18:51:00,FM-15,7.2,5.6,90.0,2.6,False,False,False,False
35.710552,19,4,False,38.513628,37.94117995833333,2025-01-31 19:00:00-05:00,2025-02-01 00:00:00+00:00,51301,PSEG,PS,PS,USW00014734,PJM,PSEG,actual_metered,2025-01-30 11:00:00-05:00,2025-01-31 00:00:00-05:00,False,2025-01-30 19:00:00-05:00,38.513628,2025-01-30 00:00:00-05:00,True,True,0.850964,3.729588,31.13,5258.788,2025-01-31 19:51:00,FM-15,7.8,6.1,89.0,2.1,False,False,False,False
33.457715,20,4,False,37.927617,37.265599583333334,2025-01-31 20:00:00-05:00,2025-02-01 01:00:00+00:00,51301,PSEG,PS,PS,USW00014734,PJM,PSEG,actual_metered,2025-01-30 11:00:00-05:00,2025-01-31 00:00:00-05:00,False,2025-01-30 20:00:00-05:00,37.927617,2025-01-30 00:00:00-05:00,True,True,1.071178,2.066537,30.32,5145.945,2025-01-31 20:51:00,FM-15,7.2,5.6,90.0,3.1,False,False,False,False
32.096253,21,4,False,35.197149,36.794781791666665,2025-01-31 21:00:00-05:00,2025-02-01 02:00:00+00:00,51301,PSEG,PS,PS,USW00014734,PJM,PSEG,actual_metered,2025-01-30 11:00:00-05:00,2025-01-31 00:00:00-05:00,False,2025-01-30 21:00:00-05:00,35.197149,2025-01-30 00:00:00-05:00,True,True,0.836168,2.000085,29.26,4995.612,2025-01-31 21:51:00,FM-15,7.8,6.1,89.0,4.6,False,False,False,False
29.73459,22,4,False,31.696859,36.43704420833333,2025-01-31 22:00:00-05:00,2025-02-01 03:00:00+00:00,51301,PSEG,PS,PS,USW00014734,PJM,PSEG,actual_metered,2025-01-30 11:00:00-05:00,2025-01-31 00:00:00-05:00,False,2025-01-30 22:00:00-05:00,31.696859,2025-01-30 00:00:00-05:00,True,True,0.940732,2.373858,26.42,4789.388,2025-01-31 22:51:00,FM-15,7.8,6.7,93.0,2.6,False,False,False,False
26.340497,23,4,False,29.57039,36.08065354166666,2025-01-31 23:00:00-05:00,2025-02-01 04:00:00+00:00,51301,PSEG,PS,PS,USW00014734,PJM,PSEG,actual_metered,2025-01-30 11:00:00-05:00,2025-01-31 00:00:00-05:00,False,2025-01-30 23:00:00-05:00,29.57039,2025-01-30 00:00:00-05:00,True,True,1.019999,0.440498,24.88,4551.486,2025-01-31 23:51:00,FM-15,7.8,6.1,89.0,4.1,False,False,False,False
